pref,city,img_url,edition,release_date,loc_name,address,phone,hours,stock_text,stock_url,lat,lng
埼玉県,日本下水道事業団,http://www.gk-p.jp/wp-content/uploads/mhc/00-101-A01.jpg,第17弾,2022/08/06,日本下水道事業団研修センター管理課,埼玉県戸田市下笹目5141,,【平日】10：00～12：00、13：00～16：00 【土日祝日】13：00～15：00 ただし、年末年始及びお盆期間は配布を行いません。 配布については、業務都合により急遽中止等の措置を講じる場合がありますのでお越しになる前に、必ず、JS公式ホームページの最新情報をご確認いただきますようお願いいたします,こちら からご確認ください,https://www.jswa.go.jp/company/50th-anniversary/manhole-card.html,35.811155,139.640666
大阪府,UR都市機構,http://www.gk-p.jp/wp-content/uploads/mhc/00-102-A-01.jpg,第18弾,2023/01/28,UR千里営業センター,大阪府豊中市新千里東町1丁目4番2号（千里ライフサイエンスセンタービル2階）,,9：30～18：00 ただし、水曜日、年末年始（12/29～1/3）はお休みです,こちら からご確認ください,https://karigurashi.net/journal/manhole-card/,34.811193,135.496102
東京都,UR都市機構(B001),http://www.gk-p.jp/wp-content/uploads/mhc/00-102-B-01.jpg,第27弾,2025/12/19,URまちとくらしのミュージアム,東京都北区赤羽台1-4-50,,10:00～17:00 ただし、水曜日・日曜日・祝日・年末年始・臨時休業日はお休みです,こちら からご確認ください,https://www.ur-net.go.jp/rd_portal/manhole/,35.776814,139.715871
北海道,札幌市（A001）,http://www.gk-p.jp/wp-content/uploads/mhc/01-100-A-01.jpg,第01弾,2016/04/01,札幌市下水道科学館,北海道札幌市北区麻生町8,,9:30～17:00（入館は16:30まで） ただし、月曜日（祝休日の場合は翌日）、年末年始はお休みです。その他休館日は左記HPよりご確認ください,こちら からご確認ください,http://www.city.sapporo.jp/gesui/manholecard.html,43.116999,141.342609
北海道,札幌市（B001）,http://www.gk-p.jp/wp-content/uploads/mhc/01-100-B-01.jpg,第09弾,2018/12/14,札幌市環境プラザ,北海道札幌市北区北8条西3丁目札幌エルプラザ2階,,9：00～18：00 ただし、年末年始（12/29～1/3）はお休みです その他、施設の点検等で休館する場合があります,こちら からご確認ください,http://www.city.sapporo.jp/gesui/manholecard.html,43.071197,141.349879
北海道,札幌市(C001),http://www.gk-p.jp/wp-content/uploads/mhc/01-100-C-01.jpg,第20弾,2023/07/28,大通公園観光案内所,北海道札幌市中央区大通西3丁目,,【5月～10月】9:30～17:30 【11月～4月】10:00～12:00、13:00～16:00 ただし、年末年始（12/29～1/3）はお休みです,こちら からご確認ください,https://www.city.sapporo.jp/gesui/manholecard.html,43.060819,141.352915
北海道,函館市,http://www.gk-p.jp/wp-content/uploads/mhc/01-202-A-01.jpg,第03弾,2016/12/01,函館市地域交流まちづくりセンター,北海道函館市末広町4-19,,9:00～21:00 ただし、年末年始（12/31～1/3）はお休みです また、器材点検のために月1回程度休館する場合があります,こちら からご確認ください,http://www.city.hakodate.hokkaido.jp/docs/2016111100025/,41.763724,140.716946
北海道,小樽市,http://www.gk-p.jp/wp-content/uploads/mhc/01-203-A-02.jpg,第06弾,2017/12/09,小樽市水道局本庁舎,北海道小樽市花園2-11-15,,9:00～17:00（年中無休）,こちら からご確認ください,https://www.city.otaru.lg.jp/docs/2020112200455/,43.191662,140.994093
北海道,旭川市(A001),http://www.gk-p.jp/wp-content/uploads/mhc/01-204-A-01.jpg,第04弾,2017/04/03,旭川市下水処理センターバナナ館,北海道旭川市神居町忠和287（旭川市下水処理センター2階）,,【5～10月】9:00～16:00にバナナ館を見学された方に配布します ただし、月曜日（月曜日が祝日・振替休日の場合はその翌日）、年末年始（12/30～1/4）はお休みです 【11～4月】8:45～17:15 ただし、土日、祝日、年末年始（12/30～1/4）はお休みです それぞれ配布窓口が異なるのでご注意ください,こちら からご確認ください,http://www.city.asahikawa.hokkaido.jp/kurashi/440/441/4429/d059082.html,43.780354,142.294064
北海道,旭川市(B001),http://www.gk-p.jp/wp-content/uploads/mhc/01-204-B-01.jpg,第23弾,2024/07/26,旭川観光物産情報センター,北海道旭川市宮下通8丁目3番1号（JR旭川駅東コンコース）,,【6月～9月】8：30～19：00 【10月～5月】9：00～19：00 ただし、年末年始（12月31日～1月2日）はお休みです,こちら からご確認ください,https://www.city.asahikawa.hokkaido.jp/kurashi/440/441/4429/d059082.html,43.762701,142.359467
北海道,室蘭市,http://www.gk-p.jp/wp-content/uploads/mhc/01-205-A-01.jpg,第08弾,2018/08/11,室蘭観光協会,北海道室蘭市海岸町1丁目5番1号,,【4～10月】8:00～19:00 【11～3月】8:00～17:00 ただし、1/1のみお休みです,こちら からご確認ください,https://www.city.muroran.lg.jp/life/?content=3147,42.322155,140.970185
北海道,釧路市(A001),http://www.gk-p.jp/wp-content/uploads/mhc/01-206-A-01.jpg,第07弾,2018/04/28,釧路市上下水道部 南大通庁舎経営企画課,北海道釧路市南大通2-1-121,,9:00～17:00（年中無休）,こちら からご確認ください,https://www.city.kushiro.lg.jp/kurashi/suidou/1004657/1014085.html,42.978676,144.383198
北海道,釧路市(B001),http://www.gk-p.jp/wp-content/uploads/mhc/01-206-B-01.jpg,第11弾,2019/12/14,阿寒湖まりむ館　観光インフォメーションセンター,北海道釧路市阿寒町阿寒湖温泉2丁目6-20,,9:00～17:20 ただし、年末年始(12月29日～1月3日)はお休みです,こちら からご確認ください,https://www.city.kushiro.lg.jp/kurashi/suidou/1004657/1014085.html,43.432780,144.095948
北海道,釧路市(C001),http://www.gk-p.jp/wp-content/uploads/mhc/01-206-C-01.jpg,第22弾,2024/04/26,ルート38 音別館 おんぽーと,北海道釧路市音別町本町1-51,,9：00～17：00 ただし、年末年始（12月31日～1月3日）はお休みです,こちら からご確認ください,https://www.city.kushiro.lg.jp/kurashi/suidou/1004657/1014085.html,42.889700,143.931299
北海道,帯広市,http://www.gk-p.jp/wp-content/uploads/mhc/01-207-A-01.jpg,第11弾,2019/12/14,とかち観光情報センター,北海道帯広市西2条南12丁目 エスタ帯広東館2階,,9:00～17:00 ただし、年末年始(12月29日～1月3日)はお休みです,0155-23-6403までお問い合わせください,,42.917603,143.202922
北海道,北見市（A001）,http://www.gk-p.jp/wp-content/uploads/mhc/01-208-A-01.jpg,第02弾,2016/08/01,北見市上下水道局給排水課窓口,北海道北見市中ノ島町1-4-1（北見市上下水道局庁舎内）,,【平日】8:45～17:30 【休日】9:00～17:00 ただし年末年始（12/29～1/3）は休日同様に配布致します ※休日は閉庁のため、庁舎正面の道を進んでいただき、職員専用玄関のインターホンでお呼び出しください,こちら からご確認ください,http://www.city.kitami.lg.jp/administration/life/detail.php?content=9605,43.811367,143.904514
北海道,北見市（B001）,http://www.gk-p.jp/wp-content/uploads/mhc/01-208-B-01.jpg,第10弾,2019/08/07,北見市上下水道局常呂上下水道課窓口（北見市役所常呂総合支所内）,北海道北見市常呂町字常呂323番地,,【平日】8：45～17：30 【休日】8：45～17：30 ※休日は閉庁のため、常呂総合支所正面玄関右横、階段下当直室にて配布します ※年末年始（12月29日～1月3日）は配布しておりません。,こちら からご確認ください,http://www.city.kitami.lg.jp/administration/life/detail.php?content=9605,44.120663,144.071211
北海道,留萌市,http://www.gk-p.jp/wp-content/uploads/mhc/01-212-A01.jpg,第13弾,2020/12/17,留萌プラザ2F　まちなか賑わい広場,留萌市開運町3丁目4番11号,,【水曜日以外】10:00〜18:00 ※年末年始(12/31～1/5)はお休みです 【水曜日】8:50〜17:20 ※年末年始(12/29〜1/3)はお休みです,こちら からご確認ください,https://www.e-rumoi.jp/suidou/page26_00039.html,43.938799,141.647015
北海道,苫小牧市,http://www.gk-p.jp/wp-content/uploads/mhc/01-213-A-01.jpg,第04弾,2017/04/03,苫小牧市役所上下水道部下水道課,北海道苫小牧市旭町4-5-6,（ふれんどビル1階）電話：0144-34-2000（問い合わせ先）苫小牧市役所 上下水道部 下水道課電話：0144-32-6592（平日8:45～17:15まで）,【平日】8:45～17:15 【休日】9:30～18:00 ただし、年末年始（12/29～1/3）はお休みです,こちら からご確認ください,http://www.city.tomakomai.hokkaido.jp/kurashi/jogesuido/sokatsu/card1.html,42.634097,141.605505
北海道,稚内市(A001),http://www.gk-p.jp/wp-content/uploads/mhc/01-214-A-01.jpg,第04弾,2017/04/03,稚内市役所建設産業部水道企業室水道施設課,北海道稚内市中央3丁目2番1号,,8：45～17：30,こちら からご確認ください,http://www.city.wakkanai.hokkaido.jp/kurashi/sumaisuido/gesui/mhcard.html,45.415655,141.673113
北海道,稚内市(B001),http://www.gk-p.jp/wp-content/uploads/mhc/01-214-B01.jpg,第17弾,2022/08/06,稚内副港市場 1階,稚内副港市場 1階,,【5月～12月】9:00～15:00 【1月～4月】9:00～14:30 ただし、年末年始（12/30～1/3）はお休みです,こちら からご確認ください,https://www.city.wakkanai.hokkaido.jp/kurashi/sumaisuido/gesui/mhcard.html,45.408419,141.676351
北海道,美唄市(A001),"http://www.gk-p.jp/wp-content/uploads/mhc/01-215-A-01.jpg
",第29弾,2026/07/31,美唄市役所,北海道美唄市西3条南1丁目1番1号,,8:45～17:15,こちら からご確認ください,https://www.city.bibai.hokkaido.jp/site/suidou/29785.html,43.332900,141.853794
北海道,芦別市,http://www.gk-p.jp/wp-content/uploads/mhc/01-216-A-01.jpg,第05弾,2017/08/01,芦別市観光物産センター（道の駅スタープラザ芦別内）,北海道芦別市北4条東1-1,,【4月、10月】9:00～18:00 【５月～9月】 9:00～19:00 【11月～3月】9:00～17:00 ただし、年末年始（12/31～1/3）はお休みです。 ※このほか閉館時間等が変更になる場合がありますので、あらかじめ、道の駅のホームページをご確認ください。,こちら からご確認ください,https://www.city.ashibetsu.hokkaido.jp/docs/5551.html,43.525179,142.189345
北海道,江別市(A001),http://www.gk-p.jp/wp-content/uploads/mhc/01-217-A-01.jpg,第05弾,2017/08/01,EBRI内 江別アンテナショップGET'S,北海道江別市東野幌町3-3,,10:00～19:00 ただし、年末年始はお休みです,011-385-1213までお問い合わせください,,43.095504,141.535222
北海道,江別市(B001),http://www.gk-p.jp/wp-content/uploads/mhc/01-217-B-01.jpg,第28弾,2026/04/24,江別市民活動センター・あい,江別市東野幌本町6-43,,【平日】9:00～21:00 【土日祝】9:00～18:00 ただし、年末年始（12/29～1/3）はお休みです,こちら からご確認ください,https://center-i.jp/,43.091273,141.529351
北海道,赤平市,http://www.gk-p.jp/wp-content/uploads/mhc/01-218-A01.jpg,第10弾,2019/08/07,情報発信基地 AKABIRAベース,北海道赤平市幌岡町54,（問い合わせ先）赤平市役所 上下水道課電話：0125-32-2218,【１〜４月】10:00〜17:00（火・水曜定休） 【５〜６月】10:00〜18:00（火曜定休） 【７〜９月】10:00〜18:00（無休） 【１０月】10:00〜17:00（火曜定休） 【１１〜１２月】10:00〜17:00（火・水曜定休）,こちら からご確認ください ※現在、配布を一時中止しています,https://www.city.akabira.hokkaido.jp/docs/2019080200024.html?cat=/kurashi/suido/,43.579571,142.037059
北海道,紋別市,http://www.gk-p.jp/wp-content/uploads/mhc/01-219-A-01.jpg,第03弾,2016/12/01,紋別市役所 水道部事業課 下水道施設係,北海道紋別市幸町2-1-18,,8:45～17:30,こちら からご確認ください,https://mombetsu.jp/life/?content=2384,44.356548,143.354223
北海道,士別市,http://www.gk-p.jp/wp-content/uploads/mhc/01-220-A-01.jpg,第23弾,2024/07/26,道の駅「羊のまち　侍・しべつ」,北海道士別市大通東5丁目440番地23,,【5月～10月】9：00～18：00 【11月～4月】10：00～17：00 ただし、年末年始（12月31日～1月3日）はお休みです,こちら からご確認ください,https://www.city.shibetsu.lg.jp/soshikikarasagasu/jogesuidokyoku/seibikakari/5634.html,44.176124,142.392582
北海道,名寄市(A001),http://www.gk-p.jp/wp-content/uploads/mhc/01-221-A-01.jpg,第10弾,2019/08/07,道の駅「もち米の里☆なよろ」,北海道名寄市風連町西町334番地1,,9:00～18:00 ただし、元日（1/1）はお休みです。,こちら からご確認ください,http://www.city.nayoro.lg.jp/section/suidou/prkeql0000020lqo.html,44.287419,142.413772
北海道,名寄市(B001),http://www.gk-p.jp/wp-content/uploads/mhc/01-221-B-01.jpg,第12弾,2020/04/25,なよろ観光まちづくり協会（駅前交流プラザ「よろーな」内）,北海道名寄市東1条南7丁目1番地10,,【平日】9:00～17:00 【土日祝日】9:00～17:00 ただし、年末年始はお休みです また各種イベント・行事等により臨時休業する場合があります。,こちら からご確認ください,http://www.city.nayoro.lg.jp/section/suidou/prkeql0000027w8z.html,44.348913,142.464396
北海道,千歳市,http://www.gk-p.jp/wp-content/uploads/mhc/01-224-A-01.jpg,第18弾,2023/01/28,千歳市水道局庁舎2F経営管理課総務係窓口,北海道千歳市東雲町3丁目2番地5,,9:00～17:00,こちら からご確認ください,https://www.city.chitose.lg.jp/docs/28386.html?cat=%2F95%2F95_170%2F95_170_938%2F,42.821704,141.651867
北海道,滝川市,http://www.gk-p.jp/wp-content/uploads/mhc/01-225-A-01.jpg,第11弾,2019/12/14,たきかわ観光国際スクエア,北海道滝川市栄町4丁目9−1,,9：00～17：00 ただし、年末年始（12/29～1/3）はお休みです,こちら からご確認ください,https://www.city.takikawa.lg.jp/page/2703.html,43.556087,141.901859
北海道,砂川市,http://www.gk-p.jp/wp-content/uploads/mhc/01-226-A-01.jpg,第08弾,2018/08/11,砂川市まちなか交流施設「すないる」,北海道砂川市西1条北2丁目1番20号,,8:30～19:00,こちら からご確認ください,http://www.city.sunagawa.hokkaido.jp/seikatsu_kurashi/suidou_gesuidou/2018-0719-1627-50.html,43.494848,141.903470
北海道,深川市,http://www.gk-p.jp/wp-content/uploads/mhc/01-228-A01.jpg,第16弾,2022/01/15,道の駅ライスランドふかがわ １階総合案内所,北海道深川市音江町字広里59番7,,10:00～16:00 ただし、年末年始（12/31～1/2）はお休みです,こちら からご確認ください,https://www.city.fukagawa.lg.jp/cms/section/jogesuid/qnv6ca0000000fkv.html,43.699553,142.070594
北海道,富良野市,http://www.gk-p.jp/wp-content/uploads/mhc/01-229-A-01.jpg,第11弾,2019/12/14,【休日】富良野市役所1階 総合窓口,北海道富良野市弥生町1番1号,,9:00〜17:00,こちら からご確認ください,http://www.city.furano.hokkaido.jp/docs/2019111900022/,43.342227,142.383304
北海道,富良野市(B001),http://www.gk-p.jp/wp-content/uploads/mhc/01-229-B-01,第29弾,2026/07/31,富良野チーズ工房,北海道富良野市中五区,,【4月1日～10月31日】9:00～17:00 【11月1日～3月31日】9:00～16:00 ただし、12/31～1/3、1月～2月は毎週月曜日はお休みです。11月は第2週に機械整備で休業予定です。,こちら からご確認ください,https://www.city.furano.hokkaido.jp/life/docs/2098100.html,43.320638,142.377109
北海道,登別市,http://www.gk-p.jp/wp-content/uploads/mhc/01-230-A-01.jpg,第08弾,2018/08/11,登別市役所都市整備部 下水道グループ,北海道登別市中央町6丁目11番地,,9:00～17:30 ただし、年末年始はお休みです,こちら からご確認ください,https://www.city.noboribetsu.lg.jp/docs/2020040800031/,42.413282,141.106154
北海道,恵庭市(A001),http://www.gk-p.jp/wp-content/uploads/mhc/01-231-A-01.jpg,第05弾,2017/08/01,道と川の駅 花ロードえにわ,北海道恵庭市南島松817-18,,【4～10月】9:00～18:00 【11～3月】9:00～17:00 ただし、年末年始（12/31～1/2）と、清掃日（12月のうち1日）はお休みです,こちら からご確認ください,https://www.hanaroadeniwa.jp/,42.897155,141.585807
北海道,恵庭市(B001),http://www.gk-p.jp/wp-content/uploads/mhc/01-231-B-01.jpg,第13弾,2020/12/17,花の拠点(はなふる)　センターハウス,北海道恵庭市南島松828-3,,,配布終了 （問合せ先） 恵庭市水道部下水道課 電話：0123-33-3127,,42.897791,141.587835
北海道,恵庭市(C001),http://www.gk-p.jp/wp-content/uploads/mhc/01-231-C-01.jpg,第21弾,2023/12/15,花の拠点（はなふる）「センターハウス」,北海道恵庭市南島松828-3,,9：00～17：00 ただし、年末年始（12月27日～1月4日）はお休みです,こちら からご確認ください,https://suido.city.eniwa.hokkaido.jp/business/sewer/manhole-card.html,42.897630,141.585802
北海道,北広島市(A001),http://www.gk-p.jp/wp-content/uploads/mhc/01-234-A-01.jpg,第06弾,2017/12/09,エルフィンパーク市民サービスコーナー,北海道北広島市中央6-209,,9:00～17:00 ただし年末年始・特定日はお休みです。,こちら からご確認ください,https://www.city.kitahiroshima.hokkaido.jp/hotnews/detail/00128529.html,42.979070,141.563260
北海道,北広島市(B001),http://www.gk-p.jp/wp-content/uploads/mhc/01-234-B-01.jpg,第21弾,2023/12/15,HUB HOKKAIDO SELECT SHOP,北海道北広島市Fビレッジ1番地 THELODGE2階,,【3月～10月】10：00～19：00 【11月～2月】10：00～18：00 ※令和6〜7年は12/30日〜1/1は10:00～17：00となります ※令和7年は、1/6(月)～8日(水)、および１〜２月は1/8以降の毎週水曜日は休業日です ※営業時間、休業日については、変更となる場合がありますので、 HOKKAIDO BALL PARK FVILLAGE の公式サイトでご確認ください,こちら からご確認ください,https://www.city.kitahiroshima.hokkaido.jp/hotnews/detail/00128529.html,42.988841,141.549359
北海道,石狩市(A001),http://www.gk-p.jp/wp-content/uploads/mhc/01-235-A-01.jpg,第06弾,2017/12/09,道の駅石狩 あいろーど厚田,北海道石狩市厚田区厚田98-2,,【4月から5月】9:30から18:00まで 【6月から8月】9:30から19:00分まで 【9月から10月】9:30から18:00分まで 【11月から3月】10:00から16:00まで ※年末年始【12月31日から1月3日】は配布をお休みします。,こちら からご確認ください,http://www.city.ishikari.hokkaido.jp/soshiki/gesui/37619.html,43.404168,141.431365
北海道,石狩市(B001),http://www.gk-p.jp/wp-content/uploads/mhc/01-235-B-01.jpg,第25弾,2025/04/25,石狩市観光センター「ゆめぽーと」,北海道石狩市親船町107番地,,【4月～10月】8:45～18:00 【11月～3月】8:45～17:15 ただし、年末年始(12月29日～1月3日)はお休みです,こちら からご確認ください,https://www.city.ishikari.hokkaido.jp/kurashi/suido/1005214/1005685/1002720.html,43.243730,141.351131
北海道,北斗市,http://www.gk-p.jp/wp-content/uploads/mhc/01-236-A-01.jpg,第08弾,2018/08/11,北斗市観光交流センター内 北斗市観光案内所（1階）,北斗市観光交流センター内 北斗市観光案内所（1階）,,9:00～18:00 ただし、年末年始（12/31～1/3）は9：00～15：00,こちら からご確認ください,https://www.city.hokuto.hokkaido.jp/docs/3413.html,41.904422,140.648299
北海道,当別町,http://www.gk-p.jp/wp-content/uploads/mhc/01-303-A-01.jpg,第10弾,2019/08/07,北欧の風 道の駅とうべつ,石狩郡当別町当別太774番地11,,【1月～2月】10：00～16：00 ただし、水曜日、年末年始（1/1～1/2）はお休みです。 【3月～12月】9：00～17：00 ただし、年末年始（12/30～12/31）はお休みです。,こちら からご確認ください,http://www.town.tobetsu.hokkaido.jp/soshiki/suidou/22498.html,43.176998,141.448337
北海道,木古内町,http://www.gk-p.jp/wp-content/uploads/mhc/01-334-A-01.jpg,第02弾,2016/08/01,道の駅みそぎの郷 きこない 観光案内所,北海道上磯郡木古内町字本町338-14,,9:00～18:00 ただし年末年始はお休みです,01392-2-3161までお問い合わせください,,41.677903,140.435414
北海道,上ノ国町,http://www.gk-p.jp/wp-content/uploads/mhc/01-362-A-01.jpg,第13弾,2020/12/17,道の駅上ノ国もんじゅ,北海道檜山郡上ノ国町字原歌3番地,,9：00～17：00 ただし、12月31日～1月5日はお休みです,こちら からご確認ください,https://www.kaminokuni.com/others/mhcard/,41.808434,140.094989
北海道,岩内町,http://www.gk-p.jp/wp-content/uploads/mhc/01-402-A-01.jpg,第06弾,2017/12/09,道の駅いわない ガイドセンター たら丸館,北海道岩内郡岩内町字万代47-4,,【4～10月】9:00～18:00 【11～3月】9:00～17:30 ただし、以下は休館日のため配布はお休みです 月曜日（11/1～4/20まで）※月曜日が祝日の場合はその翌日 年末年始（12/31～1/5）,こちら からご確認ください,http://www.town.iwanai.hokkaido.jp/?page_id=372,42.983438,140.516783
北海道,古平町,http://www.gk-p.jp/wp-content/uploads/mhc/01-406-A-01.jpg,第10弾,2019/08/07,古平町総合施設「かなえーる」（古平町役場内）,北海道古平郡古平町大字浜町50番地,,8:45～17:30,0135-42-2181までお問い合わせください,,43.265400,140.638842
北海道,奈井江町,http://www.gk-p.jp/wp-content/uploads/mhc/01-424-A-01.jpg.,第06弾,2017/12/09,奈井江町交流プラザみなクル,北海道空知郡奈井江町字奈井江町74番地,,9:00～18:00,こちら からご確認ください,https://www.town.naie.hokkaido.jp/kurashi/suidou/startmanhole/,43.425238,141.888747
北海道,東神楽町,http://www.gk-p.jp/wp-content/uploads/mhc/01-453-A-01.jpg,第11弾,2019/12/14,東神楽町役場建設水道課,北海道上川郡東神楽町南１条西１丁目３番２号,,【平日】8：30～17：15 【休日】8：30～17：15,0166-83-5414までお問い合わせください,,43.696632,142.451467
北海道,当麻町,http://www.gk-p.jp/wp-content/uploads/mhc/01-454-A-01.jpg,第18弾,2023/01/28,当麻町郷土資料館ここから,北海道上川郡当麻町4条南3丁目1番41号,,【火曜日以外】10：00～19：00 ※年末年始（12/29～1/5）はお休みです 【火曜日】8：30～17：15 ※年末年始（12/29～1/5）はお休みです,こちら からご確認ください,http://www.town.tohma.hokkaido.jp/all-about/04/01/1812,43.825951,142.512908
北海道,上富良野町,http://www.gk-p.jp/wp-content/uploads/mhc/01-460-A-01.jpg,第15弾,2021/08/17,上富良野町役場建設水道課,北海道空知郡上富良野町大町2丁目2番11号,,8：30～17：15 ただし、年末年始（12月31日～1月5日)はお休みです,こちら からご確認ください,https://www.town.kamifurano.hokkaido.jp/index.php?id=3390,43.455642,142.467077
北海道,南富良野町,http://www.gk-p.jp/wp-content/uploads/mhc/01-462-A-01.jpg,第12弾,2020/04/25,南富良野浄化センター,南富良野町字幾寅505番地5,,【平日】 8:30～17:15 【土曜】 9:00～17:00 【日曜】13:00～17:00,こちら からご確認ください,https://www.town.minamifurano.hokkaido.jp/%e5%a4%a7%e5%a5%bd%e8%a9%95%ef%bc%81%e5%8d%97%e5%af%8c%e8%89%af%e9%87%8e%e7%94%ba%e3%81%ae%e3%83%9e%e3%83%b3%e3%83%9b%e3%83%bc%e3%83%ab%e3%82%ab%e3%83%bc%e3%83%89%e9%85%8d%e5%b8%83%e3%81%ab%e3%81%a4/,43.163088,142.568891
北海道,和寒町,http://www.gk-p.jp/wp-content/uploads/mhc/01-464-A-01.jpg,第05弾,2017/08/01,和寒町役場 産業振興課,北海道上川郡和寒町字西町120,,【和寒町役場】8:30～17:15（年中無休） ただし、災害時など緊急の場合は除きます 【わっさむ町食と観光情報案内所】9:00～17:00 ただし、毎週月曜日及び年末年始はお休みです（役場で配布しております）,0165-32-6810までお問い合わせください,,44.023071,142.413312
北海道,剣淵町,http://www.gk-p.jp/wp-content/uploads/mhc/01-465-A-01.jpg,第05弾,2017/08/01,絵本の館,北海道上川郡剣淵町緑町15-3,,10:00～17:00 ただし、イベント等により水曜日も開館している場合があります ※年末年始（12/30～1/4）はお休みです,0165-26-9024までお問い合わせください,,44.099800,142.358404
北海道,天塩町(A001),http://www.gk-p.jp/wp-content/uploads/mhc/01-487-A-01.jpg,第09弾,2018/12/14,天塩町ファミリースポーツセンター,北海道天塩郡天塩町字川口5702番地の1,,10:00～17:00,こちら からご確認ください,http://www.teshiotown.hokkaido.jp/?page_id=17381l,44.884875,141.751004
北海道,天塩町(B001),http://www.gk-p.jp/wp-content/uploads/mhc/01-487-B01.jpg,第17弾,2022/08/06,天塩町役場建設課(２F),天塩町役場建設課(２F),,【平日】9:00～17:00 【土・日・祝】10:00～17:00 ただし、年末年始はお休みです。,こちら からご確認ください,http://www.teshiotown.hokkaido.jp/?p=20872,44.888285,141.745144
北海道,天塩町(C001),http://www.gk-p.jp/wp-content/uploads/mhc/01-487-C-01.jpg,第22弾,2024/04/26,てしお温泉「夕映」,北海道天塩郡天塩町サラキシ5807番地4,,【平日】11：00～17：00 【土・日・祝】10：00～17：00 ただし、年末年始（12/31～1/5）はお休みです 温泉清掃などによる休館日がありますので、 ホームページ をご確認ください,こちら からご確認ください,https://www.teshiotown.hokkaido.jp/?p=22908,44.876721,141.744143
北海道,豊富町(A001),http://www.gk-p.jp/wp-content/uploads/mhc/01-516-A-01.jpg,第08弾,2018/08/11,豊富町役場 建設課 上下水道係窓口,北海道天塩郡豊富町字豊富大通6丁目,,9:00～17:00 ※12時～13時のお昼休み、年末年始は配布致しません。,こちら からご確認ください,http://www.town.toyotomi.hokkaido.jp/section/kensetuka/lepd6s0000007wkm.html,45.102904,141.777351
北海道,豊富町(B001),http://www.gk-p.jp/wp-content/uploads/mhc/01-516-B-01.jpg,第12弾,2020/04/25,湯の杜ぽっけ,北海道天塩郡豊富町字温泉,,9:00～17:00 ※12時～13時のお昼休み、年末年始は配布致しません。 ※11月～3月の休館日（月曜日、月曜日が祝日の場合は翌日）は、豊富町役場建設課上下水道係にて配布します 年末年始はお休みです,こちら からご確認ください,https://www.town.toyotomi.hokkaido.jp/section/kensetuka/lepd6s0000007wkm.html,45.074219,141.838468
北海道,豊富町(C001),http://www.gk-p.jp/wp-content/uploads/mhc/01-516-C-01.jpg,第14弾,2021/04/25,豊富町定住支援センター（ふらっと★きた）,北海道天塩郡豊富町字豊富東1条6丁目,,9時～17時 ※12時～13時のお昼休み、年末年始は配布致しません。,こちら からご確認ください,https://www.town.toyotomi.hokkaido.jp/section/kensetuka/lepd6s0000007wkm.html,45.103008,141.778694
北海道,豊富町(D001),http://www.gk-p.jp/wp-content/uploads/mhc/01-516-D01.jpg,第17弾,2022/08/06,豊富町観光情報センター,北海道天塩郡豊富町字豊富駅前通（JR豊富駅となり）,,9:00～17:00(12：00～13：00を除く) ※12時～13時のお昼休み、年末年始は配布致しません。,こちら からご確認ください,https://www.town.toyotomi.hokkaido.jp/section/kensetuka/lepd6s0000007wkm.html,45.104680,141.772389
北海道,利尻町,http://www.gk-p.jp/wp-content/uploads/mhc/01-518-A-01.jpg,第12弾,2020/04/25,利尻町役場,北海道利尻郡利尻町沓形字緑町14番地1,,【平日】9:00～17:00 【休日】9:00～12:00 ただし、年末年始（12/31～1/5）はお休みです,こちら からご確認ください,https://rishiri-town.jp/%e8%a6%b3%e5%85%89%e3%83%bb%e3%82%a4%e3%83%99%e3%83%b3%e3%83%88/%e3%83%9e%e3%83%b3%e3%83%9b%e3%83%bc%e3%83%ab%e3%82%ab%e3%83%bc%e3%83%89%e3%81%ae%e9%85%8d%e5%b8%83/,45.187074,141.139638
北海道,幌延町(A001),http://www.gk-p.jp/wp-content/uploads/mhc/01-520-A-01.jpg,第28弾,2026/04/24,ホロカル,北海道天塩郡幌延町1条北1丁目28番地（幌延駅構内）,,【木曜日以外】9:00～16:00 ただし、お昼休み（13:00～13:50）はお休みです 【木曜日】9:00～16:00 ただし、お昼休み(12：00～13：00）はお休みです,幌延町役場産業建設課（01632-5-1116）にご連絡ください,,45.014531,141.846148
北海道,斜里町,http://www.gk-p.jp/wp-content/uploads/mhc/01-545-A01.jpg,第17弾,2022/08/06,道の駅 うとろ・シリエトク,北海道斜里郡斜里町ウトロ西186-8,,9：00～17：00 ただし、年末年始(12/29～1/3)はお休みです ※道の駅 うとろ・シリエトクの営業時間に準じます。 ※閉館時間が変わることがありますので道の駅HPをご確認ください,こちら からご確認ください ※現在、配布を一時中止しています,https://www.town.shari.hokkaido.jp/soshikikarasagasu/suidoka/3457.html,44.069034,144.990695
北海道,遠軽町,http://www.gk-p.jp/wp-content/uploads/mhc/01-555-A-01.jpg,第23弾,2024/07/26,遠軽町芸術文化交流プラザ-メトロプラザ,北海道紋別郡遠軽町岩見通南１丁目１－２,,9：00～17：00 ※12時～13時のお昼休み、配布場所が休館している場合は配布しておりません,こちら からご確認ください,https://www.engaru.jp/life/page.php?id=1242,44.058977,143.520544
北海道,滝上町,http://www.gk-p.jp/wp-content/uploads/mhc/01-560-A-01.jpg,第22弾,2024/04/26,道の駅香りの里たきのうえ,北海道紋別郡滝上町旭町,,9：00～17：30 ただし、年末年始（12月30日～1月3日）、9月30日、3月31日はお休みです,こちら からご確認ください,https://town.takinoue.hokkaido.jp/chosei/oshirase/202441.html,44.197031,143.090750
北海道,雄武町,http://www.gk-p.jp/wp-content/uploads/mhc/01-563-A-01.jpg,第18弾,2023/01/28,道の駅おうむ,紋別郡雄武町雄武1885番地14,,9:00～17:00,こちら からご確認ください,https://www.town.oumu.hokkaido.jp/soshiki/kensetusuido/jogesuido/2325.html,44.583095,142.960398
北海道,安平町,http://www.gk-p.jp/wp-content/uploads/mhc/01-585-A-01.jpg,第14弾,2021/04/25,道の駅あびらＤ５１ステーション,北海道勇払郡安平町追分柏が丘49-1,,夏期(4月～10月) 9：00～18：00 冬期(11月～3月) 9：00～17：00 ただし、年末年始（12/31～1/3）はお休みです ※このほか臨時休館になる場合がありますので、あらかじめ道の駅ホームページをご確認のうえご来館ください,こちら からご確認ください,https://www.town.abira.lg.jp/chiikishinko/manhole,42.875840,141.818689
北海道,浦河町,http://www.gk-p.jp/wp-content/uploads/mhc/01-607-A-01.jpg,第10弾,2019/08/07,浦河町役場 上下水道課,北海道浦河郡浦河町築地1丁目3番1号,,【平日、休日】9：00～17：15,こちら からご確認ください,https://www.town.urakawa.hokkaido.jp/gyosei/life/?content=576,42.168455,142.768226
北海道,音更町,http://www.gk-p.jp/wp-content/uploads/mhc/01-631-A-01.jpg,第11弾,2019/12/14,ガーデンスパ十勝川温泉,河東郡音更町十勝川温泉北14丁目1,,9:00〜17:00,こちら からご確認ください,https://www.town.otofuke.hokkaido.jp/kurashi/suido/sonota/mannnho-ruka-do.html,42.933436,143.300833
北海道,上士幌町,http://www.gk-p.jp/wp-content/uploads/mhc/01-633-A-01.jpg,第27弾,2025/12/19,上士幌町役場建設課,北海道河東郡上士幌町字上士幌東3線238番地,,【平日】8:45～17:00 ただし、休日及び年始年末はお休みです 【土日祝日】9:00～17:00(夏季は9:00～18:00) ただし、年末年始はお休みです,こちら からご確認ください,https://www.kamishihoro.jp/page/00000060,43.232694,143.295609
北海道,鹿追町(A001),http://www.gk-p.jp/wp-content/uploads/mhc/01-634-A-01.jpg,第29弾,2026/07/31,鹿追町観光インフォメーションデスク,北海道河東郡鹿追町東町1丁目9,,①【4月～10月】9:00～17:00、【11月～3月】10:00～16:00 ②8:30～17:15 ①、②ともに、年末年始はお休みです,令和8年8月23日より配布を開始します こちら からご確認ください,https://www.town.shikaoi.lg.jp/sightseeing/shikaoi_futamasu/,43.098140,142.988361
北海道,新得町(A001),http://www.gk-p.jp/wp-content/uploads/mhc/01-635-A-01.jpg,第25弾,2025/04/25,新得町役場施設課窓口,北海道上川郡新得町3条南4丁目26番地,,8:30～17:15,こちら からご確認ください,https://www.shintoku-town.jp/kurashi-tetuduki/jyougesuidou/manholcard/,43.079771,142.838843
北海道,新得町(B001),http://www.gk-p.jp/wp-content/uploads/mhc/01-635-B-01.jpg,第28弾,2026/04/24,新得駅前地域交流センターとくとく 1F 総合案内所,北海道上川郡新得町本通南1丁目21番地22,,9:00～19:00,こちら からご確認ください,https://shintoku-town.jp/kurashi-tetuduki/jyougesuidou/manholcard/,43.081826,142.832822
北海道,足寄町(A001),http://www.gk-p.jp/wp-content/uploads/mhc/01-647-A-01.jpg,第10弾,2019/08/07,足寄下水終末処理場,北海道足寄郡足寄町共栄町120-5,,【平日】　9：00～17：00 【土日祝日】　8：35～17：05 ただし、年末年始（12月29日～1月3日）はお休みです,こちら からご確認ください,https://www.town.ashoro.hokkaido.jp/kurashi/kurashi-tetsuzuki/jogesuido/index.html,43.233327,143.559158
北海道,足寄町(B001),http://www.gk-p.jp/wp-content/uploads/mhc/01-647-B-01.jpg,第18弾,2023/01/28,足寄町役場２階建設課上下水道室,北海道足寄郡足寄町北1条4丁目48番地1,,【平日】8:35～17:05 【土日祝日】8:35～17:05 ただし、年末年始（12月29日～1月3日）はお休みです,こちら からご確認ください,https://www.town.ashoro.hokkaido.jp/kurashi/kurashi-tetsuzuki/jogesuido/page_7.html,43.244846,143.553897
北海道,陸別町,http://www.gk-p.jp/wp-content/uploads/mhc/01-648-A-01.jpg,第07弾,2018/04/28,陸別町役場 建設課,北海道足寄郡陸別町字陸別東1条3-1,,9:00～17:00 平日・休日ともに12:00～13:00は除く,こちら からご確認ください,https://www.rikubetsu.jp/kurashi/suido/mannho-ruka-do/,43.468981,143.747244
北海道,別海町,"http://www.gk-p.jp/wp-content/uploads/mhc/01-691-A-01.jpg
",第11弾,2019/12/14,別海町役場建設水道部上下水道課,北海道野付郡別海町別海常盤町280番地,,午前8時45分～午後5時30分,こちら からご確認ください,https://betsukai.jp/kurashi/water/gesuidou/,43.393791,145.117546
北海道,標津町(A001),http://www.gk-p.jp/wp-content/uploads/mhc/01-693-A-01.jpg,第29弾,2026/07/31,生涯学習センターあすぱる,北海道標津郡標津町南1条西5丁目5-3,,9:00～17:30 ただし、年末年始（12/31～1/5）はお休みです,こちら からご確認ください,https://www.shibetsutown.jp/life/?content=1111,43.657835,145.120871
青森県,青森市,http://www.gk-p.jp/wp-content/uploads/mhc/02-201-A-01.jpg,第05弾,2017/08/01,「道の駅」浅虫温泉 ゆ～さ浅虫,青森県青森市大字浅虫字螢谷341-19,,4月～11月 9：00～19：00 12月～3月 9：00～18：00 （年中無休）,こちら からご確認ください,https://www.city.aomori.aomori.jp/suido/gesuidou/1001920.html,40.828704,140.735229
青森県,弘前市,http://www.gk-p.jp/wp-content/uploads/mhc/02-202-A-01.jpg,第09弾,2018/12/14,弘前市緑の相談所,青森県弘前市下白銀町1-1,,9:00～17:00 ただし、11/24～3/31の月曜日（月曜日が祝日の場合は開館）、祝日の翌日、年末年始(12/29～1/3)はお休みです。,こちら からご確認ください,http://www.city.hirosaki.aomori.jp/kurashi/suidou/topics/manholecard.html,40.609515,140.467422
青森県,五所川原市,http://www.gk-p.jp/wp-content/uploads/mhc/02-205-A-01.jpg,第11弾,2019/12/14,立佞武多の館,青森県五所川原市大町506-10,,【4月～9月】9:00～19:00 【10月～3月】9:00～17:00,こちら からご確認ください,http://www.city.goshogawara.lg.jp/kurashi/machi/gesui/manholecard.html,40.810926,140.443223
青森県,十和田市,http://www.gk-p.jp/wp-content/uploads/mhc/02-206-A-01.jpg,第09弾,2018/12/14,十和田市観光物産センター,青森県十和田市稲生町15-3（アートステーショントワダ内）,,9:00～19:00 ただし、1/1はお休みです,こちら からご確認ください,https://www.city.towada.lg.jp/kurashi/seikatsu/suidou/manholecard.html,40.614923,141.213018
青森県,三沢市,http://www.gk-p.jp/wp-content/uploads/mhc/02-207-A-01.jpg,第11弾,2019/12/05,SkyPlazaMISAWA（スカイプラザミサワ）,青森県三沢市中央町２丁目8-34,,10:00〜19:00 休業日につきましては、スカイプラザミサワまでお問い合わせください,こちら からご確認ください,"https://www.city.misawa.lg.jp/index.cfm/22,34833,75,html",40.685465,141.365286
青森県,むつ市,http://www.gk-p.jp/wp-content/uploads/mhc/02-208-A-01.jpg,第23弾,2024/07/26,北の防人大湊 安渡館,青森県むつ市桜木町3番1号,,10：00～20：00 ただし、12月31日、1月1日はお休みです,こちら からご確認ください,https://www.city.mutsu.lg.jp/kurashi/suidou/gesuidou/2024-0702-2119-128.html,41.256574,141.139131
青森県,平川市(A001),http://www.gk-p.jp/wp-content/uploads/mhc/02-210-A-01.jpg,第29弾,2026/07/31,平川市ふるさとセンター,青森県平川市猿賀石林94,,9:00～17:00 ただし、年末年始はお休みです,こちら からご確認ください,https://www.city.hirakawa.lg.jp/kurashi/suidou/gesuidou/colormanhole.html,40.615625,140.564713
青森県,三戸町,http://www.gk-p.jp/wp-content/uploads/mhc/02-441-A01.jpg,第17弾,2022/08/06,三戸町役場建設課,青森県三戸郡三戸町大字在府小路町43,,【平日】8：15～17：00 【土日祝日】9:00～18:00（夏・冬期間変更あり） ただし、年末年始はお休みです,こちら からご確認ください,https://www.town.sannohe.aomori.jp/kanko_miryoku/11pikinoneko/3713.html,40.378132,141.258451
青森県,南部町(A001),http://www.gk-p.jp/wp-content/uploads/mhc/02-445-A-01.jpg,第21弾,2023/12/15,南部公民館,青森県三戸郡南部町大字沖田面字沖中51番地２,,9：00～21：00 ただし、毎月第3日曜日、国民の祝日、年末年始(12月29日から翌年の1月3日まで)はお休みです 【休館日】 9：00～21：00 ただし、年末年始(12月29日から翌年の1月3日まで)はお休みです,こちら からご確認ください,https://www.town.aomori-nanbu.lg.jp/page/2052.html,40.419939,141.330087
青森県,南部町(B001),http://www.gk-p.jp/wp-content/uploads/mhc/02-445-B-01.jpg,第25弾,2025/04/25,南部町いちょうホール,青森県三戸郡南部町大字平字広場28番地1,,9：00～21：00 ただし、年末年始(12月29日から翌年の1月3日まで)はお休みです,こちら からご確認ください,https://www.town.aomori-nanbu.lg.jp/page/2052.html,40.421024,141.330648
岩手県,岩手県（流域下水道）,http://www.gk-p.jp/wp-content/uploads/mhc/03-000-A-02.jpg,第10弾,2019/08/07,いわて・盛岡広域観光センター,岩手県盛岡市盛岡駅前通1-48　盛岡駅舎２階,,9：00～17：30 ただし、年末年始（12/30～1/3）の配布は行いません,こちら からご確認ください,https://www.pref.iwate.jp/kendozukuri/toshigesui/gesui/1036130/1022445.html,39.701461,141.136726
岩手県,盛岡市(A001),http://www.gk-p.jp/wp-content/uploads/mhc/03-201-A-01.jpg,第12弾,2020/04/25,もりおか歴史文化館,岩手県盛岡市内丸1-50,,【4月～10月】9:00～19:00 【11月～3月】9:00～18:00 ただし、休館日（毎月第3火曜日（祝・休日の場合は翌日）/年末年始（12/31～1/1）の配布は行いません 臨時休館する場合があるので、ホームページ等でご確認ください,こちら からご確認ください,https://www.morioka-water.jp/various/manhole.html,39.701020,141.152592
岩手県,盛岡市(B001),http://www.gk-p.jp/wp-content/uploads/mhc/03-201-B-01.jpg,第23弾,2024/07/26,パルクアベニュー・カワトク,岩手県盛岡市菜園一丁目10-1,,10:00～19:00(年末年始は異なります) ただし、１月１日と年数回のお休みがあります,こちら からご確認ください,https://www.morioka-water.jp/various/manhole.html,39.700877,141.146917
岩手県,盛岡市(C001),http://www.gk-p.jp/wp-content/uploads/mhc/03-201-C-01.jpg,第28弾,2026/04/24,もりおか歴史文化館,岩手県盛岡市内丸1-50,,【4月～10月】9:00～19:00 【11月～3月】9:00～18:00 ただし、休館日（毎月第3火曜日（祝・休日の場合は翌日）/年末年始（12/31～1/1）の配布は行いません 臨時休館する場合があるので、ホームページ等でご確認ください,こちら からご確認ください,https://www.morioka-water.jp/various/manhole.html,39.701035,141.152616
岩手県,宮古市(A001),http://www.gk-p.jp/wp-content/uploads/mhc/03-202-A-01.jpg,第13弾,2020/12/17,道の駅・みなとオアシスみやこ,岩手県宮古市臨港通1-20,,9:00～17:00 ただし、年末年始はお休みです,こちら からご確認ください,https://www.city.miyako.iwate.jp/gyosei/soshiki/shisetsu/2/3/index.html,39.638959,141.970148
岩手県,宮古市(B001),http://www.gk-p.jp/wp-content/uploads/mhc/03-202-B-01.jpg,第15弾,2021/08/17,道の駅たろう　たろう潮里ステーション,岩手県宮古市田老二丁目5－1,,9:00～17:00,こちら からご確認ください,https://www.city.miyako.iwate.jp/gyosei/soshiki/shisetsu/2/3/index.html,39.737649,141.971481
岩手県,宮古市(C001),http://www.gk-p.jp/wp-content/uploads/mhc/03-202-C-01.jpg,第27弾,2025/12/19,ひきめの里直売所,岩手県宮古市蟇目13-3-1,,9:00～16:00 ただし、火曜日はお休みです,こちら からご確認ください,https://www.city.miyako.iwate.jp/gyosei/soshiki/shisetsu/2/3/index.html,39.627122,141.838505
岩手県,花巻市（A001）,http://www.gk-p.jp/wp-content/uploads/mhc/03-205-A-01.jpg,第03弾,2016/12/01,花巻市役所 建設部 下水道課,岩手県花巻市花城町9-30（市役所新館2階）,,【平日】9:00～16:30 【休日】9:00～17:00 ただし、年末年始（12/29～1/3）はお休みです,こちら からご確認ください,https://www.city.hanamaki.iwate.jp/kurashi/suidou/1019833/1001196/1012397.html,39.388789,141.117642
岩手県,花巻市（B001）,http://www.gk-p.jp/wp-content/uploads/mhc/03-205-B-01.jpg,第08弾,2018/08/11,花巻市役所石鳥谷総合支所,岩手県花巻市石鳥谷町八幡4-161,,【平日】9:00～16:30 【休日】9:00～17:00 ただし、12/29～1/3はお休みです,こちら からご確認ください,https://www.city.hanamaki.iwate.jp/kurashi/suidou/1019833/1001196/1012397.html,39.484184,141.147011
岩手県,花巻市（C001）,http://www.gk-p.jp/wp-content/uploads/mhc/03-205-C-01.jpg,第09弾,2018/12/14,花巻市役所大迫総合支所,花巻市大迫町大迫2-51-4,,【平日】9:00～16:30 【休日】9:00～17:00 ただし、年末年始(12/29～1/3)はお休みです,こちら からご確認ください,https://www.city.hanamaki.iwate.jp/kurashi/suidou/1019833/1001196/1012397.html,39.469073,141.291336
岩手県,花巻市(D001),http://www.gk-p.jp/wp-content/uploads/mhc/03-205-D-01.jpg,第11弾,2019/12/14,花巻市東和総合支所 地域振興課,岩手県花巻市東和町土沢8区60番地,,【平日】9:00～16:30 【休日】9:00～17:00 ただし、年末年始（12/29～1/3)はお休みです,こちら からご確認ください,https://www.city.hanamaki.iwate.jp/kurashi/suidou/1019833/1001196/1012397.html,39.386839,141.228047
岩手県,北上市,http://www.gk-p.jp/wp-content/uploads/mhc/03-206-A-01.jpg,第22弾,2024/04/26,展勝地レストハウス,岩手県北上市立花14地割21-1,,10：00～17：00 ただし、月曜日(祝日の場合は翌日)はお休みです,こちら からご確認ください,https://www.city.kitakami.iwate.jp/life/soshikikarasagasu/gesuidoka/ijifukyugakari/26436.html,39.272136,141.126393
岩手県,久慈市,http://www.gk-p.jp/wp-content/uploads/mhc/03-207-A-01.jpg,第08弾,2018/08/11,駅前観光交流センターYOMUNOSU,岩手県久慈市中央3丁目58,,9:00～21:30 ただし、1月1日はお休みです,こちら からご確認ください,https://www.city.kuji.lg.jp/soshiki/jogesuidoseibi/1/1/3/1423.html,40.189449,141.770577
岩手県,遠野市,http://www.gk-p.jp/wp-content/uploads/mhc/03-208-A-01.jpg,第14弾,2021/04/25,道の駅みやもり内　めがねばし直売所,岩手県遠野市宮守町下宮守30地割37番地1,,9：00～17：30（4月～9月） 9：00～17：00（10月～3月） ただし、1月1日はお休みです,こちら からご確認ください,"https://www.city.tono.iwate.jp/index.cfm/45,58494,249,482,html",39.346064,141.351511
岩手県,陸前高田市(A001),http://www.gk-p.jp/wp-content/uploads/mhc/03-210-A-01.jpg,第24弾,2024/12/20,岩手県指定有形文化財旧吉田家住宅主屋,岩手県指定有形文化財旧吉田家住宅主屋,,9：00～16：00 ただし、毎週月曜日（祝日の場合は翌平日）、年末年始はお休みです,こちら からご確認ください,https://www.city.rikuzentakata.iwate.jp/soshiki/kyouikusoumuka/bunkazaigakari/1/1/3/4/8681.html,39.020531,141.633125
岩手県,陸前高田市(B001),http://www.gk-p.jp/wp-content/uploads/mhc/03-210-B-01.jpg,第27弾,2025/12/19,陸前高田市総合交流センター（夢アリーナたかた）,岩手県陸前高田市高田町字太田5番地,,【火曜日～土曜日】 9:00～21:00 【日曜日】 9:00～17:00 ただし、毎週月曜日（祝日の場合はその翌日）、年末年始はお休みです,こちら からご確認ください,https://www.city.rikuzentakata.iwate.jp/soshiki/kouryusuishinka/sportskoryugakari/manholecard/9231.html,39.017605,141.641068
岩手県,釜石市（A001）,http://www.gk-p.jp/wp-content/uploads/mhc/03-211-A-01.jpg,第06弾,2017/12/09,釜石観光案内所,岩手県釜石市鈴子町22-1　シープラザ釜石1階,,9:00～18:00 ただし年末年始はお休みです,こちら からご確認ください,https://www.city.kamaishi.iwate.jp/docs/2020030200278/,39.273183,141.872347
岩手県,釜石市（B001）,http://www.gk-p.jp/wp-content/uploads/mhc/03-211-B-01.jpg,第10弾,2019/08/07,釜石魚河岸にぎわい館「魚河岸テラス」,岩手県釜石市魚河岸3番3,,9:00～18:00 ただし、年末年始、毎週月曜日はお休みです,こちら からご確認ください,https://www.city.kamaishi.iwate.jp/docs/2020030200278/,39.274336,141.889736
岩手県,釜石市(C001),http://www.gk-p.jp/wp-content/uploads/mhc/03-211-C-01.jpg,第12弾,2020/04/25,いのちをつなぐ未来館,岩手県釜石市鵜住居町4丁目901,,9:30～17:30 ただし、冬季(11月～2月)は9:30～17:00 また、毎週水曜日及び年末年始はお休みです,こちら からご確認ください,https://www.city.kamaishi.iwate.jp/docs/2020030200278/,39.327290,141.887471
岩手県,二戸市,http://www.gk-p.jp/wp-content/uploads/mhc/03-213-A01.jpg,第17弾,2022/08/06,なにゃーと物産センター,岩手県二戸市石切所字森合68番地,,8：30～19：00 ※月末及び年末年始は営業時間が異なります。配布場所へご確認ください。,こちら からご確認ください,https://www.city.ninohe.lg.jp/info/3066,40.261045,141.285905
岩手県,滝沢市(A001),http://www.gk-p.jp/wp-content/uploads/mhc/03-216-A01.jpg,第17弾,2022/08/06,ビッグルーフ滝沢,岩手県滝沢市下鵜飼1－15,,9：00～21：00 ただし、毎月第2、第4火曜日（休日の場合は翌日）及び年末年始はお休みです,こちら からご確認ください,https://www.city.takizawa.iwate.jp/suido/kouhou-event/event-jouhou/p20250715105520,39.734731,141.077028
岩手県,滝沢市(B001),http://www.gk-p.jp/wp-content/uploads/mhc/03-216-B-01.jpg,第26弾,2025/07/25,岩手県滝沢市施設課,岩手県滝沢市施設課,,【平日】9：00～17：00 ただし、年末年始はお休みです。 【土日祝日】9：00～21：00 ただし、毎月第2、第4火曜日（休日の場合は翌日）及び年末年始はお休みです,こちら からご確認ください,https://www.city.takizawa.iwate.jp/suido/kouhou-event/event-jouhou/p20250715105520,39.735042,141.077846
岩手県,住田町(A001),http://www.gk-p.jp/wp-content/uploads/mhc/03-441-A-01.jpg,第29弾,2026/07/31,道の駅種山ケ原ぽらん,岩手県気仙郡住田町世田米字子飼沢30-39,,【4月～10月】9:00～18:00 【11月～3月】9:00～17:00 ただし、年末年始はお休みです,こちら からご確認ください,https://www.town.sumita.iwate.jp/docs/2026062600017/,39.179837,141.395881
岩手県,山田町,http://www.gk-p.jp/wp-content/uploads/mhc/03-482-A-01.jpg,第22弾,2024/04/26,道の駅やまだ「おいすた」,岩手県下閉伊郡山田町山田第５地割66番地1,,9:00～17:00 ただし、1月1日はお休みです,こちら からご確認ください,https://www.town.yamada.iwate.jp/docs/6751.html,39.478015,141.953387
岩手県,九戸村,http://www.gk-p.jp/wp-content/uploads/mhc/03-506-A-01.jpg,第06弾,2017/12/09,道の駅おりつめ 産直施設オドデ館,岩手県九戸郡九戸村大字山屋2-28-1,,8:00～18:00 ただし、年始（12月31日～1月3日）はお休みです,こちら からご確認ください,http://www.vill.kunohe.iwate.jp/docs/213.html,40.248713,141.417254
宮城県,宮城県（流域下水道）(A001),http://www.gk-p.jp/wp-content/uploads/mhc/04-000-A01.jpg,第10弾,2019/08/07,石巻浄化センター（（株）アイ・ケー・エス）,宮城県石巻市蛇田字新〆切5-2,,【平日】9:00~16:30（昼休み12:00〜13:00） 【土日祝】9:00~16:30（毎月11日は曜日・祝日にかかわらず開館）,こちら からご確認ください,https://www.pref.miyagi.jp/soshiki/ktkm-wwt/mhcard.html,38.464280,141.286730
宮城県,宮城県(流域下水道)(B001),http://www.gk-p.jp/wp-content/uploads/mhc/04-000-B-01.jpg,第14弾,2021/04/25,県南浄化センター内 (株)みずむすびサービスみやぎ 県南浄化センター管理棟内,岩沼市下野郷字赤江川1-3,※お越しの際は、管理棟入り口正面の内線電話から連絡をお願いします,【平日】9:00-16:00（昼休み12時00分～13時00分） ただし、年末年始はお休みです 【休日】9:00-17:00 ただし、年末年始（12月30～1月2日）はお休みです。,こちら からご確認ください,https://www.pref.miyagi.jp/soshiki/senen-wwt/mhcard.html,38.112594,140.928710
宮城県,宮城県(流域下水道)(C001),http://www.gk-p.jp/wp-content/uploads/mhc/04-000-C-01.jpg,第18弾,2023/01/28,宮城県伊豆沼・内沼サンクチュアリセンター,宮城県伊豆沼・内沼サンクチュアリセンター,,9:00～16:30（昼休み12:00～13:00） ただし、毎週月曜日及び祝日の翌日（月曜日が国民の祝日にあたる場合は、その翌日）、年末(12月29日～12月31日）はおやすみです,こちら からご確認ください,https://www.pref.miyagi.jp/soshiki/ktkm-wwt/mhcard-hasama.html,38.723793,141.094701
宮城県,宮城県(流域下水道)(D001),http://www.gk-p.jp/wp-content/uploads/mhc/04-000-D-01.jpg,第26弾,2025/07/25,仙台港多賀城地区緩衝緑地　管理事務所,宮城県多賀城市大代1丁目16-1,,9:00～12:00、14:00～16:00 ただし、年末年始（12/29～1/3）はお休みです,こちら からご確認ください,https://www.pref.miyagi.jp/soshiki/senen-wwt/mhcard.html,38.289324,141.031846
宮城県,仙台市,http://www.gk-p.jp/wp-content/uploads/mhc/04-100-A-01.jpg,第08弾,2018/08/11,せんだいメディアテーク,宮城県仙台市青葉区春日町2-1,,9:00～21:00 ただし、休館日はお休みです 休館日は左記施設のサイトでご確認ください,こちら からご確認ください,http://www.city.sendai.jp/keekikaku-shomu/kurashi/card.html,38.265374,140.865669
宮城県,石巻市(A001),http://www.gk-p.jp/wp-content/uploads/mhc/04-202-A-01.jpg,第10弾,2019/08/07,石巻市かわまち交流センター,宮城県石巻市中央二丁目11番17,宮城県石巻市中央二丁目11番17電話：0225-93-6448,9:00～17:00 ただし、年末年始(12/29～1/3)はお休みです,こちら からご確認ください,http://www.city.ishinomaki.lg.jp/cont/10505200/1212/20180919113612.html,38.430619,141.309780
宮城県,石巻市(B001),http://www.gk-p.jp/wp-content/uploads/mhc/04-202-B-01.jpg,第28弾,2026/04/24,石ノ森萬画館,宮城県石巻市中瀬2番7号,,9:00～17:00（12/31は15:00閉館） ただし、毎週火曜日（GW、夏休み、冬休み、春休み期間は除く）はお休みです ※休館日が休日になる場合は翌営業日が休館日となります,こちら からご確認ください,https://www.city.ishinomaki.lg.jp/cont/10505200/1212/20180919113612.html,38.429576,141.310761
宮城県,白石市,http://www.gk-p.jp/wp-content/uploads/mhc/04-206-A-01.jpg,第06弾,2017/12/09,白石城歴史探訪ミュージアム,宮城県白石市益岡町1-16,,【4～10月】9:00～17:00 【11～3月】9:00～16:00 ただし、年末（12/28～12./31）はお休みです,こちら からご確認ください,http://www.city.shiroishi.miyagi.jp/soshiki/28/10776.html,38.002901,140.617887
宮城県,名取市(A001),http://www.gk-p.jp/wp-content/uploads/mhc/04-207-A-01.jpg,第08弾,2018/08/11,ウイングプラザ（名取駅コミュニティプラザ）,宮城県名取市手倉田字八幡287-15,,【平日】8:30～17:00 【休日】9:00～17:00 ただし、年末年始（12/29～1/3）、臨時休館日はお休みです 臨時休館日は、3月と9月の第2または第3土曜日の14時から終日を予定しています。詳細は左記施設へお問い合わせください,こちら からご確認ください,https://www.city.natori.miyagi.jp/page/3988.html,38.173127,140.882410
宮城県,名取市(B001),http://www.gk-p.jp/wp-content/uploads/mhc/04-207-B-01.jpg,第23弾,2024/07/26,名取市観光物産協会　ナトリサン,宮城県名取市杜せきのした５丁目３−１（イオンモール名取１Ｆ）,,10：00〜17：00 ただし、月曜日（月曜日が祝日の場合は翌日火曜日）はお休みです,こちら からご確認ください,https://www.city.natori.miyagi.jp/page/22491.html,38.163857,140.896116
宮城県,名取市(C001),http://www.gk-p.jp/wp-content/uploads/mhc/04-207-C-01.jpg,第26弾,2025/07/25,名取市観光物産協会陣中仙台国際空港店２階,名取市観光物産協会陣中仙台国際空港店２階,,10：00～17：00 ただし、臨時休業日は配布しません,こちら からご確認ください,https://www.city.natori.miyagi.jp/page/29364.html,38.137972,140.930130
宮城県,多賀城市（A001）,http://www.gk-p.jp/wp-content/uploads/mhc/04-209-A-01.jpg,第07弾,2018/04/28,多賀城市埋蔵文化財調査センター展示室（多賀城市文化センター内）,宮城県多賀城市中央2-27-1,,9：00～16：30 ただし、月曜日（祝日の場合を除く）、祝日の翌日（土曜日・日曜日を除く）、年末年始（12/28～1/4）、その他臨時休館日はお休みです ※多賀城市埋蔵文化財調査センターが休館日の場合、史都多賀城観光案内所での配布となります,こちら からご確認ください,https://www.city.tagajo.miyagi.jp/ryokin/kurashi/suido/gesuido/card.html,38.295720,141.005106
宮城県,多賀城市（B001）,http://www.gk-p.jp/wp-content/uploads/mhc/04-209-B-01.jpg,第08弾,2018/08/11,史都多賀城観光案内所（JR仙石線多賀城駅）,宮城県多賀城市中央2-1-7,,10:00～16:00 ただし、年末年始と臨時休業日はお休みです,こちら からご確認ください,https://www.city.tagajo.miyagi.jp/ryokin/kurashi/suido/gesuido/card.html,38.291720,141.006318
宮城県,多賀城市(C001),http://www.gk-p.jp/wp-content/uploads/mhc/04-209-C-01.jpg,第22弾,2024/04/26,多賀城跡ガイダンス施設（中央公園内）,宮城県多賀城市市川立石3,,9：00〜16：30 ただし、年末年始と臨時休業日はお休みです,こちら からご確認ください,https://www.city.tagajo.miyagi.jp/kurashi/suido/gesuido/index.html,38.300018,140.994556
宮城県,東松島市（A001）,http://www.gk-p.jp/wp-content/uploads/mhc/04-214-A-01.jpg,第04弾,2017/04/03,東松島市震災復興伝承館,宮城県東松島市野蒜北余景56-36,,9:00～17:00 ただし、毎週月曜日（月曜日が祝日の場合は翌営業日が休館）、年末年始（12月29日～1月3日）は定休日です 【定休日】 9:00～17:00,こちら からご確認ください,https://www.city.higashimatsushima.miyagi.jp/kurashi/sumiyoimachini/lifeline-gesui/gesuido/manholecard.html,38.374969,141.160047
宮城県,東松島市（B001）,http://www.gk-p.jp/wp-content/uploads/mhc/04-214-B-01.jpg,第09弾,2018/12/14,東松島商工会,東松島市矢本字河戸7番地,,9:00～17:00 ただし、土日、祝日はお休みです 【定休日】 9:00～17:00,こちら からご確認ください,https://www.city.higashimatsushima.miyagi.jp/kurashi/sumiyoimachini/lifeline-gesui/gesuido/manholecard.html,38.422924,141.218911
宮城県,東松島市(C001),http://www.gk-p.jp/wp-content/uploads/mhc/04-214-C-01.jpg,第21弾,2023/12/15,東松島市役所 鳴瀬庁舎2階 都市整備課窓口,宮城県東松島市小野字 新宮前5番地,,9:00～17:00 ただし、土日、祝日、年末年始はお休みです 【定休日】 9:00～17:00,こちら からご確認ください,https://www.city.higashimatsushima.miyagi.jp/kurashi/sumiyoimachini/lifeline-gesui/gesuido/manholecard.html,38.400201,141.164193
宮城県,富谷市,http://www.gk-p.jp/wp-content/uploads/mhc/04-216-A-01.jpg,第22弾,2024/04/26,富谷宿観光交流ステーションとみやど,宮城県富谷市富谷新町111-１,,10：00～17：00 ただし、火曜日（祝日の場合は翌日）はお休みです,こちら からご確認ください,https://www.tomiya-city.miyagi.jp/kurashi/suidou/,38.398861,140.887408
宮城県,大河原町,http://www.gk-p.jp/wp-content/uploads/mhc/04-321-A-01.jpg,第07弾,2018/04/28,大河原町役場 上下水道課,宮城県柴田郡大河原町字新南19,,9:00～17:00（年中無休）,こちら からご確認ください,https://www.town.ogawara.miyagi.jp/1265.htm,38.049393,140.730790
宮城県,亘理町,http://www.gk-p.jp/wp-content/uploads/mhc/04-361-A01.jpg,第16弾,2022/01/15,亘理町上下水道課,宮城県亘理郡亘理町字悠里1,,【平日】8：30～17：15 【土日】9：00～16：30 【祝日、年末年始】8：30～17：15,こちら からご確認ください,http://www.town.watari.miyagi.jp/,38.044193,140.867485
宮城県,七ヶ浜町(A001),http://www.gk-p.jp/wp-content/uploads/mhc/04-404-A-01.jpg,第09弾,2018/12/14,七ヶ浜国際村,七ヶ浜国際村,,10:00～17:00 ただし、火曜日（火曜日が祝日の場合は翌日）、年末年始はお休みです,こちら からご確認ください,https://www.shichigahama.com/benricho/oshirase/suido3-020-8717.html,38.298430,141.067582
宮城県,七ヶ浜町(B001),http://www.gk-p.jp/wp-content/uploads/mhc/04-404-B-01.jpg,第27弾,2025/12/19,七ヶ浜国際村,七ヶ浜国際村,,【開館日】10:00～17:00 ただし、火曜日（祝日の場合は翌日）及び年末年始はお休みです 【休館日】8：30～17：15 ※七ヶ浜国際村の休館日に配布します,こちら からご確認ください,https://www.shichigahama.com/benricho/oshirase/suido3-020-12422.html,38.298464,141.067864
宮城県,利府町(A001),http://www.gk-p.jp/wp-content/uploads/mhc/04-406-A-01.jpg,第14弾,2021/04/25,利府町役場町民交流館「ペア・パル利府」,宮城県宮城郡利府町利府字新並松４番地,,【平日】8：30～17：15 【土日祝日】9：00～17：15 ただし、年末年始（12月28日から1月4日）及び臨時休館日はお休みです,こちら からご確認ください,https://www.town.rifu.miyagi.jp/gyosei/soshikikarasagasu/jougesuidou/keiei/1/3/1/4209.html,38.330333,140.975866
宮城県,利府町(B001),http://www.gk-p.jp/wp-content/uploads/mhc/04-406-B-01.jpg,第28弾,2026/04/24,利府町上下水道部上下水道課,宮城県宮城郡利府町利府字新並松4番地,,【平日】8:30～17:15 【土日祝日】9:00～17:15 ※ただし年末年始（12/28～1/4）及び臨時休館日は配布いたしません,こちら からご確認ください,https://www.town.rifu.miyagi.jp/gyosei/soshikikarasagasu/jougesuidou/keiei/1/3/1/4209.html,38.330449,140.976197
宮城県,大和町,http://www.gk-p.jp/wp-content/uploads/mhc/04-421-A-01.jpg,第13弾,2020/12/17,大和町ふれあい文化創造センター,宮城県黒川郡大和町吉岡南二丁目4－14,,9：00～17：00 ただし、第1・3火曜日、年末年始（12/28～1/4）、臨時閉館日はお休みです,こちら からご確認ください,https://www.town.taiwa.miyagi.jp/soshiki/jogesuido/shisetsuseibi/1110.html,38.442045,140.881143
宮城県,大郷町,http://www.gk-p.jp/wp-content/uploads/mhc/04-422-A-01.jpg,第25弾,2025/04/25,道の駅　おおさと,宮城県黒川郡大郷町中村字北浦51番地6,,9：00から18：00 ただし、閉館日はお休みです,こちら からご確認ください,https://www.town.miyagi-osato.lg.jp/soshiki/jyogesui/oosatotyou-manho-rucard.html,38.424130,140.992881
宮城県,大衡村(A001),http://www.gk-p.jp/wp-content/uploads/mhc/04-424-A-01.jpg,第05弾,2017/08/01,大衡村役場1階都市建設課,宮城県黒川郡大衡村大衡字平林62番地,,【開庁日】9：00～17：00 【閉庁日】9：00～17：00,こちら からご確認ください,https://www.village.ohira.miyagi.jp/9/15/80.html,38.467374,140.880085
宮城県,大衡村(B001),http://www.gk-p.jp/wp-content/uploads/mhc/04-424-B-01.jpg,第24弾,2024/12/20,万葉・おおひら館,宮城県黒川郡大衡村大衡字鐙沢12番地2,,9：00～18：00 ただし、正月元旦から4日まではお休みです,こちら からご確認ください,https://www.village.ohira.miyagi.jp/9/15/80.html,38.469464,140.890015
宮城県,涌谷町,http://www.gk-p.jp/wp-content/uploads/mhc/04-501-A-01.jpg,第03弾,2016/12/01,わくや万葉の里 天平ろまん館,宮城県遠田郡涌谷町涌谷字黄金山1-3,,9:30～17:00（11月～3月は16:30まで） ただし、休館日はお休みです 休館日は左記施設ホームページでご確認ください,0229-43-2100までお問い合わせください,,38.557546,141.136799
宮城県,女川町,http://www.gk-p.jp/wp-content/uploads/mhc/04-581-A-01.jpg,第09弾,2018/12/14,女川町たびの情報館ぷらっと,宮城県牡鹿郡女川町女川浜字大原479番地の20 SG-7街区1画地,,9:00～15:00（年中無休）,こちら からご確認ください,http://www.town.onagawa.miyagi.jp/05_07_01.html,38.445573,141.446255
秋田県,秋田市（A001）,http://www.gk-p.jp/wp-content/uploads/mhc/05-201-A-01.jpg,第01弾,2016/04/01,秋田市上下水道局 下水道整備課,秋田県秋田市川尻みよし町14-8,,8:30～17:15 土曜、日曜、祝日、年末年始は守衛室で配布します。,こちら からご確認ください,https://www.city.akita.lg.jp/suido/jigyo-shokai/1008331.html,39.710189,140.097110
秋田県,秋田市（B001）,http://www.gk-p.jp/wp-content/uploads/mhc/05-201-B-01.jpg,第08弾,2018/08/11,道の駅あきた港セリオン,秋田県秋田市土崎港西1-9-1,,9:00～17:30,こちら からご確認ください,https://www.city.akita.lg.jp/suido/jigyo-shokai/1008331.html,39.751820,140.061971
秋田県,能代市,http://www.gk-p.jp/wp-content/uploads/mhc/05-202-A-01.jpg,第11弾,2019/12/14,能代バスケミュージアム,秋田県能代市柳町5-20,,9：30～18：00（平日及び土日祝日） ただし、臨時休館日は配布しません,こちら からご確認ください,https://www.city.noshiro.lg.jp/kurashi/suido/gesuido/14404,40.208566,140.029992
秋田県,横手市,http://www.gk-p.jp/wp-content/uploads/mhc/05-203-A-01.jpg,第22弾,2024/04/26,横手市ふれあいセンターかまくら館,秋田県横手市中央町8-12,,9：00～17：00 ただし、年末年始(12/29～1/3)はお休みです,こちら からご確認ください,https://www.city.yokote.lg.jp/suido/1001592/1010572.html,39.313511,140.566010
秋田県,男鹿市,http://www.gk-p.jp/wp-content/uploads/mhc/05-206-A01.jpg,第12弾,2020/04/25,「道の駅おが」男鹿市複合観光施設オガーレ,秋田県男鹿市船川港船川字新浜町1-19,,9：00～17：00 ただし、休館日は下記のとおりです ①12月31日は14:00まで ②1月1日~1月3日 ③2・3月の第3水・木曜日 ※臨時休館する場合がありますので、訪問の際には施設のサイトをご確認ください,こちら からご確認ください,https://www.city.oga.akita.jp/soshik/kigyokyoku/moreabout/gesuidou/6032.html,39.710189,140.097110
秋田県,潟上市,http://www.gk-p.jp/wp-content/uploads/mhc/05-211-A-01.jpg,第27弾,2025/12/19,てんのうグリーンマーケット(道の駅てんのう),秋田県潟上市天王字江川上谷地109-2,,9:00～17:00 ただし、年末年始はお休みです,こちら からご確認ください,https://www.city.katagami.lg.jp/soshiki/kensetsubu/jogesuido/shisetsukomu/5752.html,39.856583,140.009994
秋田県,大仙市,http://www.gk-p.jp/wp-content/uploads/mhc/05-212-A-01.jpg,第13弾,2020/12/17,花火伝統文化継承資料館はなび・アム,秋田県大仙市大曲大町7-19,,9：00～17：00 ただし、月曜日（祝日の場合には翌平日）はお休みです ※臨時休館等、利用条件を変更する場合がありますので、訪問の際には施設のサイトをご確認ください,こちら からご確認ください,https://www.city.daisen.lg.jp/docs/2021092900038/,39.459763,140.480411
山形県,山形県（流域下水道）,http://www.gk-p.jp/wp-content/uploads/mhc/06-000-A-01.jpg,第06弾,2017/12/09,山形浄化センター,山形県天童市大字大町字西原1915（（公財）山形県建設技術センター 下水道事業所）,（問い合わせ先）山形県県土整備部 下水道課電話：023-630-2590,【平日】8:30～17:15 【休日】8:30～17:15（年末年始はお休みします）,こちら からご確認ください,https://www.pref.yamagata.jp/180040/kurashi/kendo/gesuido/mhcard.html,38.394722,140.332797
山形県,山形市(A001),http://www.gk-p.jp/wp-content/uploads/mhc/06-201-A-01.jpg,第22弾,2024/04/26,道の駅やまがた蔵王,山形県山形市表蔵王79番地1,,9：00～17：30 ただし、1月1日（休館日）はお休みです 施設の開館状況は ホームページ をご確認ください,こちら からご確認ください,https://suidou.yamagata.yamagata.jp/,38.189447,140.312085
山形県,山形市(B001),http://www.gk-p.jp/wp-content/uploads/mhc/06-201-B-01.jpg,第25弾,2025/04/25,最上義光歴史館,山形県山形市大手町1-53,,9:00～16:30 ただし、月曜日（国民の祝日と重なる場合はその翌日）及び年末年始はお休みです,こちら からご確認ください,https://suidou.yamagata.yamagata.jp/,38.255094,140.333436
山形県,米沢市,http://www.gk-p.jp/wp-content/uploads/mhc/06-202-A-01.jpg,第27弾,2025/12/19,道の駅米沢,山形県米沢市川井1039-1,,9:00～18:00（年中無休）,こちら からご確認ください ※現在、配布を一時中止しています,https://travelyonezawa.com/amanojaku-movie/,37.922445,140.137320
山形県,鶴岡市（A001）,http://www.gk-p.jp/wp-content/uploads/mhc/06-203-A-01.jpg,第01弾,2016/04/01,鶴岡市下水道部,山形県鶴岡市のぞみ町2-10,,8:30～17:15（年中無休）,こちら からご確認ください,https://www.city.tsuruoka.lg.jp/kurashi/suido/gesuido/kohokatsudo/mannhorukado.html,38.715815,139.835830
山形県,鶴岡市（B001）,http://www.gk-p.jp/wp-content/uploads/mhc/06-203-B-01.jpg,第10弾,2019/08/07,鶴岡市観光案内所,鶴岡市末広町3-1　マリカ東館1F（FOODEVER内）,,9：00～17：30 ただし、年末年始（12/29～1/3）はお休みです,こちら からご確認ください,https://www.city.tsuruoka.lg.jp/kurashi/suido/gesuido/kohokatsudo/mannhorukado.html,38.739109,139.836654
山形県,酒田市,http://www.gk-p.jp/wp-content/uploads/mhc/06-204-A01.jpg,第17弾,2022/08/06,酒田駅前観光案内所(酒田駅前交流拠点施設ミライニ内),山形県酒田市幸町一丁目10番1号,,9：00～19：00 ただし、年末年始（12/31～1/2）はお休みです,こちら からご確認ください,https://www.city.sakata.lg.jp/smph/kurashi/jogesuido/oshirase/mhc01.html,38.921149,139.845402
山形県,新庄市,http://www.gk-p.jp/wp-content/uploads/mhc/06-205-A-01.jpg,第11弾,2019/12/14,新庄ふるさと歴史センター,山形県新庄市堀端町4番74号,,9:00～16:30（入場は16:00まで） ただし、毎週火曜日・祝日の翌日 （祝日の翌日が休日の場合を除く）及び年末年始(12/29～1/3)はおやすみです,0233-22-2188までお問い合わせください,,38.766981,140.296517
山形県,寒河江市,http://www.gk-p.jp/wp-content/uploads/mhc/06-206-A-01.jpg,第05弾,2017/08/01,道の駅寒河江チェリーランド（総合観光案内所内）,山形県寒河江市大字八鍬字川原919-6,,9:00～17:00 ただし、年末年始（12/31～1/3）はお休みです,0237-86-1818までお問い合わせください,,38.398860,140.271297
山形県,上山市,http://www.gk-p.jp/wp-content/uploads/mhc/06-207-A-01.jpg,第04弾,2017/04/03,かみのやま温泉観光案内所（ＪＲかみのやま温泉駅前）,山形県上山市矢来1-2-1,,9:00～17:00 ただし、年末年始は時間が変更になります。,023-672-1111までお問い合わせください,,38.149565,140.267830
山形県,天童市,http://www.gk-p.jp/wp-content/uploads/mhc/06-210-A-01.jpg,第03弾,2016/12/01,天童市上下水道事業所,山形県天童市老野森1-3-25,,【天童市上下水道事業所】 8:30～17:15 ただし、土日、祝日、年末年始はお休みです 【もり～な天童】 9:00～18:00,こちら からご確認ください,https://www.city.tendo.yamagata.jp/lifeinfo/jougesuidou/onegai.html,38.363309,140.378189
山形県,天童市(B001),http://www.gk-p.jp/wp-content/uploads/mhc/06-210-B-01.jpg,第29弾,2026/07/31,天童市将棋資料館,山形県天童市本町一丁目1番1号,,9:00～18:00（最終入館17:30） ただし、第3月曜日※第3月曜日が祝日の場合は翌日、年末年始（12月29日～1月3日）はお休みです,マンホールカードの案内は こちら からご確認ください,https://www.city.tendo.yamagata.jp,38.360017,140.369542
山形県,東根市,http://www.gk-p.jp/wp-content/uploads/mhc/06-211-A-01.jpg,第08弾,2018/08/11,東根市観光物産協会,山形県東根市さくらんぼ駅前1-1-1（さくらんぼ東根駅1階）,,9:00～17:00（年中無休）,こちら からご確認ください,https://www.city.higashine.yamagata.jp/section_list/section027/gesuidou/498,38.428796,140.380812
山形県,南陽市,http://www.gk-p.jp/wp-content/uploads/mhc/06-213-A-01.jpg,第04弾,2017/04/03,南陽市上下水道課 水道庁舎,山形県南陽市三間通466-15,,【平日】8:30～17:15 【休日】9:00～20:00（冬期間は9：00～19：00）,こちら からご確認ください,http://www.city.nanyo.yamagata.jp/manhole/,38.056813,140.147458
山形県,河北町,http://www.gk-p.jp/wp-content/uploads/mhc/06-321-A-01.jpg,第09弾,2018/12/14,紅花資料館　物産館,山形県西村山郡河北町谷地戊1143,,【3月～10月】 9:00～17:00 【11月～2月】  9:00～16:00 ただし、毎月第2木曜日、年末年始（12/29～1/3）はお休みです,こちら からご確認ください,https://www.town.kahoku.yamagata.jp/soshiki/suido/gesuikoumu/799.html,38.438528,140.299762
山形県,舟形町,http://www.gk-p.jp/wp-content/uploads/mhc/06-363-A-01.jpg,第08弾,2018/08/11,舟形町観光物産センターめがみ,山形県最上郡舟形町舟形391-2（舟形駅構内）,,8：30～17：00,こちら からご確認ください,https://www.town.funagata.yamagata.jp/s010/kanko/080/210/20200121022000.html,38.691566,140.316346
福島県,福島県（流域下水道）(A001),http://www.gk-p.jp/wp-content/uploads/mhc/07-000-A-01.jpg,第06弾,2017/12/09,福島県あだたら清流センター,福島県あだたら清流センター,,【平日】8:30～17:15 【休日】9:00～12:15、13:00〜17:30 ただし、年末年始(12/29〜1/3)はお休みです,こちら からご確認ください,https://www.pref.fukushima.lg.jp/sec/41055c/mhcard.html,37.590377,140.454016
福島県,福島県流域下水道(B001),http://www.gk-p.jp/wp-content/uploads/mhc/07-000-B-01.jpg,第24弾,2024/12/20,福島県県北浄化センター,福島県県北浄化センター,,【平日】8:30～17:15 【土日祝】9:00～17:00 ただし、年末年始（12/29～1/3）はお休みです,こちら からご確認ください,https://www.pref.fukushima.lg.jp/sec/41055c/mhcard.html,37.866558,140.576043
福島県,福島市(A001),http://www.gk-p.jp/wp-content/uploads/mhc/07-201-A-01.jpg,第03弾,2016/12/01,福島市アクティブシニアセンター・アオウゼ,福島県福島市曽根田町1−18 ＭＡＸふくしま4階,,9:00～19:00 ただし、年末年始はお休みです（詳しくは「アオウゼ」ホームページをご覧ください）,こちら からご確認ください,https://www.city.fukushima.fukushima.jp/suido/jogesuidojigyo/koho/2072.html,37.758978,140.460150
福島県,福島市(B001),http://www.gk-p.jp/wp-content/uploads/mhc/07-201-B-01.jpg,第13弾,2020/12/17,福島市観光案内所（JR福島駅西口２階）,福島市観光案内所（JR福島駅西口２階）,,9:00～18:00 年中無休 ただし年末年始の配布時間は、電話（024-531-6428）にて確認してください。,こちら からご確認ください,https://www.city.fukushima.fukushima.jp/suido/jogesuidojigyo/koho/2072.html,37.753783,140.460324
福島県,会津若松市,http://www.gk-p.jp/wp-content/uploads/mhc/07-202-A-01.jpg,第02弾,2016/08/01,会津若松市役所,会津若松市東栄町３番４６号,,9:00〜17:00,こちら からご確認ください,http://www.city.aizuwakamatsu.fukushima.jp/docs/2016071500026/,37.512390,139.909605
福島県,郡山市（A001）,http://www.gk-p.jp/wp-content/uploads/mhc/07-203-A-01.jpg,第02弾,2016/08/01,郡山市磐梯熱海観光物産館,福島県郡山市熱海町熱海二丁目15-1,,9:00～19:00 ただし、年末年始(12/29～1/3)は、お問合せください。,こちら からご確認ください,https://www.city.koriyama.lg.jp/site/jougesuidou/5690.html,37.481136,140.272026
福島県,郡山市（B001）,http://www.gk-p.jp/wp-content/uploads/mhc/07-203-B-01.jpg,第02弾,2016/08/01,湖南公民館,郡山市湖南町福良字家老9390-4,,8:30～17:15 ただし、第三日曜日、年末年始（12/29～1/3）はお休みです,こちら からご確認ください,https://www.city.koriyama.lg.jp/site/jougesuidou/5690.html,37.389542,140.089663
福島県,いわき市(A001),http://www.gk-p.jp/wp-content/uploads/mhc/07-204-A-01.jpg,第05弾,2017/08/01,いわき市観光物産センター いわき・ら・らミュウ1階中央インフォメーション,いわき市観光物産センター いわき・ら・らミュウ1階中央インフォメーション,,9:00～18:00 ただし、月1回程度休館日（水曜日）があります,こちら からご確認ください,https://www.city.iwaki.lg.jp/www/contents/1681438660994/index.html,36.944324,140.905470
福島県,いわき市(B001),http://www.gk-p.jp/wp-content/uploads/mhc/07-204-A01.jpg,第17弾,2022/08/06,観光遊覧船サンシャインシーガル受付,福島県いわき市小名浜字辰巳町43-1,,9:00～17:00 ただし、水曜日はお休みです,こちら からご確認ください,https://www.city.iwaki.lg.jp/www/contents/1681438660994/index.html,36.943769,140.905333
福島県,いわき市(C001),http://www.gk-p.jp/wp-content/uploads/mhc/07-204-C-01.jpg,第19弾,2023/04/28,いわきマリンタワー,福島県いわき市小名浜下神白字大作93,,9:00～17:00（但し入場は16:30まで） ただし、毎月第3火曜日及び1月1日（但し第3火曜日が国民祝日にあたる時はその翌日）はお休みです,こちら からご確認ください,https://www.city.iwaki.lg.jp/www/contents/1681438660994/index.html,36.939396,140.920010
福島県,いわき市(D001),http://www.gk-p.jp/wp-content/uploads/mhc/07-204-D-01.jpg,第25弾,2025/04/25,いわき市石炭･化石館ほるる,福島県いわき市常磐湯本町向田3-1,,9：00～17：00（入館は16：30まで） ただし、第三火曜日（第三火曜日が祝日・振替休日の場合は翌日）及び１月１日はお休みです,こちら からご確認ください,https://www.city.iwaki.lg.jp/www/contents/1681438660994/index.html,37.012617,140.848492
福島県,いわき市(E001),http://www.gk-p.jp/wp-content/uploads/mhc/07-204-E-01.jpg,第28弾,2026/04/24,いわき市総合観光案内所,福島県いわき市平田町38-16　JRいわき駅コンコース自由通路,,10:00～13:15、14:00～18:00 ※下記の期間は営業時間が変更となります。 12/29～30、1/2～3:10:00～17:00 ※定休日：12/31、1/1,こちら からご確認ください,https://www.city.iwaki.lg.jp/www/contents/1681438660994/index.html,37.058340,140.892165
福島県,白河市,http://www.gk-p.jp/wp-content/uploads/mhc/07-205-A-01.jpg,第04弾,2017/04/03,公益財団法人 白河観光物産協会,福島県白河市郭内1-2（しらかわ観光ステーション内）,,9:00～18:00 ただし、年末年始（12/29～1/3）はお休みです,こちら からご確認ください,http://www.city.shirakawa.fukushima.jp/page/page002897.html,37.129649,140.213517
福島県,須賀川市(A001),http://www.gk-p.jp/wp-content/uploads/mhc/07-207-A-01.jpg,第10弾,2019/08/07,須賀川市民交流センター tette,福島県須賀川市中町4-1,,【月～土】9：00～21：00 【日・祝】9：00～20：00 ただし、毎月第3火曜日、年末年始はお休みです,0248-88-9159までお問い合わせください,,37.288628,140.375155
福島県,須賀川市(B001),http://www.gk-p.jp/wp-content/uploads/mhc/07-207-B-01.jpg,第23弾,2024/07/26,須賀川市風流のはじめ館,福島県須賀川市本町81番地4,,【月曜日、木曜日から日曜日まで】9:00～17:00 ※毎週、火・水曜日（火曜日または水曜日が祝日の場合、土曜日、日曜日、祝日を除いた翌開館日が休館）、年末年始はお休みです。,こちら からご確認ください,https://www.sukagawa-jyogesuidojigyo.jp/,37.285741,140.375770
福島県,須賀川市(C001),http://www.gk-p.jp/wp-content/uploads/mhc/07-207-C-01.jpg,第26弾,2025/07/25,須賀川特撮アーカイブセンター,福島県須賀川市柱田字中地前22番地,,【月曜日、木曜日から日曜日まで】9:00～16:45（最終入館時間は16:45） ※毎週、火・水曜日（火曜日または水曜日が祝日（振替休日含む）になる場合は、土曜日、日曜日、祝日を除いた翌開館日が休館日）、年末年始はお休みです。,こちら からご確認ください,https://www.sukagawa-jyogesuidojigyo.jp/,37.318076,140.277089
福島県,喜多方市,http://www.gk-p.jp/wp-content/uploads/mhc/07-208-A-01.jpg,第11弾,2019/12/14,喜多方市役所下水道課,福島県喜多方市字御清水東7244-2,,【平日】8:30～17:15 【休日】8:30～17:15,こちら からご確認ください,https://www.city.kitakata.fukushima.jp/soshiki/jogesui/21796.html,37.651335,139.874531
福島県,相馬市,http://www.gk-p.jp/wp-content/uploads/mhc/07-209-A-01.jpg,第06弾,2017/12/09,相馬市千客万来館,福島県相馬市中村字北町55-1,,9:00～16:30 ただし、年末年始（12/29～1/3）はお休みです,0244-26-4848までお問い合わせください,,37.798691,140.918734
福島県,二本松市,http://www.gk-p.jp/wp-content/uploads/mhc/07-210-A-01.jpg,第05弾,2017/08/01,二本松市歴史観光施設【にほんまつ観光城報館】 ２階事務室,福島県二本松市郭内三丁目303番地5,,9：00~17：00 ただし、月曜日（月曜日が祝日の場合は火曜日）、年末年始（12/29~1/3）はお休みです。その他臨時休館があります。,こちら からご確認ください,http://www.city.nihonmatsu.lg.jp/page/page000236.html,37.589794,140.433737
福島県,田村市,http://www.gk-p.jp/wp-content/uploads/mhc/07-211-A-01.jpg,第07弾,2018/04/28,あぶくま洞管理事務所,福島県田村市滝根町菅谷字東釜山1,,8:30～16:00（年中無休）,こちら からご確認ください,https://www.city.tamura.lg.jp/soshiki/25/entry.html,37.344196,140.673767
福島県,南相馬市,http://www.gk-p.jp/wp-content/uploads/mhc/07-212-A-01.jpg,第06弾,2017/12/09,小高区役所市民総合サービス課窓口,福島県南相馬市小高区本町2-78,,8:30～17:15（年中無休）,0244-24-5273までお問い合わせください,,37.565394,140.992460
福島県,伊達市,http://www.gk-p.jp/wp-content/uploads/mhc/07-213-A-01.jpg,第21弾,2023/12/15,伊達市観光案内所,伊達市梁川町青葉町1,,9：00～17：00 ただし、年末年始はお休みです,こちら からご確認ください,https://www.city.fukushima-date.lg.jp/soshiki/25/68027.html,37.845571,140.601290
福島県,本宮市(A001),http://www.gk-p.jp/wp-content/uploads/mhc/07-214-A-01.jpg,第08弾,2018/08/11,本宮市役所建設部上下水道課,福島県本宮市本宮字万世212番地,,8：30～17：15,こちら からご確認ください,http://www.city.motomiya.lg.jp/soshiki/23/mhcard.html,37.513165,140.393877
福島県,本宮市(B001),http://www.gk-p.jp/wp-content/uploads/mhc/07-214-B-01.jpg,第26弾,2025/07/25,本宮市中央公民館,福島県本宮市本宮字矢来39-1,,【平日】9：00〜17：15 ただし、年末年始はお休みです 【土日祝日】9：00〜17：00 ただし、年末年始はお休みです ※詳細は市のホームページをご確認ください,こちら からご確認ください,https://www.city.motomiya.lg.jp/soshiki/23/mhcard-new.html,37.516497,140.401428
福島県,桑折町,http://www.gk-p.jp/wp-content/uploads/mhc/07-301-A-01.jpg,第05弾,2017/08/01,旧伊達郡役所,福島県伊達郡桑折町字陣屋12,,9:00～17:00（16：30最終入館） ただし、月曜日（月曜日が祝祭日の場合は火曜日）、祝祭日の翌日、展示替え期間、年末年始はお休みです ※休館日は桑折町役場で配布しています,こちら からご確認ください,https://www.town.koori.fukushima.jp/soshiki/6/1477.html,37.843423,140.518502
福島県,国見町,http://www.gk-p.jp/wp-content/uploads/mhc/07-303-A-01.jpg,第24弾,2024/12/20,道の駅国見　あつかしの郷,福島県伊達郡国見町大字藤田字日渡二18-1,,9：00～17：30 ただし、年末年始(12/29～1/3)はお休みです,こちら からご確認ください,https://www.town.kunimi.fukushima.jp/soshiki/9/19118.html,37.872731,140.546771
福島県,猪苗代町,http://www.gk-p.jp/wp-content/uploads/mhc/07-408-A-01.jpg,第08弾,2018/08/11,猪苗代町役場上下水道課窓口,福島県耶麻郡猪苗代町字城南100,,9:00～17：00（年中無休）,こちら からご確認ください,https://www.town.inawashiro.fukushima.jp/soshiki/9/1361.html,37.557795,140.104608
福島県,会津坂下町,http://www.gk-p.jp/wp-content/uploads/mhc/07-421-A-01.jpg,第07弾,2018/04/28,会津坂下町役場 建設課 上下水道班,福島県河沼郡会津坂下町字市中三番甲3662,,8:30～17:15（年中無休）,こちら からご確認ください,http://www.town.aizubange.fukushima.jp/soshiki/28/7745.html,37.561489,139.821637
福島県,湯川村（A001）,http://www.gk-p.jp/wp-content/uploads/mhc/07-422-A-01.jpg,第07弾,2018/04/28,湯川村役場窓口,福島県河沼郡湯川村大字清水田字長瀞18,,9:00～17:00（年中無休）,こちら からご確認ください,https://www.vill.yugawa.fukushima.jp/site/kurashi-top/yugawa-manhole.html,37.565814,139.886868
福島県,湯川村(B001),http://www.gk-p.jp/wp-content/uploads/mhc/07-422-B-01.jpg,第14弾,2021/04/25,道の駅あいづ　湯川・会津坂下,福島県河沼郡湯川村大字佐野目字五丁ノ目78-1,,9:00-19:00 （4/1～11/30） 9:00-18:00 （12/1～3/31）,こちら からご確認ください,https://www.vill.yugawa.fukushima.jp/site/kurashi-top/yugawa-manhole.html,37.557299,139.862297
福島県,西郷村,http://www.gk-p.jp/wp-content/uploads/mhc/07-461-A-01.jpg,第07弾,2018/04/28,西郷村農産物産館「まるごと西郷館」,西郷村大字熊倉字折口原146番地,,9:00～18：00 ただし、毎月第3火曜日（祝日除く）は定休日のため、西郷村役場上下水道お客様センター（本庁舎１階）にて配布いたします（8：30～17：15） また、年末年始休業中は、西郷村役場にて配布いたします（※対応期間は毎年変更があります。期間・配布時間などの詳細についてはお問い合わせください）,こちら からご確認ください,https://www.vill.nishigo.fukushima.jp/kurashi_tetsuzuki/jogesuido/gesuido/1036.html,37.141720,140.156047
福島県,棚倉町,http://www.gk-p.jp/wp-content/uploads/mhc/07-481-A-01.jpg,第20弾,2023/07/28,棚倉町役場上下水道課,福島県東白川郡棚倉町大字棚倉字中居野33,,8：30～17：15,こちら からご確認ください,http://www.town.tanagura.fukushima.jp/page/page002568.html,37.029973,140.379722
福島県,浅川町(A001),http://www.gk-p.jp/wp-content/uploads/mhc/07-504-A-01.jpg,第28弾,2026/04/24,つながるBASE,福島県石川郡浅川町大字浅川字本町西裏47番地3,,10:00～12:00、13:30～18:00 ただし、火曜日・水曜日はお休みです,こちら からご確認ください,https://www.town.asakawa.fukushima.jp/information/news/002270.html,37.071738,140.414648
福島県,三春町,http://www.gk-p.jp/wp-content/uploads/mhc/07-521-A-01.jpg,第18弾,2023/01/28,三春なかまち蔵一ノ蔵「花かご」,福島県田村郡三春町字中町4,Tel：0247-62-2500,【月曜日以外】10：00～17：00 【月曜日】9：00～17：00,こちら からご確認ください,https://www.town.miharu.fukushima.jp/soshiki/10/manho-ruka-do.html,37.441547,140.488640
福島県,楢葉町,http://www.gk-p.jp/wp-content/uploads/mhc/07-542-A01.jpg,第17弾,2022/08/06,楢葉町サイクリングターミナル,福島県双葉郡楢葉町大字北田字上ノ原27-29,,8：00～17：00 ただし、施設メンテナンス日はお休みです,こちら からご確認ください,https://www.town.naraha.lg.jp/life/009648.html,37.268905,141.014160
福島県,富岡町,http://www.gk-p.jp/wp-content/uploads/mhc/07-543-A01.jpg,第16弾,2022/01/15,とみおかアーカイブ・ミュージアム,福島県双葉郡富岡町大字本岡字王塚760-1,,9:00～16:30 ただし、月曜日（月曜祝日の場合は火曜日）及び年末年始（12/29～1/3）はお休みです,こちら からご確認ください,https://www.tomioka-town.jp/soshiki/toshiseibi/1623.html,37.348150,141.008451
福島県,川内村,http://www.gk-p.jp/wp-content/uploads/mhc/07-544-A01.jpg,第17弾,2022/08/06,ショッピングセンターYO-TASHI内【けろりん堂】,福島県双葉郡川内村大字下川内字宮ノ下25-1,,【平日】9：00～18：00 【土日祝日】10：00～15：00 ただし、年末年始はお休みです,こちら からご確認ください,http://www.kawauchimura.jp/page/page001068.html,37.329238,140.821678
茨城県,流域下水道,http://www.gk-p.jp/wp-content/uploads/mhc/08-000-A-01.jpg,第27弾,2025/12/19,アクアワールド茨城県大洗水族館入口チケット窓口,アクアワールド茨城県大洗水族館入口チケット窓口,,9：00～16：00（最終入場時間までの配布となります） ※季節によって変動いたしますので、HPをご確認ください,こちら からご確認ください,https://www.pref.ibaraki.jp/doboku/gesui/kikaku/manholecard/aquaworld_manholecard.html,36.333576,140.594018
茨城県,水戸市(A001),http://www.gk-p.jp/wp-content/uploads/mhc/08-201-A-01.jpg,第01弾,2016/04/01,水戸観光案内所,茨城県水戸市宮町1-1-1（JR東日本常磐線水戸駅改札口脇）,,9:00～18:00 ただし、年末年始はお休みです,こちら からご確認ください,https://www.city.mito.lg.jp/page/122030.html#mitochan,36.370997,140.476516
茨城県,水戸市(B001),http://www.gk-p.jp/wp-content/uploads/mhc/08-201-B-01.jpg,第28弾,2026/04/24,水戸芸術館,茨城県水戸市五軒町1-6-8,,10:30～18:00 ただし、毎週月曜日（月曜日が祝日の場合は火曜日）、年末年始はお休みです,こちら からご確認ください,https://www.city.mito.lg.jp/page/122030.html,36.380558,140.465843
茨城県,日立市,http://www.gk-p.jp/wp-content/uploads/mhc/08-202-A-01.jpg,第10弾,2019/08/07,日立市役所下水道課,茨城県日立市助川町1-1-1,,【平日】8：30～17：15 【休日】9：00～19：00,こちら からご確認ください,https://www.city.hitachi.lg.jp/kigyo/koho_oshirase/1008759/1005112.html,36.599334,140.651777
茨城県,土浦市(A001),http://www.gk-p.jp/wp-content/uploads/mhc/08-203-A-01.jpg,第07弾,2018/04/28,土浦市観光協会,茨城県土浦市中央1-3-16,,9:00～18:00 ただし、年末年始（12/29～1/3）はお休みです,こちら からご確認ください,https://www.city.tsuchiura.lg.jp/page/page019560.html,36.082524,140.200169
茨城県,土浦市(B001),http://www.gk-p.jp/wp-content/uploads/mhc/08-203-B-01.jpg,第20弾,2023/07/28,土浦市役所　シティプロモーション課,茨城県土浦市大和町9-1　3階,,【平日】8：30～17：00 【土日祝日】9：00～17：30 ただし、年末年始（12/29～1/3）はお休みです（12月28日は16：30で終了）,こちら からご確認ください,https://www.city.tsuchiura.lg.jp/page/page019560.html,36.078300,140.204327
茨城県,土浦市(C001),http://www.gk-p.jp/wp-content/uploads/mhc/08-203-C-01.jpg,第21弾,2023/12/15,土浦市立博物館,茨城県土浦市中央一丁目15-18,,9:00～16:00 ただし、月曜日（祝日の場合は開館）、祝日の翌日、年末年始（令和6年度は12/28～1/4）、展示替えに伴う臨時休業日はお休みです,こちら からご確認ください,https://www.city.tsuchiura.lg.jp/page/page019560.html,36.085159,140.197126
茨城県,土浦市(D001),http://www.gk-p.jp/wp-content/uploads/mhc/08-203-D-01.jpg,第22弾,2024/04/26,土浦市民ギャラリー,茨城県土浦市大和町1-1,,10:00～17:00 ただし、月曜日（祝日を除く）、年末年始（12/29～1/3）はお休みです,こちら からご確認ください,https://www.city.tsuchiura.lg.jp/page/page019560.html,36.078890,140.205742
茨城県,土浦市(E001),http://www.gk-p.jp/wp-content/uploads/mhc/08-203-E-01.jpg,第23弾,2024/07/26,土浦市亀城プラザ,茨城県土浦市中央二丁目16-4,,9:00～16:00 ただし、水曜日（祝日にあたるときは、その翌平日）、年末年始（令和6年度は12/28～1/5）はお休みです,こちら からご確認ください,https://www.city.tsuchiura.lg.jp/page/page019560.html,36.085554,140.198980
茨城県,土浦市(F001),http://www.gk-p.jp/wp-content/uploads/mhc/08-203-F-01.jpg,第24弾,2024/12/20,霞ケ浦総合公園テニスコート管理事務所,茨城県土浦市大岩田580,,9:00〜17:00 ただし、毎週月曜日（祝日にあたるときは、その翌平日）、年末年始はお休みです ※臨時の休業日については事前にご確認ください,こちら からご確認ください,https://www.city.tsuchiura.lg.jp/page/page019560.html,36.058924,140.196626
茨城県,土浦市(G001),http://www.gk-p.jp/wp-content/uploads/mhc/08-203-G-01.jpg,第25弾,2025/04/25,土浦市観光案内所,茨城県土浦市有明町1-30,,閉館日を除く、10:00～12:00及び13：30～17:30の時間帯 ただし、年末年始はお休みです,こちら からご確認ください,https://www.city.tsuchiura.lg.jp/page/page019560.html,36.077741,140.205934
茨城県,土浦市(H001),http://www.gk-p.jp/wp-content/uploads/mhc/08-203-H-01.jpg,第26弾,2025/07/25,土浦市立一中地区公民館,茨城県土浦市大手町13番9号,,9：00～17：00 ただし、毎週月曜日（当該日が祝日の場合は、翌日も休館）、祝日、年末年始はお休みです ※休館日については、事前にご確認ください。,こちら からご確認ください,https://www.city.tsuchiura.lg.jp/kurashi-tetsuzuki/suido-kokyogesuido/kokyogesuido/page019560.html,36.082849,140.197126
茨城県,土浦市(I001),http://www.gk-p.jp/wp-content/uploads/mhc/08-203-I-01.jpg,第27弾,2025/12/19,霞ケ浦文化体育会館,茨城県土浦市大岩田1051番地,,9：00～17：00 ただし、毎週月曜日（当該日が祝日の場合は、翌日が休館日）、年末年始はお休みです ※休館日については、事前にご確認ください,こちら からご確認ください,https://www.city.tsuchiura.lg.jp/kurashi-tetsuzuki/suido-kokyogesuido/kokyogesuido/page019560.html,36.059977,140.217963
茨城県,土浦市(J001),http://www.gk-p.jp/wp-content/uploads/mhc/08-203-J-01.jpg,第29弾,2026/07/31,りんりんポート土浦,茨城県土浦市川口二丁目13番25号,,9:00～18:00 ただし、年末年始はお休みです,こちら からご確認ください,https://www.city.tsuchiura.lg.jp/kurashi-tetsuzuki/suido-kokyogesuido/kokyogesuido/page019560.html,36.083638,140.213299
茨城県,古河市,http://www.gk-p.jp/wp-content/uploads/mhc/08-204-A-01.jpg,第23弾,2024/07/26,古河市観光案内所,茨城県古河市東本町１丁目1 JR古河駅構内東側,,【平日】10:00～15:00 【土日祝日】9:00～15:00 ただし、年末年始（12月29日～1月3日）はお休みです,こちら からご確認ください,https://www.city.ibaraki-koga.lg.jp/soshiki/gesui/1/19194.html,36.194808,139.709657
茨城県,石岡市（A001）,http://www.gk-p.jp/wp-content/uploads/mhc/08-205-A-01.jpg,第03弾,2016/12/01,まち蔵藍,茨城県石岡市国府3-5-6,,【3～10月】10:30～17:30 【11～2月】10:30～16:30 ただし、木曜日、年末年始（12/29～1/1）（祝日の場合は翌日）はお休みです,こちら からご確認ください,http://www.city.ishioka.lg.jp/page/dir004744.html,36.188487,140.273985
茨城県,石岡市（B001）,http://www.gk-p.jp/wp-content/uploads/mhc/08-205-B-01.jpg,第04弾,2017/04/03,yasato de toreta マーケット,茨城県石岡市下青柳200（茨城県フラワーパーク駐車場内）,,9:00～18:00 ただし、火曜日（火曜日が祝日・振替休日の場合はその翌日）はお休みです,こちら からご確認ください,http://www.city.ishioka.lg.jp/page/dir004744.html,36.212185,140.173663
茨城県,結城市,http://www.gk-p.jp/wp-content/uploads/mhc/08-207-A-01.jpg,第09弾,2018/12/14,結城蔵美館,結城市大字結城1330,,【結城蔵美館(木曜日以外)】 9：00～17：00 ただし、年末年始(12/28～1/4)はお休みです 【結城市都市建設部下水道課(木曜日)】 8:30～17:15,こちら からご確認ください,https://www.city.yuki.lg.jp/page/page005290.html,36.303878,139.878255
茨城県,龍ケ崎市(A001),http://www.gk-p.jp/wp-content/uploads/mhc/08-208-A-01.jpg,第10弾,2019/08/07,龍ケ崎市　下水道課,茨城県龍ケ崎市3710番地,,【平日】9:00～17:00 【休日】10:30～19:00 ※臨時休業する場合がありますので事前に直接お問い合わせください。,こちら からご確認ください,http://www.city.ryugasaki.ibaraki.jp/kurashi/seikatsu/suido/oshirase/ryugasaki-mhc.html,35.911594,140.182264
茨城県,龍ケ崎市(B001),http://www.gk-p.jp/wp-content/uploads/mhc/08-208-B-01.jpg,第23弾,2024/07/26,龍ケ崎市観光物産センター,茨城県龍ケ崎市佐貫町645-1 関鉄佐貫ビル2　1階南側,,【平日】10：00～18：00 【土日祝日】10：00～17：00 ※ただし、毎週月曜日(月曜が祝日の場合は翌日)、1月1日～3日はお休みです ※ただし、毎週月曜日（月曜日が祝日の場合は翌日）はお休みにつき龍ケ崎市市役所下水道課で配布いたします。なお、1月1日～1月3日のお休みのほか臨時休業する場合がありますので事前に直接お問い合わせください,こちら からご確認ください,https://www.city.ryugasaki.ibaraki.jp/kurashi/seikatsu/suido/oshirase/ryugasaki-mhc.html,35.929465,140.138370
茨城県,下妻市,http://www.gk-p.jp/wp-content/uploads/mhc/08-210-A-01.jpg,第14弾,2021/04/25,下妻市立図書館,茨城県下妻市砂沼新田35-1,,10:00～17:00 ただし、閉館日及び年末年始はお休みです,こちら からご確認ください,https://www.city.shimotsuma.lg.jp/kurashi-tetsuzuki/suido-gesuido/gesuido-user/page003728.html,36.181286,139.953854
茨城県,常総市,http://www.gk-p.jp/wp-content/uploads/mhc/08-211-A-01.jpg,第06弾,2017/12/09,常総市地域交流センター,茨城県常総市新石下2010,,9:00～16:30 ただし、月曜日（月曜日が祝日の場合はその翌日）、年末年始（12/28～1/4）はお休みです,こちら からご確認ください,https://www.city.joso.lg.jp/kurashi_gyousei/kurashi/suidou_jyutaku/water_sewage/news/manholecard_distribution.html,36.113355,139.979737
茨城県,常陸太田市,http://www.gk-p.jp/wp-content/uploads/mhc/08-212-A-01.jpg,第12弾,2020/04/25,常陸太田市観光案内センター,茨城県常陸太田市山下町1049-6,,9：00～17：00 ただし、年末年始（12月29日～1月3日）はお休みです,こちら からご確認ください,http://www.city.hitachiota.ibaraki.jp/page/page006362.html,36.531029,140.527941
茨城県,高萩市,http://www.gk-p.jp/wp-content/uploads/mhc/08-214-A-01.jpg,第14弾,2021/04/25,高萩市役所都市建設課（庁舎２階）,高萩市役所都市建設課（庁舎２階）,,8:30～17:15（土日、祝日含む）,こちら からご確認ください,https://www.city.takahagi.ibaraki.jp/kurashi/sumai/suidou/gesuidou/page004960.html,36.713679,140.709451
茨城県,北茨城市,http://www.gk-p.jp/wp-content/uploads/mhc/08-215-A-01.jpg,第11弾,2019/12/14,北茨城市役所総合受付,茨城県北茨城市磯原町磯原1630,,9:00～17:00,こちら からご確認ください,https://www.city.kitaibaraki.lg.jp/docs/2019121200037/,36.801910,140.751126
茨城県,取手市,http://www.gk-p.jp/wp-content/uploads/mhc/08-217-A-01.jpg,第08弾,2018/08/11,取手市役所取手支所取手駅前窓口,茨城県取手市新町1-9-1（リボンとりでビル3階）,,10：00～19：00 ただし第３水曜日、年末年始はお休みです。 なお、臨時休業日については事前に取手市HPでご確認ください,こちら からご確認ください,http://www.t-gesui.hs.plala.or.jp/gesuidoukouhoukatudounituite.html,35.896286,140.062137
茨城県,牛久市,http://www.gk-p.jp/wp-content/uploads/mhc/08-219-A-01.jpg,第22弾,2024/04/26,牛久市役所分庁舎1階　下水道課,茨城県牛久市中央3丁目15番地1,,【平日】8：30～17：15 ただし、12/29～31はいばらき自慢にて配布し、1/1～3は配布しません 【土日祝日】10:00〜19:00,こちら からご確認ください,https://www.city.ushiku.lg.jp/page/page012939.html,35.979439,140.149632
茨城県,牛久市(B001),http://www.gk-p.jp/wp-content/uploads/mhc/08-219-B-01.jpg,第29弾,2026/07/31,牛久シャトーショップ,茨城県牛久市中央三丁目20番地1,,10:00～18:00,こちら からご確認ください,https://www.city.ushiku.lg.jp/city-promotion/ushiku-kohotaishi-room/collabo/ushiku-city/page014847.html,35.978091,140.147714
茨城県,つくば市(A001),http://www.gk-p.jp/wp-content/uploads/mhc/08-220-A-01.jpg,第02弾,2016/08/01,つくば市役所1階水道お客様センター,茨城県つくば市研究学園1丁目1番地1,,8:45～16:30 ただし、日曜日、祝日及び年末年始（12/29～1/3）はお休みです ※【英語版】も配布しています,こちら からご確認ください。,https://www.city.tsukuba.lg.jp/kurashi/kankyo/suido/1000923/koho/1005888.html,36.083559,140.076510
茨城県,つくば市(B001),http://www.gk-p.jp/wp-content/uploads/mhc/08-220-B-01.jpg,第19弾,2023/04/28,つくば駅前観光案内所,茨城県つくば市吾妻一丁目8-10,,9：00～17：15 ただし、祝日と年末年始はお休みです,こちら からご確認ください,https://www.city.tsukuba.lg.jp/shisei/torikumi/jitensha/1019408.html,36.081710,140.112760
茨城県,鹿嶋市,http://www.gk-p.jp/wp-content/uploads/mhc/08-222-A-01.jpg,第05弾,2017/08/01,鹿島アントラーズオフィシャルショップ・クラブハウス店,茨城県鹿嶋市粟生東山2887,,10:00～18:00 ※ただし、月曜日はお休みです。また、年末年始は短縮時間となります,こちら からご確認ください,https://city.kashima.ibaraki.jp/soshiki/54/3262.html,35.955041,140.674578
茨城県,守谷市,http://www.gk-p.jp/wp-content/uploads/mhc/08-224-A-01.jpg,第06弾,2017/12/09,守谷市上下水道事務所,茨城県守谷市百合ヶ丘2-2734-1,,8:30～17:15 それぞれ配布窓口が異なるのでご注意ください,こちら からご確認ください,https://www.city.moriya.ibaraki.jp/kurashi_tetsuzuki/suido/1002264/1002265.html,35.948891,139.980577
茨城県,常陸大宮市,http://www.gk-p.jp/wp-content/uploads/mhc/08-225-A-01.jpg,第18弾,2023/01/28,道の駅常陸大宮～かわプラザ～,茨城県常陸大宮市岩崎717-1,,9:00～18:00,こちら からご確認ください ※現在、配布を一時中止しています,https://www.city.hitachiomiya.lg.jp/kurashi_gyousei/kurashi/suidou/gesuidou/page011190.html,36.597094,140.410256
茨城県,那珂市,http://www.gk-p.jp/wp-content/uploads/mhc/08-226-A-01.jpg,第10弾,2019/08/07,那珂市曲がり屋,茨城県那珂市菅谷4520-1（一ノ関ため池親水公園）,,9:00～16:30 ただし、月曜日（祭日の場合はその翌日、11～3月は無休）及び年末年始はお休みです,こちら からご確認ください,http://www.city.naka.lg.jp/page/dir000357.html,36.456298,140.487791
茨城県,筑西市(A001),http://www.gk-p.jp/wp-content/uploads/mhc/08-227-A-01.jpg,第11弾,2019/12/14,筑西市役所上下水道部下水道課,茨城県筑西市丙360番地,,【平日】8：30～17：15 【休日】9：00～17：00,こちら からご確認ください,https://www.city.chikusei.lg.jp/page/page006377.html,36.305227,139.979497
茨城県,筑西市(B001),http://www.gk-p.jp/wp-content/uploads/mhc/08-227-B-01.jpg,第28弾,2026/04/24,道の駅グランテラス筑西総合案内所,茨城県筑西市川澄1850,,9:00～18:00 ただし、毎月第3水曜日、1/1はお休みです,こちら からご確認ください,https://www.city.chikusei.lg.jp/kankou/kankou-news/page012070.html,36.322920,139.993914
茨城県,かすみがうら市,http://www.gk-p.jp/wp-content/uploads/mhc/08-230-A-01.jpg,第21弾,2023/12/15,①畔の駅コハン(かすみがうら市交流センター),茨城県かすみがうら市坂4784番地先,,①9:00～17:00（ただし休館日（年末年始や館内清掃日など）は除く） ②火曜日～日曜日9:00～16:30 (休園日・月曜日(例外あり)／年末年始・園内清掃日などは除く。月曜の休園日は、月曜日が祝日のときはその翌日。祝日が連続する場合は祝日明けが休園）,こちら からご確認ください,https://www.city.kasumigaura.lg.jp/page/page015174.html,36.070762,140.375103
茨城県,桜川市(A001),http://www.gk-p.jp/wp-content/uploads/mhc/08-231-A-01.jpg,第11弾,2019/12/14,桜川市役所下水道課,茨城県桜川市真壁町飯塚911番地,,【平日】9：00～16：00 【休日】9：00～16：00,こちら からご確認ください, http://www.city.sakuragawa.lg.jp/page/page006330.html ,36.278376,140.091888
茨城県,桜川市(B001),http://www.gk-p.jp/wp-content/uploads/mhc/08-231-B-01.jpg,第24弾,2024/12/20,桜川市役所大和庁舎総合窓口課,茨城県桜川市羽田1023番地,,9:00～16:00 年末年始も配布します,こちら からご確認ください,https://www.city.sakuragawa.lg.jp/kurashi/news/page006330.html,36.327275,140.090478
茨城県,行方市,http://www.gk-p.jp/wp-content/uploads/mhc/08-233-A-01.jpg,第08弾,2018/08/11,天王崎観光交流センター「コテラス」,茨城県行方市麻生419-1（白帆の湯あそう温泉内）,,10：00～17：00 ただし、水曜日はお休みです,こちら からご確認ください,http://www.city.namegata.ibaraki.jp/page/page006477.html,35.987093,140.475307
茨城県,鉾田市,http://www.gk-p.jp/wp-content/uploads/mhc/08-234-A-01.jpg,第10弾,2019/08/07,鉾田市役所本庁舎１F市民課窓口,茨城県鉾田市鉾田1444番地1,,8：30～17：00（土・日・祝日　含む） ※平日のマンホールカードの配布は、通常業務中の窓口での対応となります。 窓口に設置してあります、証明書発行の番号札をとってお待ちください。 混雑状況により、受付にお時間を要する場合がありますので、事前にご了承ください。,こちら からご確認ください,https://www.city.hokota.lg.jp/page/page002265.html,36.158699,140.516389
茨城県,大洗町,http://www.gk-p.jp/wp-content/uploads/mhc/08-309-A-01.jpg,第18弾,2023/01/28,大洗町観光情報交流センター「うみまちテラス」,茨城県東茨城郡大洗町桜道301,,9：00～18：00 ただし、12月29日～12月31日はお休みです,こちら からご確認ください,https://www.town.oarai.lg.jp/cat1/suidou/gesui/17000/,36.315042,140.562942
茨城県,五霞町,http://www.gk-p.jp/wp-content/uploads/mhc/08-542-A-01.jpg,第21弾,2023/12/15,五霞町役場　建設水道課,茨城県猿島郡五霞町大字小福田1162番地1（庁舎2階）,,9:00～17:00,こちら からご確認ください,https://www.town.goka.lg.jp/kurashi-machi-shigoto/kurashi/kurashi-tetsuzuki/lifeline/jogesuidou/gesuidou/page005210.html,36.114123,139.746283
栃木県,栃木県（流域下水道）,http://www.gk-p.jp/wp-content/uploads/mhc/09-000-A-01.jpg,第07弾,2018/04/28,栃木県下水道管理事務所,栃木県下水道管理事務所,,【平日】9:00～16:00 【休日】11:00～16:00 ただし、年末年始はお休みです,こちら からご確認ください,https://www.pref.tochigi.lg.jp/h60/koumu/manhole/card02.html,36.415158,139.865389
栃木県,宇都宮市（A001）,http://www.gk-p.jp/wp-content/uploads/mhc/09-201-A-01.jpg,第03弾,2016/12/01,宇都宮市上下水道局,栃木県宇都宮市河原町1-41,,8:30～17:30 ただし、年末年始はお休みです それぞれ配布窓口が異なるのでご注意ください,028-633-3230までお問い合わせください,,36.550496,139.883388
栃木県,宇都宮市（B001）,http://www.gk-p.jp/wp-content/uploads/mhc/09-201-B-01.jpg,第10弾,2019/08/07,宇都宮市観光案内所,栃木県宇都宮市川向町1-23,,8:30～20:00 ただし、年末年始（12月29日～1月3日）はお休みです,こちら からご確認ください,http://www.utsunomiya-cvb.org/9168.html,36.560782,139.897854
栃木県,宇都宮市(C001),http://www.gk-p.jp/wp-content/uploads/mhc/09-201-C-01.jpg,第23弾,2024/07/26,交通未来都市うつのみやオープンスクエア,栃木県宇都宮市駅前通り1丁目4-6 トナリエ宇都宮 3階,,10:00～19:00 ただし、トナリエ宇都宮の閉館日（年始のみ）はお休みです,こちら からご確認ください,https://www.city.utsunomiya.lg.jp/kurashi/kotsu/lrt/1028855/1036491.html,36.560214,139.896968
栃木県,宇都宮市(D001),http://www.gk-p.jp/wp-content/uploads/mhc/09-201-D-01.jpg,第26弾,2025/07/25,宇都宮市役所文化都市推進課,栃木県宇都宮市旭1-1-5,,【平日】8:30～17:15 【土日祝日】9：00～17:00 ただし、年末年始はお休みです,こちら からご確認ください,https://www.city.utsunomiya.lg.jp/event/bunka/hyakunin/1007440.html,36.555159,139.882328
栃木県,足利市（A001）,http://www.gk-p.jp/wp-content/uploads/mhc/09-202-A-01.jpg,第02弾,2016/08/01,太平記館,栃木県足利市伊勢町3-6-4（足利市観光協会駐車場内）,,9:00～17:00 ただし、年末（12/29～12/31）はお休みです,こちら からご確認ください,http://www.city.ashikaga.tochigi.jp/site/jougesuidou/manholecard-short.html,36.335006,139.454273
栃木県,足利市（B001）,http://www.gk-p.jp/wp-content/uploads/mhc/09-202-B-01.jpg,第04弾,2017/04/03,足利まちなか遊学館,栃木県足利市通1-2673-1,,9:00～17:00 ただし、第3月曜日（祝祭日・振替休日の時は翌日）、年末（12/29～12/31）はお休みです ※史跡足利学校の休館日に合わせ、休館日が変更となる月があります,こちら からご確認ください,http://www.city.ashikaga.tochigi.jp/site/jougesuidou/manholecard-short.html,36.334335,139.452929
栃木県,栃木市,http://www.gk-p.jp/wp-content/uploads/mhc/09-203-A-01.jpg,第09弾,2018/12/14,一般社団法人栃木市観光協会,栃木県栃木市倭町14-1,,8:30～17:00 ただし、年末年始(12/29～1/3)はお休みです,こちら からご確認ください,https://www.city.tochigi.lg.jp/site/suidou/6987.html,36.379922,139.734003
栃木県,佐野市,http://www.gk-p.jp/wp-content/uploads/mhc/09-204-A-01.jpg,第09弾,2018/12/14,佐野市観光物産会館,栃木県佐野市金井上町2519,,9:00～18:00 不定休,こちら からご確認ください,https://www.city.sano.lg.jp/sp/suidokyoku/customer/01/4330.html,36.311760,139.572142
栃木県,佐野市(B001),http://www.gk-p.jp/wp-content/uploads/mhc/09-204-B-01.jpg,第29弾,2026/07/31,佐野市国際クリケット場Tearoom at the SICG,栃木県佐野市栃本町300番地1,,【月・水・木・土・日】10:00～16:00（土日は18:00まで） 定休日：火・金 冬季休業：12月中旬～1月中旬,こちら からご確認ください,https://www.city.sano.lg.jp/sp/cricket/28597.html,36.358533,139.592543
栃木県,鹿沼市,http://www.gk-p.jp/wp-content/uploads/mhc/09-205-A-01.jpg,第10弾,2019/08/07,まちの駅　新・鹿沼宿,栃木県鹿沼市仲町1604-1,,9:00～19:00,こちら からご確認ください,https://www.city.kanuma.tochigi.jp/0705/info-0000005483-0.html,36.564208,139.746322
栃木県,日光市（A001）,http://www.gk-p.jp/wp-content/uploads/mhc/09-206-A-01.jpg,第08弾,2018/08/11,日光市観光協会　今市支部,栃木県日光市今市717-1,,9：00～17：00,こちら からご確認ください,https://www.city.nikko.lg.jp/soshiki/8/1037/5/1/536.html,36.724702,139.687464
栃木県,日光市（B001）,http://www.gk-p.jp/wp-content/uploads/mhc/09-206-B-01.jpg,第09弾,2018/12/14,栃木県立日光自然博物館（奥日光インフォメーションセンター）,栃木県立日光自然博物館（奥日光インフォメーションセンター）,,【4/1～11/10】9:00～17:00 【11/11～3/31】10:00～16:00 ただし、5月～11月は無休、12月～4月は月曜日（祝日の場合、翌日以降に振り替え）、年末年始(12/29〜1/3）はお休みです,こちら からご確認ください,https://www.city.nikko.lg.jp/soshiki/8/1037/5/1/536.html,36.738687,139.500038
栃木県,小山市(A001),http://www.gk-p.jp/wp-content/uploads/mhc/09-208-A-01.jpg,第15弾,2021/08/17,小山市役所,小山市役所　市役所４階　下水道施設課内,,8:30～17:15,こちら からご確認ください,https://www.city.oyama.tochigi.jp/soshiki/46/242777.html,36.314590,139.800593
栃木県,小山市(B001),http://www.gk-p.jp/wp-content/uploads/mhc/09-208-B-01.jpg,第28弾,2026/04/24,小山市まちの駅思季彩館,栃木県小山市中央町3-5-3,,9:00～17:00 ただし、水曜日・年末年始はお休みです,こちら からご確認ください,https://www.city.oyama.tochigi.jp/kurashi/suido-gesuido/gesuido/page010516.html,36.313606,139.804172
栃木県,真岡市,http://www.gk-p.jp/wp-content/uploads/mhc/09-209-A-01.jpg,第11弾,2019/12/14,久保記念観光文化交流館,栃木県真岡市荒町1105番地1,,"9:00～17:00 ただし、火曜日(祝日の場合は翌日),年末年始はお休みです",こちら からご確認ください,https://www.city.moka.lg.jp/kakuka/gesuido/gyomu/jogesuido/9271.html,36.443033,140.011567
栃木県,大田原市(A001),http://www.gk-p.jp/wp-content/uploads/mhc/09-210-A-01.jpg,第03弾,2016/12/01,道の駅　那須与一の郷　物産館,栃木県大田原市南金丸1584-6,電話番号:0287-23-8641,9:00〜17:00 ただし、年末年始（12/29〜1/3）はお休みです,こちら からご確認ください ※現在、配布を一時中止しています,https://www.city.ohtawara.tochigi.jp/docs/2022111000029/,36.862648,140.087578
栃木県,大田原市(B001),http://www.gk-p.jp/wp-content/uploads/mhc/09-210-B-01.jpg,第28弾,2026/04/24,大田原市観光交流センター,栃木県大田原市黒羽田町848,,9:00～17:00 ただし、12/29～1/3はお休みです,こちら からご確認ください,https://www.city.ohtawara.tochigi.jp/docs/2022111000029/,36.862707,140.121718
栃木県,矢板市(A001),http://www.gk-p.jp/wp-content/uploads/mhc/09-211-A-01.jpg,第28弾,2026/04/24,道の駅やいた,栃木県矢板市矢板114番地１,,8:30～17:00 ただし、年末年始はお休みです,こちら からご確認ください ※現在、配布を一時中止しています,https://www.city.yaita.tochigi.jp/soshiki/syoukou/,36.805779,139.921487
栃木県,那須塩原市(A001),http://www.gk-p.jp/wp-content/uploads/mhc/09-213-A-01.jpg,第11弾,2019/12/14,那須塩原市塩原もの語り館,栃木県那須塩原市塩原747,,,配布終了 問合せ先 那須塩原市上下水道部管理課 電話：0287-37-5213（給排水係）,,36.971741,139.819675
栃木県,那須塩原市(B001),http://www.gk-p.jp/wp-content/uploads/mhc/09-213-B-01.jpg,第12弾,2020/04/25,山あげ会館（那須烏山市観光協会）,栃木県那須烏山市金井2-5-26,,,配布終了 問合せ先 那須塩原市上下水道部管理課 電話：0287-37-5213（給排水係）,,36.653843,140.154708
栃木県,さくら市,http://www.gk-p.jp/wp-content/uploads/mhc/09-214-A-01.jpg,第18弾,2023/01/28,さくら市役所　卯の里庁舎,栃木県さくら市氏家2190-7,,8:30～17:00,こちら からご確認ください,https://www.city.tochigi-sakura.lg.jp/life/000016/000133/000543/p003072.html,36.681471,139.957399
栃木県,那須烏山市(A001),http://www.gk-p.jp/wp-content/uploads/mhc/09-215-A-01.jpg,第25弾,2025/04/25,那須烏山市役所烏山庁舎（まちづくり課）,栃木県那須烏山市中央1-1-1,,8:30～17:00,こちら からご確認ください ※現在、配布を一時中止しています,https://www.city.nasukarasuyama.lg.jp/kurashi/public-transport-road/jr-karasuyama-line/news/page005906.html,36.656941,140.151671
栃木県,那須烏山市(B001),http://www.gk-p.jp/wp-content/uploads/mhc/09-215-B-01.jpg,第26弾,2025/07/25,山あげ会館（那須烏山市観光協会）,栃木県那須烏山市金井2-5-26,,9:00～16:00 ただし、毎週火曜日（祝日の場合はその翌日）、年末年始はお休みです。 なお、臨時休館日等の最新情報は、山あげ会館（那須烏山市観光協会）ホームページをご確認ください。,こちら からご確認ください ※現在、配布を一時中止しています,https://www.city.nasukarasuyama.lg.jp/page/page005906.html,36.653847,140.154763
栃木県,那須烏山市(C001),http://www.gk-p.jp/wp-content/uploads/mhc/09-215-C-01.jpg,第29弾,2026/07/31,山あげ会館（那須烏山市観光協会）,栃木県那須烏山市金井2-5-26,,9:00～16:00 ただし、毎週火曜日（祝日の場合はその翌日）、年末年始、観光協会が指定する日はお休みです,こちら からご確認ください,https://www.city.nasukarasuyama.lg.jp/kurashi/public-transport-road/jr-karasuyama-line/news/page005906.html,36.653804,140.154746
栃木県,下野市,http://www.gk-p.jp/wp-content/uploads/mhc/09-216-A-01.jpg,第06弾,2017/12/09,グリムの森「グリムの館」,栃木県下野市下古山747,,9：00～17：00 ただし、火曜日と月末日はお休みです。（土日祝日の場合は開館、その翌日が休館） また、年末年始（12/28～1/4）はお休みです,こちら からご確認ください,http://www.grimm-no.net/news/2018/08/01/%E3%83%9E%E3%83%B3%E3%83%9B%E3%83%BC%E3%83%AB%E3%82%AB%E3%83%BC%E3%83%89-%E9%85%8D%E4%BB%98%E3%81%97%E3%81%A6%E3%81%84%E3%81%BE%E3%81%99/,36.449111,139.858770
栃木県,下野市(B001),http://www.gk-p.jp/wp-content/uploads/mhc/09-216-B-01.jpg,第29弾,2026/07/31,下野薬師寺歴史館,栃木県下野市薬師寺1636,,9:00～16:30 ただし、毎週月曜日（休日の場合はその翌日）、第3火曜日（休日の場合は除く）、休日の翌日（土・日・休日の場合は除く）、年末年始はお休みです,こちら からご確認ください,https://www.shimotsuke-bunkazai.com/topics.php?id=449,36.400826,139.874245
栃木県,上三川町,http://www.gk-p.jp/wp-content/uploads/mhc/09-301-A-01.jpg,第23弾,2024/07/26,上三川町ＯＲＩＧＡＭＩプラザ,上三川町ＯＲＩＧＡＭＩプラザ,,9：00～17：00 ただし、年末年始（12/29～1/3）はお休みです。 その他、施設の点検等で休館する場合があります。,こちら からご確認ください,https://www.town.kaminokawa.lg.jp/0092/info-0000003312-0.html,36.436301,139.909229
栃木県,壬生町(A001),http://www.gk-p.jp/wp-content/uploads/mhc/09-361-A-01.jpg,第14弾,2021/04/25,壬生町役場下水道課,栃木県下都賀郡壬生町大字壬生甲３８４１番地１,,9：00－17：00（年中無休）,こちら からご確認ください ※現在、配布を一時中止しています,https://www.town.mibu.tochigi.jp/docs/2021041300025/,36.426999,139.803863
栃木県,壬生町(B001),http://www.gk-p.jp/wp-content/uploads/mhc/09-361-B-01.jpg,第18弾,2023/01/28,壬生町おもちゃ博物館,栃木県下都賀郡壬生町国谷2300番地,,10：45～16：30 ただし、毎週月曜・年末年始はお休みです。 （月曜日が祝日・振替休日の場合は翌日が休みとなります。）,こちら からご確認ください ※現在、配布を一時中止しています,https://www.town.mibu.tochigi.jp/docs/2023102000042/,36.462095,139.808300
栃木県,那珂川町(A001),http://www.gk-p.jp/wp-content/uploads/mhc/09-411-A-01.jpg,第29弾,2026/07/31,那珂川町役場小川出張所,栃木県那珂川町小川1065,,9:00～17:00,こちら からご確認ください,https://www.town.tochigi-nakagawa.lg.jp/0072/info-0000002006-0.html,36.764316,140.135933
群馬県,群馬県（流域下水道）,http://www.gk-p.jp/wp-content/uploads/mhc/10-000-A-01.jpg,第05弾,2017/08/01,群馬県県土整備部 下水道総合事務所,群馬県県土整備部 下水道総合事務所,※臨時休園が心配な方の事前確認は電話でお願いします,【平日】9:00～12:00、13:00〜17:00 【土日祝日】9:00～16:00 ※ただし年末年始（12/29～1/3）はお休みです,こちら からご確認ください,http://www.pref.gunma.jp/07/p232_00001.html,36.297491,139.110206
群馬県,前橋市,http://www.gk-p.jp/wp-content/uploads/mhc/10-201-A-01.jpg,第03弾,2016/12/01,道の駅「まえばし赤城」観光案内所,群馬県前橋市田口町３６番地,,9:00～18:00 ただし、年末年始（12/30～1/3）はお休みです,こちら からご確認ください,https://www.city.maebashi.gunma.jp/soshiki/suidokyoku/gesuidoseibi/oshirase/4363.html,36.439324,139.054112
群馬県,桐生市(A001),http://www.gk-p.jp/wp-content/uploads/mhc/10-203-A-01.jpg,第07弾,2018/04/28,桐生市観光情報センター「シルクル桐生」,群馬県桐生市本町5丁目354番地,電話　0277-32-4555,9：00～17：00 休館日：12月29日〜1月3日,こちら からご確認ください,http://www.city.kiryu.lg.jp/kurashi/suido/gesui/1013174.html,36.410800,139.338792
群馬県,桐生市(B001),http://www.gk-p.jp/wp-content/uploads/mhc/10-203-B01.jpg,第16弾,2022/01/15,桐生市役所水道局下水道課,群馬県桐生市美原町2番5号,,【平日】9：00～17：00 【土日祝】9：00～17：00,こちら からご確認ください,https://www.city.kiryu.lg.jp/kurashi/suido/gesui/1013174.html,36.405539,139.330429
群馬県,伊勢崎市,http://www.gk-p.jp/wp-content/uploads/mhc/10-204-A-01.jpg,第24弾,2024/12/20,伊勢崎駅前インフォメーションセンター,群馬県伊勢崎市曲輪町8番地1,,【通常】9:00～21:00 ただし、月曜日(祝日のときは、その直後の平日)及び年末年始はお休みです 【上記の休館日】9:00～17:00 月曜日(祝日のときは、その直後の平日)に配布します ただし、年末年始はお休みです,こちら からご確認ください,https://www.city.isesaki.lg.jp/soshiki/suidokyo/gesuisisetu/20782.html,36.326627,139.193607
群馬県,沼田市(A001),http://www.gk-p.jp/wp-content/uploads/mhc/10-206-A-01.jpg,第08弾,2018/08/11,沼田市観光案内所,群馬県沼田市西倉内町2889-3,,【水曜日以外】 【3～11月】9：00～17：00 【12～2月】9：00～16：00 ただし毎週水曜日(ゴールデンウィーク、お盆、祝日を除く)及び、年末年始(12月29日～1月3日)はお休みです 【水曜日】8：00〜17：15 ただし年末年始はお休みです,こちら からご確認ください,http://www.numata-kankou.jp/news/index.html,36.647426,139.039454
群馬県,沼田市(B001),http://www.gk-p.jp/wp-content/uploads/mhc/10-206-B-01.jpg,第28弾,2026/04/24,老神温泉観光協会,群馬県沼田市利根町老神607-1,,【火曜日以外】9:00～12:00、13:00～17:00 【火曜日】8:30～17:00,こちら からご確認ください,https://www.oigami.net/blog/,36.671195,139.209733
群馬県,館林市,http://www.gk-p.jp/wp-content/uploads/mhc/10-207-A-01.jpg,第03弾,2016/12/01,つつじが岡ふれあいセンター,館林市花山町3181,,9：00～17：00（最終入館16時30分） ※月曜日（祝日の場合は翌平日）と年末年始と臨時休館日はお休みです,こちら からご確認ください,https://www.city.tatebayashi.gunma.jp/s073/kurashi/090/030/120/20200108201000.html,36.241748,139.551374
群馬県,渋川市（A001）,http://www.gk-p.jp/wp-content/uploads/mhc/10-208-A-01.jpg,第09弾,2018/12/14,中央公民館（渋川東部公民館）,渋川市渋川908番地21,,8:30～17:00 休館日:年末年始、定期清掃時 定期清掃時は渋川市役所上下水道局総務経営課にて配布します。 （渋川市役所第二庁舎になりますのでご注意ください。）,こちら からご確認ください,http://www.city.shibukawa.lg.jp/kurashi/jyougesuidou/gesuidou/p006148.html,36.499977,139.005636
群馬県,渋川市（B001）,http://www.gk-p.jp/wp-content/uploads/mhc/10-208-B-01.jpg,第10弾,2019/08/07,伊香保ロープウェイ不如帰駅観光案内所,群馬県渋川市伊香保町伊香保558番地1,,9:00～18:00 年中無休,こちら からご確認ください,http://www.city.shibukawa.lg.jp/kurashi/jyougesuidou/gesuidou/p006792.html,36.497084,138.919410
群馬県,渋川市(C001),http://www.gk-p.jp/wp-content/uploads/mhc/10-208-C-01.jpg,第12弾,2020/04/25,渋川地区名産品センター（しぶさん）,群馬県渋川市渋川1832番地27 渋川駅前プラザ,,9:00～19:00 ただし、１月１日、臨時休館日はお休みです,こちら からご確認ください,http://www.city.shibukawa.lg.jp/kurashi/jyougesuidou/gesuidou/p007129.html,36.491076,139.008259
群馬県,藤岡市,http://www.gk-p.jp/wp-content/uploads/mhc/10-209-A-01.jpg,第07弾,2018/04/28,道の駅ららん藤岡 藤岡市観光案内所,群馬県藤岡市中1131-8,,9：30～17：00 ただし、年末年始（12/29～1/3）はお休みです,こちら からご確認ください,https://www.city.fujioka.gunma.jp/soshiki/jogesuidobu/gesuido/2/1117.html,36.272750,139.071805
群馬県,富岡市,http://www.gk-p.jp/wp-content/uploads/mhc/10-210-A-01.jpg,第03弾,2016/12/01,旧韮塚製糸場,群馬県富岡市富岡33番地4,,9：00～17：00 年末（12/29～31）はお休みです,こちら からご確認ください,http://www.city.tomioka.lg.jp/www/contents/1474333379830/index.html,36.255819,138.888217
群馬県,みどり市,http://www.gk-p.jp/wp-content/uploads/mhc/10-212-A-01.jpg,第09弾,2018/12/14,一般社団法人みどり市観光協会,群馬県みどり市大間々町大間々1034-5,,9:00～16:00 ただし、年末年始はお休みです,こちら からご確認ください,https://www.city.midori.gunma.jp/kurashi/1001626/1001734/1002177.html,36.432800,139.273268
群馬県,吉岡町,http://www.gk-p.jp/wp-content/uploads/mhc/10-345-A-01.jpg,第12弾,2020/04/25,吉岡町役場上下水道課,群馬県北群馬郡吉岡町大字下野田560,,【平日】8:30～17:15 【休日】9:00～18:00 ただし、年末年始はお休みです,こちら からご確認ください,https://www.town.yoshioka.gunma.jp/kurashi/suido/gesuido/manhole_card.html,36.447377,139.009948
群馬県,草津町,http://www.gk-p.jp/wp-content/uploads/mhc/10-426-A-01.jpg,第08弾,2018/08/11,草津町役場,群馬県吾妻郡草津町大字草津28,,8：30～17：00 ただし、土日、祝日、年末年始はお休みです,こちら からご確認ください,https://www.town.kusatsu.gunma.jp/,36.620769,138.596014
群馬県,玉村町,http://www.gk-p.jp/wp-content/uploads/mhc/10-464-A-01.jpg,第11弾,2019/12/14,玉村町水道庁舎（玉村町上下水道課）,群馬県佐波郡玉村町大字上新田1116-3,,9:30～17:00 ただし、年末年始はお休みです,こちら からご確認ください,https://www.town.tamamura.lg.jp/docs/2021110900019/,36.308289,139.105432
群馬県,明和町,http://www.gk-p.jp/wp-content/uploads/mhc/10-522-A-01.jpg,第20弾,2023/07/28,駅前プラザ「メイちゃん家」,群馬県邑楽郡明和町中谷328-10,,【平日】8：00～20：00 【休日】9：00～17：00 ただし、年末年始（12/29～1/3）はお休みです,こちら からご確認ください,https://www.town.meiwa.gunma.jp/life/soshiki/toshikensetsu/1_1/osirase/3208.html,36.208423,139.526319
群馬県,大泉町,http://www.gk-p.jp/wp-content/uploads/mhc/10-524-A-01.jpg,第04弾,2017/04/03,大泉町役場 公園下水道課,群馬県邑楽郡大泉町日の出51-1,,8：30～17：15,こちら からご確認ください,https://www.town.oizumi.gunma.jp/s025/kurashi/020/010/150/20200814142944.html,36.248057,139.406788
群馬県,邑楽町(A001),http://www.gk-p.jp/wp-content/uploads/mhc/10-525-A-01.jpg,第08弾,2018/08/11,邑楽町役場２階 都市計画課,群馬県邑楽郡邑楽町大字中野2570-1,,8：30～17：15,こちら からご確認ください,https://www.town.ora.gunma.jp/s018/2024-manho-rucard1th.html,36.252458,139.462331
群馬県,邑楽町(B001),http://www.gk-p.jp/wp-content/uploads/mhc/10-525-B-01.jpg,第21弾,2023/12/15,シンボルタワー 未来MiRAi,群馬県邑楽郡邑楽町大字中野2639番地1,,【通常】10：00～18：00（４月～９月） 10：00～16：00（10月～３月） ※イルミーネション開催時期については21:00まで ※ただし、月・火（祝日を除く）、年末年始はお休みです 【上記休館日】8：30～17：15 休館日（月・火（祝日を除く）、年末年始）に配布します,こちら からご確認ください,https://www.town.ora.gunma.jp/s018/020/050/120/2023-manho-rucard.html,36.253169,139.462475
埼玉県,埼玉県下水道公社,http://www.gk-p.jp/wp-content/uploads/mhc/11-010-A101.jpg,第17弾,2023/01/28,荒川水循環センター（守衛室）,埼玉県戸田市笹目5-37-14,,9:00～12:00、13:00～16:30,こちら からご確認ください,https://www.saitama-swg.or.jp/manholecard.html,35.813053,139.641734
埼玉県,埼玉県（流域下水道・A001）,http://www.gk-p.jp/wp-content/uploads/mhc/11-000-A-01.jpg,第04弾,2017/04/03,公益財団法人埼玉県下水道公社 荒川左岸南部支社,公益財団法人埼玉県下水道公社 荒川左岸南部支社,,【平日】9:00～12:00、13:00～17:00 【土・日・祝日】9:00～12:00、13:00～16:30,こちら からご確認ください,http://www.saitama-swg.or.jp/manholecard.html,35.813078,139.641697
埼玉県,埼玉県（流域下水道・B001）,http://www.gk-p.jp/wp-content/uploads/mhc/11-000-B-01.jpg,第04弾,2017/04/03,公益財団法人埼玉県下水道公社 荒川左岸北部支社,公益財団法人埼玉県下水道公社 荒川左岸北部支社,,9：00～17：00 ただし、土日、祝日、年末年始はお休みです,こちら からご確認ください,http://www.saitama-swg.or.jp/manholecard.html,36.026437,139.590961
埼玉県,埼玉県（流域下水道・C001）,http://www.gk-p.jp/wp-content/uploads/mhc/11-000-C-01.jpg,第04弾,2017/04/03,公益財団法人埼玉県下水道公社 荒川右岸支社,公益財団法人埼玉県下水道公社 荒川右岸支社,,9：00～17：00 ただし、土日、祝日、年末年始はお休みです,こちら からご確認ください,http://www.saitama-swg.or.jp/manholecard.html,35.806477,139.616781
埼玉県,埼玉県（流域下水道・D001）,http://www.gk-p.jp/wp-content/uploads/mhc/11-000-D-01.jpg,第04弾,2017/04/03,公益財団法人埼玉県下水道公社 中川支社,公益財団法人埼玉県下水道公社 中川支社,,9：00～17：00 ただし、土日、祝日、年末年始はお休みです,こちら からご確認ください,http://www.saitama-swg.or.jp/manholecard.html,35.834387,139.863373
埼玉県,埼玉県（流域下水道・E001）,http://www.gk-p.jp/wp-content/uploads/mhc/11-000-E-01.jpg,第04弾,2017/04/03,公益財団法人埼玉県下水道公社 古利根川支社,公益財団法人埼玉県下水道公社 古利根川支社,,9：00～17：00 ただし、土日、祝日、年末年始はお休みです,こちら からご確認ください,http://www.saitama-swg.or.jp/manholecard.html,36.058387,139.689259
埼玉県,埼玉県（流域下水道・F001）,http://www.gk-p.jp/wp-content/uploads/mhc/11-000-F-01.jpg,第04弾,2017/04/03,埼玉県荒川上流水循環センター,埼玉県荒川上流水循環センター,,9：00～17：00 ただし、土日、祝日、年末年始はお休みです,こちら からご確認ください,http://www.saitama-swg.or.jp/manholecard.html,36.138366,139.286451
埼玉県,埼玉県（流域下水道・G001）,http://www.gk-p.jp/wp-content/uploads/mhc/11-000-G-01.jpg,第04弾,2017/04/03,埼玉県市野川水循環センター,埼玉県市野川水循環センター,,9：00～17：00 ただし、土日、祝日、年末年始はお休みです,こちら からご確認ください,http://www.saitama-swg.or.jp/manholecard.html,36.050624,139.349846
埼玉県,埼玉県（流域下水道・H001）,http://www.gk-p.jp/wp-content/uploads/mhc/11-000-H-01.jpg,第04弾,2017/04/03,埼玉県小山川水循環センター,埼玉県小山川水循環センター,,9：00～17：00 ただし、土日、祝日、年末年始はお休みです,こちら からご確認ください,http://www.saitama-swg.or.jp/manholecard.html,36.227769,139.216455
埼玉県,埼玉県（流域下水道・I001）,http://www.gk-p.jp/wp-content/uploads/mhc/11-000-I001.jpg,第17弾,2023/01/28,イオンスタイル北戸田（1階サービスカウンター）,埼玉県戸田市美女木東1-3-1,,9：00～22：00 ただし、休業日を除きます,こちら からご確認ください。,https://www.pref.saitama.lg.jp/d1501/manho-ruka-do-tsujo.html,35.826811,139.652702
埼玉県,さいたま市(A001),http://www.gk-p.jp/wp-content/uploads/mhc/11-100-A-01.jpg,第01弾,2016/04/01,浦和観光案内所,さいたま市浦和区高砂1-16-12 アトレ浦和South Area,,10:00～18:00　ただし、年末年始はお休みです,こちら からご確認ください,https://www.city.saitama.jp/001/006/003/009/001/p046951.html,35.858466,139.657397
埼玉県,さいたま市(B001),http://www.gk-p.jp/wp-content/uploads/mhc/11-100-B-01.jpg,第22弾,2024/04/26,さいたま新都心観光案内所,埼玉県さいたま市中央区上落合2（JRさいたま新都心駅東西自由通路内）,,10:00～17:30 ただし、年末年始はお休みです,こちら からご確認ください,https://www.city.saitama.lg.jp/001/006/003/009/001/p046951.html,35.894003,139.633430
埼玉県,川越市(A001),http://www.gk-p.jp/wp-content/uploads/mhc/11-201-A-01.jpg,第04弾,2017/04/03,本川越駅観光案内所,埼玉県川越市新富町1丁目22,,9:00～17:00 （年中無休）,こちら からご確認ください,https://www.city.kawagoe.saitama.jp/kurashi/jogesuidobu/1002861/1002862/1002917/1002920.html,35.914001,139.481258
埼玉県,川越市(B001),http://www.gk-p.jp/wp-content/uploads/mhc/11-201-B01.jpg,第17弾,2022/08/06,川越駅観光案内所,埼玉県川越市脇田町24-9,,9:00～17:00 (年中無休),こちら からご確認ください,https://www.city.kawagoe.saitama.jp/kurashi/jogesuidobu/1002861/1002862/1002917/1002920.html,35.907118,139.483143
埼玉県,熊谷市（A001）,http://www.gk-p.jp/wp-content/uploads/mhc/11-202-A-01.jpg,第03弾,2016/12/01,熊谷市役所 上下水道部 下水道課,埼玉県熊谷市宮町2-47-1,,【平日】8:30～17:15 【休日】8:30～17:15 ただし、年末年始はお休みです,こちら からご確認ください,http://www.city.kumagaya.lg.jp/about/soshiki/jogesuido/gesuidou/oshirase/index.html,36.147390,139.388616
埼玉県,熊谷市（B001）,http://www.gk-p.jp/wp-content/uploads/mhc/11-202-B-01.jpg,第10弾,2019/08/07,熊谷駅観光案内所内,埼玉県熊谷市筑波2-115-1,,9:00～18:00 ただし、年末年始はお休みです,こちら からご確認ください,http://oideyo-kumagaya.com,36.139944,139.389647
埼玉県,川口市,http://www.gk-p.jp/wp-content/uploads/mhc/11-203-A-01.jpg,第06弾,2017/12/09,キュポ・ラ総合受付,埼玉県川口市川口1-1-1（2階）,,10：00～13：00、14：00～17：00 ただし、年末年始（12/29～1/3）はお休みです,こちら からご確認ください,https://www.water-kawaguchi.jp/gesuido/1001904/1001620.html,35.801035,139.718582
埼玉県,行田市,http://www.gk-p.jp/wp-content/uploads/mhc/11-206-A-01.jpg,第03弾,2016/12/01,行田市郷土博物館,埼玉県行田市本丸17-23,（問い合わせ先）行田市下水道課電話：048-564-0303,【通常】9:00～16:30 ただし、月曜日（祝日休日は開館）、祝日の翌日（土日は開館）、第4金曜日（テーマ展、企画展開催中は開館）、年末年始（12/28～1/3）はお休みです なお、臨時休館日もございますので、事前に左記HP、もしくは右記からご確認ください 【博物館休館日】9：30～17：00 ただし、年末年始（12/29～1/3）はお休みです。,こちら からご確認ください,https://www.city.gyoda.lg.jp/kurashi/jogesuido/gesuido/koho_fukyu/5893.html,36.137926,139.453351
埼玉県,所沢市（A001）,http://www.gk-p.jp/wp-content/uploads/mhc/11-208-A-01.jpg,第01弾,2016/04/01,所沢市上下水道局1階　お客様センター,埼玉県所沢市宮本町2-21-4,,8：30～18：00,こちら からご確認ください,http://www.city.tokorozawa.saitama.jp/kurashi/jogesuido/gesui/manholecard/gesiji20210324141853995.html,35.797821,139.460427
埼玉県,所沢市（B001）,http://www.gk-p.jp/wp-content/uploads/mhc/11-208-B-01.jpg,第08弾,2018/08/11,所沢市役所別館　商業観光課,埼玉県所沢市並木1-1,,8：30～17：15,こちら からご確認ください,http://www.city.tokorozawa.saitama.jp/kurashi/jogesuido/gesui/manholecard/gesiji20210324141853995.html,35.799563,139.469911
埼玉県,所沢市(C001),http://www.gk-p.jp/wp-content/uploads/mhc/11-208-C01.jpg,第16弾,2022/01/15,野老澤町造商店,埼玉県所沢市元町21-18,,10：00～17：30 ただし、毎週水曜、木曜、祝日、年末年始はお休みです。 ※臨時休日もあるため、事前にHP等でご確認ください。,こちら からご確認ください,http://www.city.tokorozawa.saitama.jp/kurashi/jogesuido/gesui/manholecard/gesiji20210324141853995.html,35.791454,139.465146
埼玉県,所沢市(D001),http://www.gk-p.jp/wp-content/uploads/mhc/11-208-D01.jpg,第16弾,2022/01/15,所沢市観光情報・物産館YOT－TOKO,埼玉県所沢市松郷143-3,,9：00～17：00,こちら からご確認ください,http://www.city.tokorozawa.saitama.jp/kurashi/jogesuido/gesui/manholecard/gesiji20210324141853995.html,35.797546,139.505314
埼玉県,飯能市,http://www.gk-p.jp/wp-content/uploads/mhc/11-209-A-01.jpg,第20弾,2023/07/28,一般社団法人奥むさし飯能観光協会事務局,埼玉県飯能市本町1番7号,,9:00～17:00 ただし、年末年始、施設点検日はお休みです,こちら からご確認ください,https://www.city.hanno.lg.jp/soshikikarasagasu/jogesuidobu/gesuidoka/gesuidouwosiru/7773.html,35.854519,139.315956
埼玉県,加須市(A001),http://www.gk-p.jp/wp-content/uploads/mhc/11-210-A-01.jpg,第23弾,2024/07/26,加須市物産観光協会（加須市役所本庁舎２階 観光振興課内）,加須市物産観光協会（加須市役所本庁舎２階 観光振興課内）,,【月曜日～金曜日】9：00～17：00 【土曜日・日曜日】9：00～17：00,こちら からご確認ください ※現在、配布を一時中止しています,http://www.city.kazo.lg.jp/soshiki/gesui/oshirase/37040.html,36.131456,139.601786
埼玉県,加須市(B001),http://www.gk-p.jp/wp-content/uploads/mhc/11-210-B-01.jpg,第26弾,2025/07/25,騎西総合支所地域振興課,埼玉県加須市騎西36番地１,,9：00～17：00 ただし、土曜日及び祝日（日曜日を除く）はお休みです,こちら からご確認ください ※現在、配布を一時中止しています,https://www.city.kazo.lg.jp/kurashi_bosai/jogesuido/1/37047.html,36.102016,139.574936
埼玉県,加須市(C001),http://www.gk-p.jp/wp-content/uploads/mhc/11-210-C-01.jpg,第29弾,2026/07/31,大利根総合支所地域振興課,埼玉県加須市北下新井1679番地1,,9:00～17:00 ただし、土曜日及び祝日（日曜日を除く）はお休みです,こちら からご確認ください,https://www.city.kazo.lg.jp/soshiki/gesui/oshirase/37040.html,36.140646,139.664171
埼玉県,本庄市(A001),http://www.gk-p.jp/wp-content/uploads/mhc/11-211-A-01.jpg,第10弾,2019/08/07,本庄市役所１階市民ホール総合案内,本庄市役所１階市民ホール総合案内,,8:30～17:15 ただし、年末年始（12/29～1/3）はお休みです,こちら からご確認ください,https://www.city.honjo.lg.jp/kurashi_tetsuzuki/jogesuido/gesuido/1563327619038.html,36.245692,139.179403
埼玉県,本庄市(B001),http://www.gk-p.jp/wp-content/uploads/mhc/11-211-B-01.jpg,第13弾,2020/12/17,本庄早稲田の杜ミュージアム,埼玉県本庄市西富田1011,,【通常】本庄早稲田の杜ミュージアム 9：00～16：30 ただし、月曜日（休日の場合翌日）、年末年始（12/28～1/3）はお休みです 【休館日】本庄市役所文化財保護課（本庄早稲田の杜ミュージアムの休館日に配布します ただし、年末年始（12/29～1/3）はお休みです） 8：30～17：15,こちら からご確認ください,https://www.city.honjo.lg.jp/kurashi_tetsuzuki/jogesuido/gesuido/1563327619038.html,36.217835,139.177151
埼玉県,狭山市,http://www.gk-p.jp/wp-content/uploads/mhc/11-215-A-01.jpg,第07弾,2018/04/28,狭山市市民交流センター2F 総合案内,狭山市市民交流センター2F 総合案内,,8：00～22：00 ただし、年末年始（12/29～1/3）、施設点検日はお休みです,こちら からご確認ください,https://www.city.sayama.saitama.jp/kurashi/dourokotsuu/jogesuido/oshirase/manholecard2018.html,35.856950,139.412243
埼玉県,羽生市,http://www.gk-p.jp/wp-content/uploads/mhc/11-216-A-01.jpg,第06弾,2017/12/09,羽生市三田ヶ谷農林公園　キヤッセ羽生「ムジナモ市場」,羽生市三田ヶ谷農林公園　キヤッセ羽生「ムジナモ市場」,,10：00～17：00 ただし、年末年始はお休みです,こちら からご確認ください,http://www.city.hanyu.lg.jp/docs/2017111000025/,36.171967,139.601353
埼玉県,鴻巣市(A001),http://www.gk-p.jp/wp-content/uploads/mhc/11-217-A-01.jpg,第11弾,2019/12/14,鴻巣市産業観光館「ひなの里」,埼玉県鴻巣市人形1-4-20,,【水曜日以外】9:00～17:00 【水曜日】8:30～17:15 ただし、年末年始（12/28～1/3）はお休みです,こちら からご確認ください,https://www.city.kounosu.saitama.jp/page/1056.html,36.053092,139.518276
埼玉県,鴻巣市(B001),http://www.gk-p.jp/wp-content/uploads/mhc/11-217-B-01.jpg,第20弾,2023/07/28,コウノトリ野生復帰センター「天空の里」,埼玉県鴻巣市明用632,,【火曜日以外】9:00～16:45（3月～10月） 9:00～16:00（11月～2月） 【火曜日】8:30～17:15 ただし、年末年始（12月29日から1月3日）はお休みです,こちら からご確認ください,http://www.city.kounosu.saitama.jp/page/15979.html,36.086930,139.450981
埼玉県,深谷市(A001),http://www.gk-p.jp/wp-content/uploads/mhc/11-218-A-01.jpg,第19弾,2023/04/28,深谷テラスパーク管理棟事務所,埼玉県深谷市花園114,,9:00~17:00 ただし、年末年始はお休みです,こちら からご確認ください,https://www.city.fukaya.saitama.jp/soshiki/kankyosuido/gesuido/tanto/00218/14193.html,36.132146,139.245574
埼玉県,深谷市(B001),http://www.gk-p.jp/wp-content/uploads/mhc/11-218-B-01.jpg,第23弾,2024/07/26,道の駅おかべ　ふるさと物産センター,埼玉県深谷市岡部688-1,,10：00～17：00,こちら からご確認ください,https://www.city.fukaya.saitama.jp/soshiki/kankyosuido/gesuido/tanto/00218/16632.html,36.218760,139.240920
埼玉県,深谷市(C001),http://www.gk-p.jp/wp-content/uploads/mhc/11-218-C-01.jpg,第26弾,2025/07/25,深谷市役所水道庁舎2F 下水道工務課,埼玉県深谷市岡部1086,,【平日】9:00～17:00 【土日祝日】9:00～17:00 ただし、年末年始はお休みです,こちら からご確認ください,https://www.city.fukaya.saitama.jp/soshiki/kankyosuido/gesuido/tanto/00218/18676.html,36.199126,139.250329
埼玉県,上尾市(A001),http://www.gk-p.jp/wp-content/uploads/mhc/11-219-A-01.jpg,第05弾,2017/08/01,上尾市役所上下水道部 下水道施設課,埼玉県上尾市大字上尾村1157番地(上下水道部庁舎2階),,8：30〜17：00 ※ただし、土日、祝日、年末年始はお休みです,こちら からご確認ください,https://www.city.ageo.lg.jp/site/suido/list218-1040.html,35.974538,139.589597
埼玉県,上尾市(B001),http://www.gk-p.jp/wp-content/uploads/mhc/11-219-B-01.jpg,第12弾,2020/04/25,あげお お土産・観光センター,埼玉県上尾市宮本町3-2-207（A-geoタウン2階）,,10：30〜18：30 ただし、月曜日、年末年始はお休みです。 ※月曜日が祝日の場合は、翌日以降の平日がお休みです。 ※大雪や台風等の悪天候等諸事情により臨時休館する場合があります,こちら からご確認ください,https://www.city.ageo.lg.jp/site/suido/list218-1040.html,35.974535,139.589845
埼玉県,草加市（A001）,http://www.gk-p.jp/wp-content/uploads/mhc/11-221-A-01.jpg,第08弾,2018/08/11,草加宿芭蕉庵,埼玉県草加市神明二丁目145番地1,,10：30～15：30 ただし、月曜日（祝祭日の場合は翌日）、年末年始（12/29～1/3）はお休みです,こちら からご確認ください,http://www.city.soka.saitama.jp/cont/s1904/020/010/010/PAGE000000000000056963.html,35.836487,139.807100
埼玉県,草加市（B001）,http://www.gk-p.jp/wp-content/uploads/mhc/11-221-B-01.jpg,第09弾,2018/12/14,伝統産業展示室『ぱりっせ』,埼玉県草加市松江一丁目1番5号,,10：00～17:00 ただし、第1水曜日、G・W（5/3～5）、お盆（8/13～15）、年末年始（12/29～1/4）はお休みです,こちら からご確認ください,http://www.city.soka.saitama.jp/cont/s1904/020/010/010/PAGE000000000000058775.html,35.843827,139.805041
埼玉県,越谷市（A001）,http://www.gk-p.jp/wp-content/uploads/mhc/11-222-A-01.jpg,第03弾,2016/12/01,市民活動支援センター,埼玉県越谷市弥生町16番1号 越谷ツインシティBシティ5階,,9:00~21:30 ただし年末年始(12/29~1/3)はお休みです,こちら からご確認ください,http://www.city.koshigaya.saitama.jp/kurashi_shisei/kurashi/douro/suidogesuido/manholecard.html,35.889417,139.786763
埼玉県,越谷市（B001）,http://www.gk-p.jp/wp-content/uploads/mhc/11-222-B-01.jpg,第04弾,2017/04/03,観光物産拠点施設「ガーヤちゃんの蔵屋敷」,埼玉県越谷市弥生町505-2（東武スカイツリーライン越谷駅東口高架下）,,10:00～19:00 ただし、年末年始（12/31～1/2）はお休みです。 ※店内整理等により営業日・営業時間は変更になる可能性があります,こちら からご確認ください,http://www.city.koshigaya.saitama.jp/kurashi_shisei/kurashi/douro/suidogesuido/manholecard.html,35.889172,139.785734
埼玉県,越谷市(C001),http://www.gk-p.jp/wp-content/uploads/mhc/11-222-C-01.jpg,第18弾,2023/01/28,越谷市観光協会,埼玉県越谷市レイクタウン4-1-4（越谷レイクタウン水辺のまちづくり館内）,,9：00～17：00 ただし、毎週水曜日（祝日は除く）、年末年始（12/29～1/3）はお休みです,こちら からご確認ください,https://www.city.koshigaya.saitama.jp/kurashi_shisei/kurashi/douro/suidogesuido/manholecard.html,35.879442,139.822860
埼玉県,越谷市(D001),http://www.gk-p.jp/wp-content/uploads/mhc/11-222-D-01.jpg,第29弾,2026/07/31,ガーヤちゃんの蔵屋敷,埼玉県越谷市弥生町505-2,,10:00～19:00 ただし、年末年始（12/31～1/2）はお休みです。 ※店内整理等により営業日・営業時間は変更になる可能性があります,こちら からご確認ください,https://www.city.koshigaya.saitama.jp/kurashi_shisei/kurashi/douro/suidogesuido/manholecard.html,35.889258,139.785750
埼玉県,戸田市(A001),http://www.gk-p.jp/wp-content/uploads/mhc/11-224-A-01.jpg,第04弾,2017/04/03,戸田市役所 新曽南庁舎 4階,戸田市役所 新曽南庁舎 4階,,【平日】8:30〜17:15 【土日祝】9:00〜19:00（さくらパルの休館日等は除く） ただし、12月29日～1月3日はお休みです,こちら からご確認ください,https://www.city.toda.saitama.jp/site/suidou/gesuidou-manholecard.html,35.806675,139.669647
埼玉県,戸田市(B001),http://www.gk-p.jp/wp-content/uploads/mhc/11-224-B-01.jpg,第23弾,2024/07/26,戸田市観光情報館トビック,埼玉県戸田市本町４丁目１５番１１号,,【平日】10：00～20:00 【土日祝日】9:00～17:30 ただし、12月29日～1月3日はお休みです また、施設の事情で休館する場合があります,こちら からご確認ください,https://www.city.toda.saitama.jp/site/suidou/gesuidou-manholecard.html,35.808111,139.677420
埼玉県,入間市(A001),http://www.gk-p.jp/wp-content/uploads/mhc/11-225-A-01.jpg,第18弾,2023/01/28,入間市役所上下水道部上下水道経営課,埼玉県入間市豊岡1-16-1,,9：00～17：00,こちら からご確認ください,https://www.city.iruma.saitama.jp/soshiki/jogesuidokeeka/jogesuido/gesuido/oshirase_event/3577.html,35.835819,139.391101
埼玉県,入間市(B001),http://www.gk-p.jp/wp-content/uploads/mhc/11-225-B-01.jpg,第19弾,2023/04/28,入間市博物館ALIT（アリット）,埼玉県入間市二本木100,,9：00～17：00 ただし、月曜日（その日が祝日または振替休日の場合はその翌日）、祝日の翌日（その日が土・日曜日または、祝日である場合は除く）、年末年始（12月27日～1月5日）、館内整理日（毎月第4火曜日。ただし、祝日である場合は除く）はお休みです,こちら からご確認ください,https://www.city.iruma.saitama.jp/kurashi/jogesuido/gesuido/koho_event/8610.html,35.801459,139.366847
埼玉県,志木市,http://www.gk-p.jp/wp-content/uploads/mhc/11-228-A-01.jpg,第18弾,2023/01/28,マルイファミリー志木8階　受付,埼玉県志木市本町5丁目26番1号,,8:30～17:00 施設の事情で休館する場合がありますので、 志木市民会館HP を確認して下さい,こちら からご確認ください,https://www.city.shiki.lg.jp/soshiki/37/7096.html,35.830901,139.577521
埼玉県,桶川市(A001),http://www.gk-p.jp/wp-content/uploads/mhc/11-231-A-01.jpg,第12弾,2020/04/25,桶川市観光協会,埼玉県桶川市寿1-11-19,,9:00～16:00 ただし、年末年始(12/29〜1/3)はお休みです,こちら からご確認ください,https://www.city.okegawa.lg.jp/kurashi/sumai/jogesuido/7571.html,36.001991,139.564329
埼玉県,桶川市(B001),http://www.gk-p.jp/wp-content/uploads/mhc/11-231-B-01.jpg,第18弾,2023/01/28,中山道宿場館,埼玉県桶川市寿1-11-19,,9:00～16:00 ただし、年末年始はお休みです,こちら からご確認ください,https://www.city.okegawa.lg.jp/kurashi/sumai/jogesuido/7571.html,36.001965,139.564391
埼玉県,久喜市(A001),http://www.gk-p.jp/wp-content/uploads/mhc/11-232-A-01.jpg,第13弾,2020/12/17,久喜市鷲宮行政センター下水道施設課,埼玉県久喜市鷲宮6丁目１-１,,8:45～16:30,こちら からご確認ください,https://www.city.kuki.lg.jp/kurashi/jogesuido/gesuido/1002179/1003394.html,36.100315,139.667252
埼玉県,久喜市(B001),http://www.gk-p.jp/wp-content/uploads/mhc/11-232-B01.jpg,第16弾,2022/01/15,久喜市栗橋行政センター 1階 総務・人権係,久喜市栗橋行政センター 1階 総務・人権係,,8：30～16：30,こちら からご確認ください,https://www.city.kuki.lg.jp/kurashi/jogesuido/gesuido/1002179/1002833.html,36.126235,139.696838
埼玉県,北本市,http://www.gk-p.jp/wp-content/uploads/mhc/11-233-A-01.jpg,第09弾,2018/12/14,北本市役所建設課,埼玉県北本市本町１－１１１,電話048-594-5556,8：45～16：30 ※土曜・日曜・祝日は休み,こちら からご確認ください ※現在、配布を一時中止しています,https://www.city.kitamoto.lg.jp/soshiki/toshiseibi/kensetsu/gyomu/g2/mhc/index.html,36.030026,139.529881
埼玉県,富士見市,http://www.gk-p.jp/wp-content/uploads/mhc/11-235-A-01.jpg,第12弾,2020/04/25,富士見市役所下水道課,埼玉県富士見市大字鶴馬1800番地の1（分館3階）,,【平日】8：30～17：15 【土日祝日】9：00～17：00 ただし、年末年始はお休みです,こちら からご確認ください,https://www.city.fujimi.saitama.jp/kurashi_tetsuzuki/_suidou/gesui/manholecard.html,35.856759,139.549074
埼玉県,三郷市,http://www.gk-p.jp/wp-content/uploads/mhc/11-237-A-01.jpg,第09弾,2018/12/14,ららほっとみさと,埼玉県三郷市新三郷ららシティ3丁目1-1 ららぽーと新三郷館内（南モール1F）,,配布場所の営業時間内に配布します。 【平日】10：00～20：00 【土日祝】10：00～21：00 ※最新の営業時間は配布場所HPをご確認ください。,こちら からご確認ください,https://mitsui-shopping-park.com/lalaport/shinmisato/shopguide/701505.html?msockid=19c2c2c4db1e65243f39d6abdaf46457,35.859842,139.865200
埼玉県,蓮田市,http://www.gk-p.jp/wp-content/uploads/mhc/11-238-A-01.jpg,第22弾,2024/04/26,蓮田駅西口行政センター,埼玉県蓮田市本町6番1号プレックス蓮田2階,,【木曜日、祝日以外】8.30～17：15 ただし、年末年始はお休みです 【木曜日、祝日】9:00～17:00 ※蓮田駅西口行政センターの休所日のみこちらで配布します ただし、年末年始はお休みです,こちら からご確認ください,https://www.city.hasuda.saitama.jp/machi/suido/gesui/manholecard.html,35.982428,139.652992
埼玉県,坂戸市,http://www.gk-p.jp/wp-content/uploads/mhc/11-239-A-01.jpg,第08弾,2018/08/11,石井水処理センター,埼玉県坂戸市大字石井1336-1,,9：00～17：00,こちら からご確認ください,http://www.stgesui.or.jp/,35.980835,139.411183
埼玉県,日高市(A001),http://www.gk-p.jp/wp-content/uploads/mhc/11-242-A-01.jpg,第08弾,2018/08/11,日高市浄化センター,埼玉県日高市大字高萩1385番地1,,8：30～17：15,こちら からご確認ください,https://www.city.hidaka.lg.jp/soshiki/jogesuido/gesuido/koumu/gesuido/index.html,35.902044,139.386155
埼玉県,日高市(B001),http://www.gk-p.jp/wp-content/uploads/mhc/11-242-B-01.jpg,第14弾,2021/04/25,高麗公民館,日高市大字栗坪92番地２,,8：30～17：00 ただし、年末年始（12月29日～1月3日）はお休みです,こちら からご確認ください,https://www.city.hidaka.lg.jp/soshiki/jogesuido/gesuido/koumu/gesuido/index.html,35.886488,139.316208
埼玉県,吉川市,http://www.gk-p.jp/wp-content/uploads/mhc/11-243-A-01.jpg,第05弾,2017/08/01,ラッピーランド(平日、休日とも),埼玉県吉川市木売1－7－17,,10:00～16:30 ただし、木曜日、年末年始（12/29～1/3）はお休みです,こちら からご確認ください ※現在、配布を一時中止しています,"http://www.city.yoshikawa.saitama.jp/index.cfm/23,61996,123,html",35.876720,139.843801
埼玉県,ふじみ野市,http://www.gk-p.jp/wp-content/uploads/mhc/11-245-A-01.jpg,第06弾,2017/12/09,ふじみ野ステラ・ウェスト,埼玉県ふじみ野市福岡1-1-1（第二庁舎）,,【平日】9：00～17：00 ただし、月曜日が祝日の場合、年末年始（12/28～1/3）はお休みです 【土日祝】9：00〜17：00,こちら からご確認ください,https://www.city.fujimino.saitama.jp/soshikiichiran/jogesuidoka/gesuidoshisetsukakari/17326.html,35.878909,139.519016
埼玉県,ふじみ野市(B001),http://www.gk-p.jp/wp-content/uploads/mhc/11-245-B-01.jpg,第29弾,2026/07/31,ふじみ野　ステラ・イースト,埼玉県ふじみ野市福岡一丁目1番8号,,【平日、土日、祝日】9:00～17:00 ただし、毎月第3月曜日（なお、月曜日が祝日の場合は翌日）はお休みです 【毎月第3月曜日】9:00～17:00,こちら からご確認ください,https://www.city.fujimino.saitama.jp/soshikiichiran/jogesuidoka/gesuidoshisetsukakari/2309.html,35.879765,139.520363
埼玉県,白岡市,http://www.gk-p.jp/wp-content/uploads/mhc/11-246-A-01.jpg,第07弾,2018/04/28,しらおか味彩センター,埼玉県白岡市千駄野398,,【月曜以外】9：30～15：30　※月曜が祝日の場合は配布可 【月曜のみ】8：30～17：15 ただし、年末年始はお休みです ※しらおか味彩センターは不定休があるため、ご確認ください,こちら からご確認ください,https://www.city.shiraoka.lg.jp/soshiki/jogesuidobu/jogesuidouka/2/1206.html,36.017948,139.678481
埼玉県,伊奈町,http://www.gk-p.jp/wp-content/uploads/mhc/11-301-A-01.jpg,第10弾,2019/08/07,伊奈町総合センター,埼玉県北足立郡伊奈町中央五丁目179番地,【休館日】伊奈町上下水道庁舎埼玉県北足立郡伊奈町大字小室5048電話：048-721-5555,9:00～17:00（12:00～13:00を除く） ただし、月曜は休館日です ※臨時休館日の場合がありますので、来館の際は事前にご確認ください 【休館日】9:00～17:00（12:00～13:00を除く） ただし、年末年始及び土日祝日はお休みです,こちら からご確認ください,https://www.town.saitama-ina.lg.jp/0000007622.html,35.998873,139.621992
埼玉県,滑川町,http://www.gk-p.jp/wp-content/uploads/mhc/11-341-A-01.jpg,第24弾,2024/12/20,滑川町役場上下水道課,埼玉県比企郡滑川町大字福田750番地1,,9:00～16:00 ただし、年末年始(12月28日～1月5日)はお休みです,こちら からご確認ください ※現在、配布を一時中止しています。,https://www.town.namegawa.saitama.jp/soshikikarasagasu/jyougesuidouka/gesuido/4390.html,36.066005,139.360907
埼玉県,小川町,http://www.gk-p.jp/wp-content/uploads/mhc/11-343-A-01.jpg,第22弾,2024/04/26,小川町観光案内所「むすびめ」,埼玉県比企郡小川町大字大塚1176-5,,13:30～16:00 ただし、年末年始（12月29日〜1月3日）はお休みです,こちら からご確認ください ※現在、配布を一時中止しています,https://www.town.ogawa.saitama.jp/gyosei/sosiki/14/1_1/2/375.html,36.057991,139.261284
埼玉県,川島町,http://www.gk-p.jp/wp-content/uploads/mhc/11-346-A-01.jpg,第11弾,2019/12/14,一般社団法人さまちか事務所,埼玉県比企郡川島町大字下八ツ林923,,9:00～17：00 ただし、年末年始（12/29〜1/3）はお休みです,こちら からご確認ください,https://www.town.kawajima.saitama.jp/6276.htm,35.991304,139.484380
埼玉県,吉見町,http://www.gk-p.jp/wp-content/uploads/mhc/11-347-A-01.jpg,第03弾,2016/12/01,吉見百穴,埼玉県比企郡吉見町大字北吉見324,,8：30～17：00（年中無休）,こちら からご確認ください,https://www.town.yoshimi.saitama.jp/soshiki/mizuseikatsuka/gesuidou/390.html,36.039253,139.421187
埼玉県,寄居町,http://www.gk-p.jp/wp-content/uploads/mhc/11-408-A-01.jpg,第07弾,2018/04/28,寄居駅南口駅前拠点施設Yotteco,埼玉県大里郡寄居町大字寄居１２３１番地１１,,9：00～1７：00 ただし、年末年始、臨時休館日はお休みです。,こちら からご確認ください,http://www.town.yorii.saitama.jp/soshiki/18/manholecard.html,36.117168,139.194932
埼玉県,宮代町(A001),http://www.gk-p.jp/wp-content/uploads/mhc/11-442-A-01.jpg,第12弾,2020/04/25,新しい村,埼玉県南埼玉郡宮代町字山崎777-1,,【新しい村】9：30～17：00 ただし、月曜日はお休みです 月曜日が祝日の場合は配布します 【上下水道事務所】8：30～17：15 月曜日（新しい村の休業日）に配布します ただし、年末年始はお休みです,こちら からご確認ください,https://www.town.miyashiro.lg.jp/0000013667.html,36.017360,139.719899
埼玉県,宮代町(B001),http://www.gk-p.jp/wp-content/uploads/mhc/11-442-B-01.jpg,第27弾,2025/12/19,無印良品　東武動物公園駅前,埼玉県南埼玉郡宮代町中央1丁目2‐1,,10:00～21:00 ※ ホームページ で営業時間・休業日をご確認ください,こちら からご確認ください ※現在、配布を一時中止しています,https://www.town.miyashiro.lg.jp/0000013667.html,36.025253,139.724758
千葉県,流域下水道,http://www.gk-p.jp/wp-content/uploads/mhc/12-000-A-01.jpg,第21弾,2023/12/15,千葉県立現代産業科学館,千葉県立現代産業科学館,,9:00～16:30 ただし、月曜日（祝日または振替休日の場合は開館し、その翌日休館）、年末年始、臨時休館日（必ず事前に ホームページ を参照ください）,こちら からご確認ください,https://www.pref.chiba.lg.jp/gesui/jigyou/150manholecard.html,35.714712,139.932941
千葉県,千葉市(A001),http://www.gk-p.jp/wp-content/uploads/mhc/12-100-A-01.jpg,第06弾,2017/12/09,千葉市観光情報センター,千葉市中央区新千葉1-1-1,,【平日】10：00～18：00 【休日】10：00～17：00 ただし、年末年始（12/28～1/3）はお休みです,こちら からご確認ください,https://www.city.chiba.jp/kensetsu/gesuidokikaku/eigyo/manholecard.html,35.612667,140.114663
千葉県,千葉市(B001),http://www.gk-p.jp/wp-content/uploads/mhc/12-100-B-01.jpg,第14弾,2021/04/25,千葉市幕張観光情報センター,千葉市美浜区ひび野2-110,,【平日】10：00～18：00 【休日】10：00～17：00 ただし、年末年始12月28日～1月3日）はお休みです,こちら からご確認ください,https://www.city.chiba.jp/kensetsu/gesuidokikaku/eigyo/manholecard.html,35.648365,140.041889
千葉県,千葉市(C001),http://www.gk-p.jp/wp-content/uploads/mhc/12-100-C-01.jpg,第29弾,2026/07/31,BOTANICA MUSEUM,千葉県千葉市美浜区高浜7-2-4（稲毛海浜公園内）,,【4月～9月】 （昼）10:00～17:00（夜）18:00～22:00 【10月～3月】 （昼）10:00～16:00（夜）17:00～22:00 ただし、月曜日（祝日の場合は翌平日）はお休みです,こちら からご確認ください,https://www.city.chiba.jp/kensetsu/gesuidokikaku/eigyo/manholecard.html,35.618215,140.064787
千葉県,銚子市,http://www.gk-p.jp/wp-content/uploads/mhc/12-202-A-01.jpg,第07弾,2018/04/28,銚子観光案内所,千葉県銚子市西芝町1438（JR銚子駅構内）,,9：00～17：00（年中無休）,こちら からご確認ください,https://www.city.choshi.chiba.jp/suidou/page180024.html,35.729682,140.827260
千葉県,市川市(A001),http://www.gk-p.jp/wp-content/uploads/mhc/12-203-A-01.jpg,第04弾,2017/04/03,いちかわ観光物産インフォメーション,千葉県市川市八幡２－４－８,,10:00～16:00（休所日を除く） ただし、毎月第1月曜日（祝日にあたるときは直後の平日）、年末年始、設備点検日はお休みです ※詳細は こちら をご確認ください,こちら からご確認ください ※現在、配布を一時中止しています,http://www.city.ichikawa.lg.jp/gre07/1111000135.html,35.713660,139.928005
千葉県,市川市(B001),http://www.gk-p.jp/wp-content/uploads/mhc/12-203-B-01.jpg,第18弾,2023/01/28,市川市観賞植物園,千葉県市川市大町213番11外,,9:30～16:30（休園日を除く） ただし、毎週月曜日（祝日と重なった場合は翌日）、年末年始はお休みです ※詳細は こちら をご確認ください,こちら からご確認ください ※現在、配布を一時中止しています,https://www.city.ichikawa.lg.jp/gre07/1111000135.html,35.768465,139.970318
千葉県,市川市(C001),http://www.gk-p.jp/wp-content/uploads/mhc/12-203-C-01.jpg,第20弾,2023/07/28,市川市行徳図書館２階,市川市行徳図書館２階,,10：00～16：30（休館日を除く） ただし、毎週月曜日（祝日と重なった場合は翌開館日）、年末年始、館内整理日等はお休みです ※詳細は 開館カレンダー を確認ください,こちら からご確認ください ※現在、配布を一時中止しています,https://www.city.ichikawa.lg.jp/gre07/1111000135.html,35.690436,139.915507
千葉県,市川市(D001),http://www.gk-p.jp/wp-content/uploads/mhc/12-203-D-01.jpg,第23弾,2024/07/26,市川市中央図書館,千葉県市川市鬼高１丁目１番４号　生涯学習センター内,,10：00～19：30（休館日を除く） ※土日祝は18：00までとなります ただし、毎週月曜日（祝日の場合、翌開館日に振替）、館内整理日（土曜・日曜・月曜を除く月末）、蔵書点検期間、年末年始（12月28日から1月4日）はお休みです ※詳細は 開館カレンダー を確認ください,こちら からご確認ください ※現在、配布を一時中止しています,https://www.city.ichikawa.lg.jp/gre07/1111000135.html,35.715700,139.932174
千葉県,船橋市,http://www.gk-p.jp/wp-content/uploads/mhc/12-204-A-01.jpg,第02弾,2016/08/01,船橋市建設局 下水道部下水道河川計画課（本庁舎5階),船橋市建設局 下水道部下水道河川計画課（本庁舎5階),,【平日】 8:45～17:15 【土日祝】 10:00～18:00 ただし、年末年始はお休みです,こちら からご確認ください,https://funakan.or.jp/page-750278/,35.694475,139.982355
千葉県,館山市(A001),http://www.gk-p.jp/wp-content/uploads/mhc/12-205-A-01.jpg,第11弾,2019/12/14,館山駅東口観光案内所,千葉県館山市北条1879-2,,9:00～17：00 ただし、年末年始（12/29～1/3）は10：00～16：00の配布となります,こちら からご確認ください,https://www.city.tateyama.chiba.jp/gesui/page100037.html,34.996375,139.862068
千葉県,館山市(B001),http://www.gk-p.jp/wp-content/uploads/mhc/12-205-B01.jpg,第16弾,2022/01/15,“渚の駅”たてやま,千葉県館山市館山1564-1,,9：00～16：45 ただし、年末年始、毎週月曜日（祝祭日の場合は翌日）はお休みです,こちら からご確認ください,https://www.city.tateyama.chiba.jp/gesui/page100037.html,34.989745,139.854753
千葉県,館山市(C001),http://www.gk-p.jp/wp-content/uploads/mhc/12-205-C-01.jpg,第29弾,2026/07/31,館山駅西口観光案内所,千葉県館山市北条1879-2,,9:30～17:00 ただし、年末年始（12/29～1/3）はお休みです,こちら からご確認ください,https://www.city.tateyama.chiba.jp/gesui/page100037.html,34.995885,139.862006
千葉県,木更津市,http://www.gk-p.jp/wp-content/uploads/mhc/12-206-A-01.jpg,第10弾,2019/08/07,木更津市観光案内所,千葉県木更津市富士見1丁目2番1号,,9：00～17：00 ただし、年末年始はお休みです,こちら からご確認ください,https://www.city.kisarazu.lg.jp/soshiki/toshiseibi/shitasuidosuishinshitsu/5/1684.html,35.381340,139.924997
千葉県,松戸市(A001),http://www.gk-p.jp/wp-content/uploads/mhc/12-207-A-01.jpg,第10弾,2019/08/07,松戸観光案内所,千葉県松戸市本町7-3,,9：30～17：30 ただし、月曜日（月曜日が祝・休日の場合は翌日定休日）と年末年始はお休みです,こちら からご確認ください,https://www.city.matsudo.chiba.jp/kurashi/jyougesuidou/gesuidou/matsudo_manhole_card.html,35.784775,139.898073
千葉県,松戸市(B001),http://www.gk-p.jp/wp-content/uploads/mhc/12-207-B01.jpg,第17弾,2022/08/06,松戸市文化ホール,千葉県松戸市松戸1307番地の1松戸ビルヂング4階,,10:00～21:00 ただし、月曜日、年末年始（12/29日～1/3）はお休みです,こちら からご確認ください,http://www.city.matsudo.chiba.jp/kurashi/jyougesuidou/gesuidou/atarasiimanhorukado.html,35.782597,139.899171
千葉県,野田市(A001),http://www.gk-p.jp/wp-content/uploads/mhc/12-208-A-01.jpg,第09弾,2018/12/14,野田市役所土木部下水道課,千葉県野田市鶴奉7番地の1,,8：30～17：15,こちら からご確認ください,http://www.city.noda.chiba.jp/kurashi/kankyo/gesui/1018225.html,35.955109,139.874827
千葉県,野田市(B001),http://www.gk-p.jp/wp-content/uploads/mhc/12-208-B-01.jpg,第18弾,2023/01/28,千葉県立関宿城博物館,千葉県立関宿城博物館,,9:00～16:30 ただし、月曜日（祝祭日にあたるときは直後の平日）、年末年始はお休みです。 また、臨時休館日がありますのでＨＰを確認してください。,こちら からご確認ください,https://www.city.noda.chiba.jp/kurashi/kankyo/gesui/1018225.html,36.100535,139.782702
千葉県,野田市(C001),http://www.gk-p.jp/wp-content/uploads/mhc/12-208-C-01.jpg,第21弾,2023/12/15,いちいのホール,千葉県野田市東宝珠花237番地1,,【平日】8：30～17：15 【土日祝日】9：00～17：00 ただし、年末年始（12/29～1/3）はお休みです,こちら からご確認ください,https://www.city.noda.chiba.jp/kurashi/kankyo/gesui/1018225.html,36.025890,139.820576
千葉県,佐倉市(A001),http://www.gk-p.jp/wp-content/uploads/mhc/12-212-A01.jpg,第16弾,2022/01/15,佐倉市立美術館,千葉県佐倉市新町210,,10：00～17：30（入館は17:30まで） ただし、月曜日（祝日の場合は翌日）及び年末年始（12/28～1/4）はお休みです,こちら からご確認ください,http://www.city.sakura.lg.jp/0000029624.html,35.719151,140.229608
千葉県,佐倉市(B001),http://www.gk-p.jp/wp-content/uploads/mhc/12-212-B-01.jpg,第22弾,2024/04/26,佐倉ふるさと広場管理棟「佐蘭花（さらんか）（売店内）」,千葉県佐倉市臼井田2714,,9:00～17:00（11月～2月は9:00～16:00） ただし、年末年始はお休みです,こちら からご確認ください,https://www.city.sakura.lg.jp/soshiki/jogesuidobu/20/351/18936.html,35.740419,140.202645
千葉県,東金市,http://www.gk-p.jp/wp-content/uploads/mhc/12-213-A-01.jpg,第24弾,2024/12/20,道の駅みのりの郷東金,千葉県東金市田間1300-3,,9：00～18：00 ただし、1/1～1/3はお休みです また、臨時休業があります,こちら からご確認ください ※現在、配布を一時中止しています,https://www.city.togane.chiba.jp/0000013032.html,35.577192,140.383070
千葉県,習志野市(A001),http://www.gk-p.jp/wp-content/uploads/mhc/12-216-A-01.jpg,第03弾,2016/12/01,習志野市企業局工務部下水道課,千葉県習志野市藤崎1-1-13（企業局新館3階）,,8：30～17：15 ただし、土日、祝日、年末年始はお休みです,こちら からご確認ください,https://www.city.narashino.lg.jp/soshiki/gesuido/gyoumuannai_gesui/M_card_H290831.html,35.687168,140.030923
千葉県,習志野市(B001),http://www.gk-p.jp/wp-content/uploads/mhc/12-216-B-01.jpg,第24弾,2024/12/20,習志野市谷津干潟自然観察センター,千葉県習志野市秋津5丁目1番1号,,9:00-16:30 ただし、毎週月曜日（月曜日が祝・休日の場合は翌平日）及び年末年始（12月28日～1月1日）はお休みです,こちら からご確認ください,https://www.city.narashino.lg.jp/kigyoukyoku/about/gesuido/index.html,35.675420,140.005372
千葉県,柏市(A001),http://www.gk-p.jp/wp-content/uploads/mhc/12-217-A-01.png,第02弾,2016/08/01,柏市上下水道局３階総務課,柏市千代田一丁目２番３２号,,【平日】 9:00～17:00 ただし、年末年始(12/29～1/3)はお休みです 【土日祝】 10:00～18:00 ただし、年末年始(12/27～1/4)はお休みです,こちら からご確認ください ※現在、配布を一時中止しています,https://www.city.kashiwa.lg.jp/somu/living_environment/gesui/1561/manholecard.html,35.861622,139.970857
千葉県,柏市(B001),http://www.gk-p.jp/wp-content/uploads/mhc/12-217-B-01.jpg,第25弾,2025/04/25,柏市観光案内所 まるっと柏,柏市柏1-1-11 ファミリかしわ3階,,10:00～18:00 ただし、月曜日（祝日の場合は翌平日）はお休みです,こちら からご確認ください,https://www.city.kashiwa.lg.jp/somu/living_environment/gesui/1561/berubaramc.html,35.861260,139.970763
千葉県,市原市,http://www.gk-p.jp/wp-content/uploads/mhc/12-219-A-01.jpg,第11弾,2019/12/14,上総更級公園　公園センター,千葉県市原市更級5丁目1番地1,,9:00～17：00 ただし、12/31、1/1はお休みです,こちら からご確認ください,https://www.city.ichihara.chiba.jp/kurashi/suido/gesuido/oshirase/manholecard_ichihara.html,35.509535,140.098857
千葉県,流山市,http://www.gk-p.jp/wp-content/uploads/mhc/12-220-A-01.jpg,第09弾,2018/12/14,流山おおたかの森駅前観光情報センター（スターツおおたかの森ホール2階）,流山市おおたかの森北1-2-1,(問い合わせ先)流山市上下水道局下水道建設課電話：04-7150-6097,9:00～17:00（平日および土日祝祭日を含みます）,こちら からご確認ください,https://www.city.nagareyama.chiba.jp/life/1001972/1002077/1020210.html,35.872707,139.925107
千葉県,八千代市,http://www.gk-p.jp/wp-content/uploads/mhc/12-221-A-01.jpg,第07弾,2018/04/28,株式会社八千代市水道サービス,千葉県八千代市萱田町596-5,千葉県八千代市大和田新田312-5電話：047-483-6155【土日祝】株式会社八千代市水道サービス千葉県八千代市萱田町596-19（八千代市上下水道局敷地内）電話：047-485-6656(問合せ先)八千代市上下水道局 下水道課電話：047-482-0924,8:30～17:00 ただし、年末年始（12/29～1/3）はお休みです,こちら からご確認ください。,https://www.city.yachiyo.lg.jp/site/jougesui/5240.html,35.722091,140.101575
千葉県,我孫子市(A001),http://www.gk-p.jp/wp-content/uploads/mhc/12-222-A-01.jpg,第13弾,2020/12/17,旧井上家住宅,千葉県我孫子市相島新田1番地,,【5/1～8/31】9:00～18:00 【9/1～4/30】9:00～16:00 （入館は閉館の30分前まで） ただし、月曜日（祝日の場合は火曜日）、年末年始はお休みです,こちら からご確認ください,http://www.city.abiko.chiba.jp/kurashi/suidou/gesuidou/kurashi_gesuidou/mhc.html,35.872323,140.012071
千葉県,我孫子市(B001),http://www.gk-p.jp/wp-content/uploads/mhc/12-222-B-01.jpg,第26弾,2025/07/25,我孫子インフォメーションセンター 『アビシルベ』,千葉県我孫子市本町2丁目1番10号,,9：00～18：00 ただし、12月29から翌1月3日まではお休みです,こちら からご確認ください ※現在、配布を一時中止しています,http://www.city.abiko.chiba.jp/kurashi/suidou/josuidou/kurashi/manho-ruka-do.html,35.872256,140.012057
千葉県,鎌ケ谷市,http://www.gk-p.jp/wp-content/uploads/mhc/12-224-A-01.jpg,第02弾,2016/08/01,鎌ケ谷市役所 都市建設部 下水道課,千葉県鎌ケ谷市新鎌ケ谷2-6-1（鎌ケ谷市役所4階）,,【平日】8：30～17：00 【土日】9：00～17：00（最終入館16：45） ただし、祝日、年末年始はお休みです,こちら からご確認ください,https://www.city.kamagaya.chiba.jp/kurashi-tetsuzuki/gesuidou/oshirase/mhcard.html,35.776752,140.000791
千葉県,浦安市(A001),http://www.gk-p.jp/wp-content/uploads/mhc/12-227-A-01.jpg,第12弾,2020/04/25,浦安市役所道路整備課（市役所6階）,浦安市役所道路整備課（市役所6階）,,9:00～17:00 ただし、年末年始はお休みです。,こちら からご確認ください,https://www.city.urayasu.lg.jp/todokede/machi/douro/1046287/1030971.html,35.653031,139.902072
千葉県,浦安市(B001),http://www.gk-p.jp/wp-content/uploads/mhc/12-227-B-01.jpg,第26弾,2025/07/25,浦安市郷土博物館,千葉県浦安市猫実一丁目2番7号,,9:30～16:30 ただし、月曜日（月曜日が祝日の場合はその翌日）、館内整理日、祝日の翌日、年末年始はお休みです,こちら からご確認ください,https://www.city.urayasu.lg.jp/todokede/machi/douro/1046287/1030971.html,35.655282,139.901181
千葉県,袖ケ浦市,http://www.gk-p.jp/wp-content/uploads/mhc/12-229-A-01.jpg,第06弾,2017/12/09,袖ケ浦市役所 下水対策課,千葉県袖ケ浦市中袖４番地,,【平日】8：30～17：15 【休日】9：00～17：00,こちら からご確認ください,https://www.city.sodegaura.lg.jp/soshiki/gesui/sodegaura-mannho-ru.html,35.429716,139.954616
千葉県,八街市,http://www.gk-p.jp/wp-content/uploads/mhc/12-230-A-01.jpg,第26弾,2025/07/25,八街市役所建設部下水道課（第三庁舎二階）,八街市役所建設部下水道課（第三庁舎二階）,,9:00～17:00,こちら からご確認ください ※現在、配布を一時中止しています,https://www.city.yachimata.lg.jp/soshiki/26/54793.html,35.666190,140.317870
千葉県,白井市,http://www.gk-p.jp/wp-content/uploads/mhc/12-232-A-01.jpg,第08弾,2018/08/11,白井市役所 都市建設部 上下水道課業務係,千葉県白井市復1123番地,,9:00～17:00,こちら からご確認ください,https://www.city.shiroi.chiba.jp/soshiki/kankyo/k03/sui003/sui009/sui010/1532075261217.html,35.791499,140.056372
千葉県,大網白里市,http://www.gk-p.jp/wp-content/uploads/mhc/12-239-A-01.jpg,第20弾,2023/07/28,大網白里市中央公民館,千葉県大網白里市大網121番地2,,9:00～17:00 ただし、国民の祝日、年末年始（12月29日から1月3日）はお休みです,こちら からご確認ください,https://www.city.oamishirasato.lg.jp/0000013090.html,35.522272,140.320346
千葉県,芝山町,http://www.gk-p.jp/wp-content/uploads/mhc/12-409-A-01.jpg,第27弾,2025/12/19,芝山町役場まちづくり課環境下水道係,千葉県山武郡芝山町小池992,,【平日】 9:00～17:00 ただし、年末年始（12月27日～1月3日）はお休みです 【土日祝日】 9:00～18:00 ただし、年末年始（12月29日～1月3日）はお休みです,こちら からご確認ください,https://www.town.shibayama.lg.jp/0000006287.html,35.693191,140.414426
千葉県,長生村(A001),http://www.gk-p.jp/wp-content/uploads/mhc/12-423-A-01.jpg,第21弾,2023/12/15,長生村役場下水環境課,千葉県長生郡長生村本郷1番地77,,9:00～16:30（平日・土日祝日共通） ただし、年末年始（12/28～1/3）はお休みです,こちら からご確認ください,https://www.vill.chosei.chiba.jp/0000002173.html,35.412217,140.354030
千葉県,長生村(B001),http://www.gk-p.jp/wp-content/uploads/mhc/12-423-B-01.jpg,第26弾,2025/07/25,長生村保健センター,千葉県長生郡長生村本郷1番地77,,9:00～16:30 ただし、年末年始（12/28～1/3）はお休みです,こちら からご確認ください,https://www.vill.chosei.chiba.jp/0000002173.html,35.411788,140.353428
千葉県,長生村(C001),http://www.gk-p.jp/wp-content/uploads/mhc/12-423-C-01.jpg,第29弾,2026/07/31,長生村役場産業課,千葉県長生郡長生村本郷1番地77,,9:00～16:30 ただし、年末年始（12/28～1/4）はお休みです,こちら からご確認ください,https://www.vill.chosei.chiba.jp/0000002173.html,35.411909,140.353475
東京都,流域下水道,http://www.gk-p.jp/wp-content/uploads/mhc/13-000-A01-3.jpg,第13弾,2020/12/17,東京観光情報センター 多摩,東京都立川市柴崎町3-1-1「エキュート立川」3階,,【平日・土】10：00～21：30 【日・祝日】10：00〜20：00 ※ただし、エキュート立川の営業時間に応じて変更する場合があります。,こちら からご確認ください,https://www.gesui.metro.tokyo.lg.jp/about/gaiyou/ryuiki50,35.697800,139.413602
東京都,東京23区（A001）,http://www.gk-p.jp/wp-content/uploads/mhc/13-100-A-01.jpg,第01弾,2016/04/01,CADAN大手町,東京都千代田区大手町2-6-3 TOKYO TORCH銭瓶町ビルディング１階ぜにがめプレイス,,12：00～19：00（日・月・祝日・年末年始を除く）,070-6464-1438へお問い合わせください。,,35.685949,139.769210
東京都,東京23区（B001）,http://www.gk-p.jp/wp-content/uploads/mhc/13-100-B-01.jpg,第04弾,2017/04/03,東京都虹の下水道館,東京都虹の下水道館,,9：30～16：30（入館は16：00まで）※入館無料 ただし、月曜日（祝休日の場合は翌日）、年末年始（12/29～1/3）はお休みです。また、夏休み期間は無休、下水道の日（9/10）、都民の日（10/1）は開館します,03-5564-2458までお問い合わせください,,35.633406,139.784254
東京都,東京23区（C001）,http://www.gk-p.jp/wp-content/uploads/mhc/13-100-C-01.jpg,第05弾,2017/08/01,東京観光情報センター 京成上野,東京都台東区上野公園1-60 京成上野駅改札口前,,9：30～18：30,03-5320-6511（平日のみ）までお問い合わせください,,35.701662,139.791400
東京都,東京23区（D001）,http://www.gk-p.jp/wp-content/uploads/mhc/13-100-D-01.jpg,第05弾,2017/08/01,第一書林（新小岩北口店）,東京都葛飾区西新小岩1-2-11喜久屋ビル1F,,【平日・土】10:00～21:00 【日・祝日】10:00～20:00 元旦はお休みです。,こちら からご確認ください,https://www.city.katsushika.lg.jp/tourism/1000064/1030204/1027603.html,35.756950,139.875862
東京都,東京23区（E001）,http://www.gk-p.jp/wp-content/uploads/mhc/13-100-E-01.jpg,第09弾,2018/12/14,しながわ観光協会,東京都品川区大井1-14-1　大井1丁目共同ビル1階,,9：30～17：00 ただし、日・祝日、年末年始はお休みです,こちら からご確認ください,http://www.city.shinagawa.tokyo.jp/PC/kankyo/kankyo-doro/20181016161115.html,35.607698,139.731467
東京都,東京23区(M001),http://www.gk-p.jp/wp-content/uploads/mhc/13-100-M-01.jpg,第12弾,2020/04/25,info & cafe SQUARE,東京都品川区荏原4-5-28　スクエア荏原1F,,11：00～18：00 ただし、水曜・年末年始はお休みです,こちら からご確認ください,https://www.city.shinagawa.tokyo.jp/PC/kankyo/kankyo-doro/20181016161115.html,35.615328,139.707628
東京都,東京23区(N001),http://www.gk-p.jp/wp-content/uploads/mhc/13-100-N-01.jpg,第14弾,2021/04/25,丸吉玩具店,東京都葛飾区立石1-21-2,,13：00～18：00 ※臨時休業の場合がございます。その際にはテクノプラザかつしか（葛飾区青戸7丁目2-1）で配布を行います。,こちら からご確認ください,https://www.city.katsushika.lg.jp/tourism/1000064/1026023/1026016.html,35.737578,139.849642
東京都,東京23区(C101),http://www.gk-p.jp/wp-content/uploads/mhc/13-100-C101.jpg,第16弾,2022/01/15,練馬区立大泉図書館,練馬区大泉学園町2-21-17,,【平日】9:00～20:00 【土日祝】9:00～19:00,こちら からご確認ください,https://www.city.nerima.tokyo.jp/kankomoyoshi/kankojoho/designmanhole.html,35.749458,139.587281
東京都,東京23区(D101),http://www.gk-p.jp/wp-content/uploads/mhc/13-100-D01.jpg,第17弾,2022/08/06,国指定重要文化財 旧三河島汚水処分場喞筒場施設,東京都荒川区荒川8-25-1,,9：30～16：30（平日：火、金、年末年始を除く）、土日、祝日に左記施設の見学をされた方（要事前申込）に配布します ※施設見学は事前に予約が必要です,03-6458-3940までお問い合わせください,,35.738965,139.785360
東京都,東京23区(E101),http://www.gk-p.jp/wp-content/uploads/mhc/13-100-E1-01.jpg,第19弾,2023/04/28,東映アニメーションミュージアムショップ,東京都練馬区東大泉2-10-5,,11:00～17:00（毎週水曜日、その他不定休を除く）,こちら からご確認ください,https://www.city.nerima.tokyo.jp/kankomoyoshi/kankojoho/designmanhole.html,35.753062,139.594936
東京都,東京23区(F101),http://www.gk-p.jp/wp-content/uploads/mhc/13-100-F1-01.jpg,第20弾,2023/07/28,渋沢×北区 飛鳥山おみやげ館,東京都北区西ケ原2-16飛鳥山公園管理事務所内,,【平日】 （3月～11月）11：00～16：30 （12月～2月）11：00～16：00 【休日】 （3月～11月）11：00～17：00 (12月～2月) 11：00～16：30 ただし、月曜日（祝日の場合は翌平日）はお休みです,こちら からご確認ください,https://www.city.kita.lg.jp/culture-tourism-sports/tourism/1018318/1020188/1020208.html,35.748997,139.740424
東京都,東京23区(G101),http://www.gk-p.jp/wp-content/uploads/mhc/13-100-G1-01.jpg,第22弾,2024/04/26,港区観光インフォメーションセンター（札の辻スクエア）,東京都港区芝五丁目36番4号　札の辻スクエア1階,,9：00～17：00 ただし、建物全体の閉館日はお休みです,こちら からご確認ください,https://www.city.minato.tokyo.jp/citypromotion/manhole.html,35.645114,139.744617
東京都,東京23区(I101),http://www.gk-p.jp/wp-content/uploads/mhc/13-100-I1-01.jpg,第22弾,2024/04/26,いたばし観光センター,東京都板橋区板橋3-14-15,,【いたばし観光センター】9：00～17：00（土日祝日も配布） ただし、火曜日（祝日の場合はその翌平日）、年末年始はお休みです。 なお、いたばし観光センターの休館日は、板橋区くらしと観光課窓口で配布します。 9：00～17：00 ただし、年末年始はお休みです。,こちら からご確認ください,https://www.city.itabashi.tokyo.jp/bunka/kanko/1050986.html,35.751199,139.712250
東京都,東京23区(H101),http://www.gk-p.jp/wp-content/uploads/mhc/13-100-H1-01.jpg,第22弾,2024/04/26,赤羽スポーツの森公園競技場,東京都北区赤羽西5-2-27,,9：00～18：00 ただし、毎月第3火曜日（祝日の場合は翌営業日）、年末年始はお休みです,こちら からご確認ください,https://www.city.kita.lg.jp/culture-tourism-sports/tourism/1018318/1020188/1020208.html,35.772525,139.708734
東京都,東京23区(J101),http://www.gk-p.jp/wp-content/uploads/mhc/13-100-J1-01.jpg,第24弾,2024/12/20,荒川知水資料館 amoa,東京都北区志茂 5-41-1,,【平日】9:30～16:00 【土日祝日】10:00～16:00 ※3～10月は16:30まで ただし、月曜日（祝日の場合は翌平日）、年末年始はお休みです,こちら からご確認ください,https://www.city.kita.lg.jp/culture-tourism-sports/tourism/1018318/1020188/1020208.html,35.785593,139.730121
東京都,東京23区(K101),http://www.gk-p.jp/wp-content/uploads/mhc/13-100-K1-01.jpg,第24弾,2025/01/16,荻外荘公園受付,東京都杉並区荻窪2丁目43番36号,,9：00～17：00（最終入園：16:30） ただし、水曜日、年末年始（12月29日から1月1日）はお休みです,こちら からご確認ください,https://www.city.suginami.tokyo.jp/guide/shigoto/kankou/1057047.html,35.699215,139.622894
東京都,東京23区(L101),http://www.gk-p.jp/wp-content/uploads/mhc/13-100-L1-01.jpg,第25弾,2025/04/25,コネクトすみだ［まち処］,墨田区向島1-23-9 E-03,,10：30～１8：00 ただし、火曜日及び施設点検日はお休みです,こちら からご確認ください,https://www.city.sumida.lg.jp/bunka_kanko/annnai/kankou/designmanhole-sumida.html,35.710431,139.805807
東京都,東京23区(M101),http://www.gk-p.jp/wp-content/uploads/mhc/13-100-M1-01.jpg,第25弾,2025/04/25,浮間公園サービスセンター,東京都板橋区舟渡2-15-1,,10:00～17:00 ただし、年末年始はお休みです,こちら からご確認ください,https://www.city.kita.lg.jp/culture-tourism-sports/tourism/1018318/1020188/1020208.html,35.795101,139.693409
東京都,東京23区(N101),http://www.gk-p.jp/wp-content/uploads/mhc/13-100-N1-01.jpg,第26弾,2025/07/25,Hintmation,東京都北区赤羽台２丁目１-１５　ヌーヴェル赤羽台１５号棟１階,,10:30～17：00 ただし、日曜日・月曜日・祝日はお休みです,こちら からご確認ください,https://www.city.kita.lg.jp/culture-tourism-sports/tourism/1018318/1020188/1020208.html,35.776511,139.715239
東京都,東京23区(O101),http://www.gk-p.jp/wp-content/uploads/mhc/13-100-O1-01.jpg,第28弾,2026/04/24,千代田区観光案内所,東京都千代田区九段南1－6－17 	千代田会館1階,,10:00～18:00 ただし、第4日曜日/年末年始はお休みです,こちら からご確認ください,https://www.city.chiyoda.lg.jp/koho/shigoto/sangyo/sonota/manhole.html,35.693683,139.752695
東京都,東京23区(P101),http://www.gk-p.jp/wp-content/uploads/mhc/13-100-P1-01.jpg,第29弾,2026/09/10,全国観光PRコーナー,東京都新宿区西新宿2-8-1　東京都庁第一本庁舎1階,,※令和8年9月10日より配布を開始します 9:30～18:30 年中無休（年末年始・都庁点検日は休業） ※以下、2か所の配布時間については、各施設のHPをご覧ください ・東京都虹の下水道館 ・旧三河島汚水処分場喞筒場施設,03-5320-6511（平日のみ）までお問い合わせください,,35.690033,139.691930
東京都,東京23区（Q101）,http://www.gk-p.jp/wp-content/uploads/mhc/13-100-Q1-01.jpg,第29弾,2026/07/31,江戸川区郷土資料室（しのざき文化プラザ内）,東京都江戸川区篠崎町七丁目20番19号 しのざき文化プラザ3階,,①9:30～17:00 ただし、祝日及び振替休日、国民の休日（祝日法上の休日）、年末年始（12/28から翌年1/4まで）、メンテナンス期間、しのざき文化プラザ休館日はお休みです ②9:00～21:30 ただし、年末年始（12/28から翌年1/4まで）、その他管内消毒・設備保守等による休館日はお休みです,こちら からご確認ください ※現在、配布を一時中止しています,https://www.city.edogawa.tokyo.jp/e059/toshikeikaku/sonota/manhole.html,35.705297,139.902863
東京都,東京23区（R101）,http://www.gk-p.jp/wp-content/uploads/mhc/13-100-R1-01.jpg,第29弾,2026/07/31,山﨑記念中野区立歴史民俗資料館,東京都中野区江古田四丁目3番4号,,9:00～17:00 ただし、月曜日、第3日曜日、年末年始（12/29から1/3まで）はお休みです,こちら からご確認ください,https://www.city.tokyo-nakano.lg.jp/kanko/city-promotion/designmanhole.html,35.724322,139.665047
東京都,東京23区(Z001),http://www.gk-p.jp/wp-content/uploads/mhc/13-100-Z-01.jpg,第15弾,2021/08/17,田端文士村記念館,東京都北区田端6-1-2,,10:00〜16:30 ただし、月曜日(月曜が祝日の場合は火曜と水曜)、祝日の翌日(祝日の翌日が土日の場合は翌週火曜)および年末年始(12/29〜1/3)はお休みです。 その他、展示替え等で臨時休館することがあります。,こちら からご確認ください,https://www.city.kita.lg.jp/culture-tourism-sports/tourism/1018318/1020188/1020208.html,35.738386,139.759210
東京都,東京23区(A101),http://www.gk-p.jp/wp-content/uploads/mhc/13-100-A1-01.jpg,第15弾,2021/08/17,ねりま観光案内所,練馬区練馬1-17-1　Coconeri3階,,9：00～21：00 ただし、年末年始（12/29～1/3）はお休みです,こちら からご確認ください,https://www.city.nerima.tokyo.jp/kankomoyoshi/kankojoho/designmanhole.html,35.738231,139.653358
東京都,東京23区(B101),http://www.gk-p.jp/wp-content/uploads/mhc/13-100-B1-01.jpg,第15弾,2021/08/17,テクノプラザかつしか,東京都葛飾区青戸7-2-1,,8：30～18：00 ただし、年末年始およびメンテナンス休館日（年4日間）はお休みです,こちら からご確認ください,https://www.city.katsushika.lg.jp/tourism/1000064/1026023/1026016.html,35.752480,139.852518
東京都,東京都千代田区(F001),http://www.gk-p.jp/wp-content/uploads/mhc/13-100-F-01.jpg,第12弾,2020/03/09,アキバインフォ(秋葉原UDX2階),東京都千代田区外神田4-14-1,,11:00～17:30 ただし、毎週月曜日はお休み､月曜日が祝日の時は翌平日がお休みです,こちら からご確認ください,https://www.city.chiyoda.lg.jp/koho/shigoto/sangyo/sonota/manhole.html,35.693556,139.752834
東京都,東京都新宿区(O001),http://www.gk-p.jp/wp-content/uploads/mhc/13-100-O01.jpg,第15弾,2021/11/05,新宿観光案内所,東京都新宿区新宿3-37-2,,10:00～19:00 ただし、年末年始(12/29～1/3)はお休みです,こちら からご確認ください,https://www.city.shinjuku.lg.jp/kanko/bunka02_000001_00015.html,35.689633,139.701773
東京都,東京都台東区(Q001),http://www.gk-p.jp/wp-content/uploads/mhc/13-100tairoku-Q001-omote.jpg,第15弾,2021/11/05,台東区生涯学習センター,東京都台東区西浅草3-25-16,,9:00～20:00 ただし、毎月第１・第３・第５月曜日（祝日・休日にあたる場合は翌日）、年末年始（12/29～1/3）はお休みです。,こちら からご確認ください,https://t-navi.city.taito.lg.jp/news/?itemid=253&dispmid=459 ,35.717322,139.789896
東京都,東京都墨田区(R001),http://www.gk-p.jp/wp-content/uploads/mhc/13-100-R01.jpg,第15弾,2021/11/05,両国観光案内所,東京都墨田区横網1-3-20 -両国-江戸NOREN(1階),,"10:00～18:00 ただし、年始(1月1日,2日)及び施設点検日（不定期）はお休みです",こちら からご確認ください,https://www.city.sumida.lg.jp/bunka_kanko/annnai/kankou/designmanhole-sumida.html,35.696216,139.792653
東京都,東京都品川区(S001),http://www.gk-p.jp/wp-content/uploads/mhc/13-100-S01-2.jpg,第15弾,2021/11/05,アイルしながわ,東京都品川区東品川2-3-2,,【平日】13：00～18：00 【土日祝】9：00～18：00 ただし、毎月第３火曜日、年末年始（12/29～1/3)はお休みです,こちら からご確認ください,https://isleshinagawa.com/,35.622545,139.751389
東京都,東京都大田区(T001),http://www.gk-p.jp/wp-content/uploads/mhc/13-100-T01.jpg,第15弾,2021/11/05,①一般社団法人 大田観光協会,大田区南蒲田1-20-20 大田区産業プラザ2階,,①9:00～17:00 ただし、土曜日/日曜日/祝日/年末年始はお休みです ②9:00～17:00 ただし、月曜日（休日・祝日は開館）、年末年始、他（展示替え等により臨時休館あり）はお休みです,こちら からご確認ください,https://www.city.ota.tokyo.jp/kanko/topics/hanepyon_manhole.html,35.560580,139.723658
東京都,東京都世田谷区(G001),http://www.gk-p.jp/wp-content/uploads/mhc/13-100-G-01.jpg,第12弾,2020/03/09,三軒茶屋観光案内所（SANCHA3「サンチャキューブ」）,東京都世田谷区太子堂4-1-1（東急世田谷線三軒茶屋駅改札前）,,10:00～18:00 ただし、年末年始(12/29～1/3)はお休みです,こちら からご確認ください,https://www.city.setagaya.lg.jp/mokuji/shigoto/005/d00184306.html,35.643824,139.669285
東京都,東京都渋谷区(H001),http://www.gk-p.jp/wp-content/uploads/mhc/13-100-H-01.jpg,第12弾,2020/03/09,渋谷区立千駄ヶ谷社会教育館,東京都渋谷区千駄ヶ谷1-6-5,,10:00～17:00　ただし、毎週月曜と年末年始（12/29～1/3）はお休みです。 ※施設の開館時間と配布時間は異なります,こちら からご確認ください,https://www.city.shibuya.tokyo.jp/bunka/bunkazai/midokoro/designmanhole.html,35.677253,139.709466
東京都,東京都杉並区(I001),http://www.gk-p.jp/wp-content/uploads/mhc/13-100-I-01.jpg,第12弾,2020/03/09,杉並区立産業商工会館,東京都杉並区阿佐谷南3-2-19,,9:00～21:00 ただし、毎月第3日曜日及び年末年始はお休みです,こちら からご確認ください,https://www.city.suginami.tokyo.jp/suginamishoukai/shirumanabu/namisuke/1057047.html,35.699742,139.636200
東京都,東京都杉並区(U001),http://www.gk-p.jp/wp-content/uploads/mhc/13-100-U01.jpg,第15弾,2021/11/05,東京工芸大学 杉並アニメーションミュージアム,東京都杉並区上荻3-29-5 杉並会館(3階),,10:00～18:00（入館は17:30まで） ただし、月曜日（祝日の場合はその翌日）、年末年始（12月28日～1月4日）はお休みです,こちら からご確認ください,https://www.city.suginami.tokyo.jp/suginamishoukai/shirumanabu/namisuke/1057047.html,35.710409,139.607825
東京都,東京都豊島区(J001),http://www.gk-p.jp/wp-content/uploads/mhc/13-100-J-01.jpg,第12弾,2020/03/09,としま区民センター 池袋東口観光案内所,東京都豊島区東池袋1-20-10,,9：00～19：00 ただし、年末年始はお休みです,こちら からご確認ください,https://www.city.toshima.lg.jp/424/2002212017.html,35.731485,139.715567
東京都,東京都北区(K001),http://www.gk-p.jp/wp-content/uploads/mhc/13-100-K-01.jpg,第12弾,2020/03/09,赤羽文化センター,東京都北区赤羽西1-6-1-301,,9:00～21:00 ただし、年末年始（12月28日～1月4日）、定期清掃日及び保守点検の日（毎月第3火曜日）はお休みです,こちら からご確認ください,https://www.city.kita.lg.jp/culture-tourism-sports/tourism/1018318/1020188/1020208.html,35.777969,139.719304
東京都,東京都練馬区(V001),http://www.gk-p.jp/wp-content/uploads/mhc/13-100-V01-2.jpg,第15弾,2021/11/05,石神井観光案内所,練馬区石神井町3-23-8,,9:00～19:00 ただし、年末年始（12月29日～1月3日）はお休みです,こちら からご確認ください,https://www.city.nerima.tokyo.jp/kankomoyoshi/kankojoho/designmanhole.html,35.743622,139.606276
東京都,東京都足立区(L001),http://www.gk-p.jp/wp-content/uploads/mhc/13-100-L-01.jpg,第12弾,2020/03/09,あだち産業センター,足立区千住1-5-7,,9：00～21：00 ただし、年末年始（12/29～1/3）はお休みです,こちら からご確認ください,http://www.city.adachi.tokyo.jp/s-shinko/designmanhole.html,35.747372,139.800424
東京都,東京都足立区(W001),http://www.gk-p.jp/wp-content/uploads/mhc/13-100-W01.jpg,第15弾,2021/11/05,①千住街の駅,東京都足立区千住3-69,,① 9:00～17:00 ただし、火曜日及び年末(12/29～12/31)はお休みです ②9:00～17:00 ただし土日・祝日び年末年始(12/29～1/3)はお休みです,こちら からご確認ください,https://www.city.adachi.tokyo.jp/s-shinko/designmanhole.html,35.751291,139.803224
東京都,東京都葛飾区(X001),http://www.gk-p.jp/wp-content/uploads/mhc/13-100-X01.jpg,第15弾,2021/11/05,亀有観光案内所（ゆうろーどサービスカウンター）,東京都葛飾区亀有3-21-6,,9:45～17:45 ※毎月第３火曜日は定休日（祝日の場合は翌平日）です 【定休日】11:00～18:00,こちら からご確認ください,https://www.city.katsushika.lg.jp/tourism/1000064/1026023/1026544.html,35.765344,139.848393
東京都,東京都江戸川区(Y001),http://www.gk-p.jp/wp-content/uploads/mhc/13-100-Y01-2.jpg,第15弾,2021/11/05,総合レクリエーション公園サービスセンター,東京都江戸川区南葛西3丁目17番1号（ファミリースポーツ広場内）,電話 03-5662-8364,8:30～17:15,こちら からご確認ください,https://www.city.edogawa.tokyo.jp/e026/sports/kankomidokoro/bungakukan/manhole.html,35.650971,139.870031
東京都,東京都都市づくり公社,http://www.gk-p.jp/wp-content/uploads/mhc/13-010-A-01.jpg,第27弾,2025/12/19,公益財団法人東京都都市づくり公社下水道部,公益財団法人東京都都市づくり公社下水道部,,【平日】9：00～12：00、13：00～16：00 【休日】10：00～16：00 ただし、年末年始・臨時休館日はお休みです,こちら からご確認ください,https://www.toshizukuri.or.jp/information/20251125_manhoru.html,35.654660,139.337637
東京都,八王子市,http://www.gk-p.jp/wp-content/uploads/mhc/13-201-A-01.jpg,第01弾,2016/04/01,八王子インフォメーションセンター,八王子市旭町1-1,,10：00～19：00 年中無休。ただし、設備メンテナンス・清掃のため、不定期に休館する場合があります,こちら からご確認ください,http://www.city.hachioji.tokyo.jp/kurashi/life/002/002/002/p006812.html,35.654713,139.337457
東京都,立川市(A001),http://www.gk-p.jp/wp-content/uploads/mhc/13-202-A-01.jpg,第08弾,2018/08/11,立川市子ども未来センター,東京都立川市錦町3丁目2番26号,,9：00～21：00 ただし、年末年始はお休みです,こちら からご確認ください,https://www.city.tachikawa.lg.jp/kurashi/suido/1002266/1020609/1025815.html,35.694040,139.419586
東京都,立川市(B001),http://www.gk-p.jp/wp-content/uploads/mhc/13-202-B-01.jpg,第12弾,2020/04/25,立川市役所下水道管理課,東京都立川市泉町1156-9,,8：30～17：00 ただし、年末年始はお休みです,こちら からご確認ください,https://www.city.tachikawa.lg.jp/kurashi/suido/1002266/1020609/1025815.html,35.713462,139.407969
東京都,立川市(C001),http://www.gk-p.jp/wp-content/uploads/mhc/13-202-C01.jpg,第16弾,2022/01/15,立川市女性総合センター5階,立川市女性総合センター5階,,9:00～21:00 ただし、年末年始、第3木曜日、海の日はお休みです,こちら からご確認ください,https://www.city.tachikawa.lg.jp/kurashi/suido/1002266/1020609/1025815.html,35.702190,139.413978
東京都,武蔵野市(A001),http://www.gk-p.jp/wp-content/uploads/mhc/13-203-A-01.jpg,第22弾,2024/04/26,一般社団法人武蔵野市観光機構,一般社団法人武蔵野市観光機構,,9：30～17：30 ※年末年始はお休みです ※配布開始日については、混雑状況により、開始時間が早まる場合があります,こちら からご確認ください,https://www.city.musashino.lg.jp/kurashi_tetsuzuki/shigoto_sangyo/shoko/1054612.html,35.705782,139.578820
東京都,武蔵野市(B001),http://www.gk-p.jp/wp-content/uploads/mhc/13-203-B-01.jpg,第24弾,2024/12/20,武蔵野市立ひと・まち・情報創造館武蔵野プレイス,東京都武蔵野市境南町2丁目3-18,,9：30～22:00 ただし、水曜日と年末年始（12/29～1/4）はお休みです8 【休館日（水曜日）】10：30～17：30 ただし、年末年始はお休みです,こちら からご確認ください,https://www.city.musashino.lg.jp/kurashi_tetsuzuki/shigoto_sangyo/shoko/1054612.html,35.701153,139.543672
東京都,武蔵野市（C001）,http://www.gk-p.jp/wp-content/uploads/mhc/13-203-C-01.jpg,第27弾,2026/03/29,サンロード吉祥寺まち案内所,武蔵野市吉祥寺本町1-15-2,,11:00～18:00 年末年始（12月31日～1月3日）を除く,こちら からご確認ください,https://www.city.musashino.lg.jp/kurashi_tetsuzuki/bus_churin_chusha_kotsuanzen/mubus/1052084.html,35.703964,139.579971
東京都,三鷹市,http://www.gk-p.jp/wp-content/uploads/mhc/13-204-A01,第15弾,2021/11/05,みたか観光案内所,東京都三鷹市下連雀3-24-3-101,,9：00～18：00 ただし、火曜日、年末年始及び臨時休業日はお休みです 詳細は こちら から事前にご確認ください,こちら からご確認ください。,http://kanko.mitaka.ne.jp/docs/2021092900021/,35.702108,139.562139
東京都,三鷹市(B001),http://www.gk-p.jp/wp-content/uploads/mhc/13-204-B-01.jpg,第29弾,2026/07/31,みたか観光BASE,東京都三鷹市下連雀3-24-3-105,,9：00～18：00 ただし、火曜日、年末年始及び臨時休業日はお休みです 詳細は こちら から事前にご確認ください,こちら からご確認ください,https://kanko.mitaka.ne.jp/docs/2021092900021/,35.701831,139.562095
東京都,青梅市(A001),http://www.gk-p.jp/wp-content/uploads/mhc/13-205-A-01.jpg,第14弾,2021/04/25,青梅観光案内所,東京都青梅市本町192,,【月曜日以外（祝日の場合は営業）】 9:30～12:00、12:45～16:50 ただし、年末年始はお休みです 【月曜日（祝日の場合は休み）】 8:30～17:00,こちら からご確認ください,https://www.city.ome.tokyo.jp/soshiki/25/72544.html,35.790279,139.258148
東京都,青梅市(B001),http://www.gk-p.jp/wp-content/uploads/mhc/13-205-B-01.jpg,第21弾,2023/12/15,西東京農業協同組合　グリーンセンター,東京都青梅市梅郷3丁目930番地の1,,【第二水曜日（祝日の場合は翌営業日）以外】 8:45～16:30 ただし、第二水曜日（祝日の場合は翌営業日）、1/1～1/3はお休みです 【第二水曜日（祝日の場合は翌営業日）】 8:30～17:00,こちら からご確認ください,https://www.city.ome.tokyo.jp/soshiki/25/72544.html,35.788264,139.223121
東京都,府中市(A001),http://www.gk-p.jp/wp-content/uploads/mhc/13-206-A-01.jpg,第13弾,2020/12/17,片町文化センター,東京都府中市片町2丁目17番地,,9：00～20：00 ただし、年末年始（12月29日から1月3日まで）、国民の祝日、臨時休館日（保守点検のため）はお休みです ※臨時休館日は こちら からご確認ください,こちら からご確認ください,https://www.city.fuchu.tokyo.jp/kanko/manga_anime/manhole.html,35.670351,139.469282
東京都,府中市(B001),http://www.gk-p.jp/wp-content/uploads/mhc/13-206-B01.jpg,第16弾,2022/01/15,府中市観光情報センター,東京都府中市宮町3丁目1番地,,9：00～17：00 ただし、年末年始及び毎月最終火曜日はお休みです,こちら からご確認ください,https://www.city.fuchu.tokyo.jp/kanko/manga_anime/manhole.html,35.669798,139.479564
東京都,昭島市(A001),http://www.gk-p.jp/wp-content/uploads/mhc/13-207-A-01.jpg,第07弾,2018/04/28,昭島観光案内所,東京都昭島市代官山2-3-6（昭島駅北口、西寄りの階段下）,,【平日】 4月～9月 9:00～18:00 10月～3月 9:00～17:00 【土日祝】 （通年） 9:00～17:00 ただし、月曜日（祝日の時は翌日）と年末年始はお休みです,こちら からご確認ください,https://www.city.akishima.lg.jp/s087/010/010/010/140/010/20190319120320.html,35.713777,139.360590
東京都,昭島市(B001),http://www.gk-p.jp/wp-content/uploads/mhc/13-207-B-01.jpg,第24弾,2024/12/20,アキシマエンシス 郷土資料室,東京都昭島市つつじが丘3-3-15,,【平日】10：00～19：30 【土日祝】10：00～17：30 ただし、毎週月曜日（休日の場合は次の平日）、年末年始、特別整理期間はお休みです,こちら からご確認ください,https://www.city.akishima.lg.jp/s087/010/010/010/140/020/20190319120320.html,35.712002,139.369413
東京都,調布市(A001),http://www.gk-p.jp/wp-content/uploads/mhc/13-208-A-01.jpg,第10弾,2019/08/07,調布市 環境部 下水道課,市役所本庁舎2階総合案内所,,【平日】9:00～17:00 【休日】9:00～16:00,こちら からご確認ください,http://www.city.chofu.tokyo.jp/www/contents/1561008038752/index.html,35.650588,139.540901
東京都,調布市(B001),http://www.gk-p.jp/wp-content/uploads/mhc/13-208-B-01.jpg,第25弾,2025/04/25,調布市民西調布体育館,東京都調布市上石原2-4-1,,9：00～17：00 ただし、第2・第4月曜日(月曜日が祝日の場合はその翌日)及び12月29日～翌年1月3日はお休みです,こちら からご確認ください,https://www.city.chofu.lg.jp/070040/p042106.html,35.657537,139.527476
東京都,町田市(A001),http://www.gk-p.jp/wp-content/uploads/mhc/13-209-A-01.jpg,第10弾,2019/08/07,町田市役所下水道部下水道経営総務課,東京都町田市森野2-2-22,,8:30～17：00 ただし、年末年始（12月29日～1月3日）はお休みです,こちら からご確認ください,https://www.city.machida.tokyo.jp/kurashi/suido/grsui/gesuidoujigyou/manholehutadesign.html,35.546643,139.438645
東京都,町田市(B001),http://www.gk-p.jp/wp-content/uploads/mhc/13-209-B-01.jpg,第12弾,2020/04/25,まちの案内所　町田ツーリストギャラリー,東京都町田市原町田4-10-20　ぽっぽ町田1階,,10：00～19：00 ただし、年末年始、棚卸期間などの臨時休業日はお休みです（臨時休業日は町田ツーリストギャラリーHPをご確認ください）,こちら からご確認ください,https://www.city.machida.tokyo.jp/kurashi/suido/grsui/gesuidoujigyou/manholehutadesign.html,35.542379,139.449162
東京都,小金井市(A001),http://www.gk-p.jp/wp-content/uploads/mhc/13-210-A-01.jpg,第05弾,2017/08/01,小金井市第二庁舎4階　環境部下水道課窓口,東京都小金井市前原町3-41-15,,9：00～12：00、13：00～17：00 ただし、年末年始（12/29～1/3）はお休みです,こちら からご確認ください。 ※現在、配布を一時中止しています,https://www.city.koganei.lg.jp/smph/kurashi/478/keihatuzigyou/mcardhaihu.html,35.698576,139.504822
東京都,小金井市(B001),http://www.gk-p.jp/wp-content/uploads/mhc/13-210-B-02.jpg,第12弾,2020/03/09,小金井市第二庁舎4階　下水道課窓口,小金井市前原町3-41-15,,9:00～12:00 13:00～16:00,こちら からご確認ください ※現在、配布を一時中止しています,https://www.city.koganei.lg.jp/smph/kurashi/478/keihatuzigyou/mannho-ruka-dotokube.html,35.698568,139.504876
東京都,小平市(A001),http://www.gk-p.jp/wp-content/uploads/mhc/13-211-A-01.jpg,第02弾,2016/08/01,小平ふるさと村,東京都小平市天神町3-9-1,,10：00～16：00 ただし、月曜日及び第3火曜日（祝・祭日に当るときは翌日）、祝・祭日の翌日（土・日曜日に当たるときは開園）、年末年始（12/27～1/5）はお休みです。 （臨時休園日は小平ふるさと村HPをご確認ください。）,こちら からご確認ください,https://www.city.kodaira.tokyo.jp/kurashi/080/080429.html,35.731318,139.500632
東京都,小平市(B001),http://www.gk-p.jp/wp-content/uploads/mhc/13-211-B-01.jpg,第12弾,2020/03/09,小平市ふれあい下水道館,東京都小平市上水本町1-25-31,,10:00～16:00 ただし、毎週月曜日（休・祝日の場合その直近の平日）と年末年始（12/27から1/5）はお休みです,こちら からご確認ください,https://www.city.kodaira.tokyo.jp/kurashi/080/080429.html,35.720160,139.464638
東京都,日野市(A001),http://www.gk-p.jp/wp-content/uploads/mhc/13-212-A-01.jpg,第10弾,2019/08/07,日野市立新選組のふるさと歴史館,東京都日野市日野本町１－７－２－２階（日野市生活保健センターの向かいの建物）,,【平日】8:30～17:00 【休日】9:30～16:30 ただし、年末年始・休業日・休館日はお休みです。,こちら からご確認ください,http://www.city.hino.lg.jp/kurashi/sumai/suido/gesui/1011841.html,35.676436,139.400326
東京都,日野市(B001),http://www.gk-p.jp/wp-content/uploads/mhc/13-212-B-01.jpg,第21弾,2023/12/15,日野市役所七生支所,日野市役所七生支所,,【平日・土曜日】8：30～17：00 【日曜日・休日】10：00～17：00 ただし、年末年始・休業日・休館日はお休みです。,こちら からご確認ください,https://www.city.hino.lg.jp/kurashi/sumai/suido/gesui/1011841.html,35.662137,139.413397
東京都,国分寺市(A001),http://www.gk-p.jp/wp-content/uploads/mhc/13-214-A-01.jpg,第06弾,2017/12/09,国分寺市役所広報プロモーション室,東京都国分寺市泉町2-2-18,,9：00～17：00 ただし、年末年始（12/29～31，1/2，1/3）は，総合案内で配布します ※1/1は，配布しません,こちら からご確認ください,http://www.city.kokubunji.tokyo.jp/kurashi/koutsuu/jougesuido/1017218.html,35.710279,139.463141
東京都,国分寺市(B001),http://www.gk-p.jp/wp-content/uploads/mhc/13-214-B-01.jpg,第19弾,2023/04/28,史跡の駅　おたカフェ,東京都国分寺市西元町1-13-6,,9：00～17：00 ただし、月曜日（月曜日が祝祭日・振替休日の場合はその翌平日）及び年末年始（12/29～1/3）はお休みです,こちら からご確認ください ※現在、配布を一時中止しています,https://www.city.kokubunji.tokyo.jp/kurashi/koutsuu/jougesuido/1017218.html,35.693190,139.472920
東京都,国分寺市(C001),http://www.gk-p.jp/wp-content/uploads/mhc/13-214-C-01.jpg,第24弾,2024/12/20,本多公民館,東京都国分寺市本多1-7-1,,9:00～17:00 ただし、第１、第３月曜日（休日の場合を除く）、12月29日～１月３日はお休みです,こちら からご確認ください ※現在、配布を一時中止しています,https://www.city.kokubunji.tokyo.jp/kurashi/koutsuu/jougesuido/1017218.html,35.705320,139.482741
東京都,国分寺市(D001),http://www.gk-p.jp/wp-content/uploads/mhc/13-214-D-01.jpg,第26弾,2025/07/25,ひかりプラザ,国分寺市光町1-46-8,,9:00～20:00 ただし、第２、第４月曜日（祝日、振替休日の場合は翌日）、12月28日～１月３日はお休みです,こちら からご確認ください,https://www.city.kokubunji.tokyo.jp/kurashi/koutsuu/jougesuido/1017218.html,35.702494,139.444575
東京都,国分寺市(E001),http://www.gk-p.jp/wp-content/uploads/mhc/13-214-E-01.jpg,第27弾,2025/12/19,国分寺市立いずみホール,東京都国分寺市泉町3-36-12,,9:00～17:00 ただし、第1・3月曜日（祝日、振替休日の場合は翌日）、12月27日～1月4日はお休みです,こちら からご確認ください,https://www.city.kokubunji.tokyo.jp/kurashi/koutsuu/jougesuido/1017218.html,35.698893,139.465056
東京都,国立市(A001),http://www.gk-p.jp/wp-content/uploads/mhc/13-215-A-01.jpg,第11弾,2019/12/14,旧国立駅舎,国立市東１－１－６９,,【平日】10：00~19：00 【土日・祝日】9：00~19：00 ただし、12月29日〜1月3日はお休みです,こちら からご確認ください,http://www.city.kunitachi.tokyo.jp/soshiki/Dept06/Div04/Sec03/oshirase/1574389345899.html,35.699021,139.446505
東京都,国立市(B001),http://www.gk-p.jp/wp-content/uploads/mhc/13-215-B-01.jpg,第18弾,2023/01/28,くにたち郷土文化館1階多目的ホール,東京都国立市谷保6231,,9:00～17:00（入館は16:30まで） ただし、毎月第2・4木曜日（祝日の場合は開館し、翌日休館）、年末年始（12月29日～1月3日）、別に国立市教育委員会が定める日はお休みです,こちら からご確認ください,https://kuzaidan.or.jp/province/,35.679569,139.449016
東京都,福生市,http://www.gk-p.jp/wp-content/uploads/mhc/13-218-A-01.jpg,第18弾,2023/01/28,福生市観光案内所「くるみる ふっさ」,東京都福生市本町23番地,,【通常】10：00～18：00 ただし、月曜及び木曜（祝日の場合は翌日）、年末年始（12月29日から1月3日）はお休みです 【上記の定休日】8：30～17：15 上記の定休日に配布します ただし、年末年始（12/29～1/3）はお休みです,こちら からご確認ください,https://www.city.fussa.tokyo.jp/life/city/1017110/1017111.html,35.739567,139.328701
東京都,狛江市(A001),http://www.gk-p.jp/wp-content/uploads/mhc/13-219-A-01.jpg,第06弾,2017/12/09,狛江市役所 下水道課窓口,東京都狛江市和泉本町1-1-5,,9：00～17：00 （年中無休）,こちら からご確認ください,"http://www.city.komae.tokyo.jp/index.cfm/41,90728,313,2003,html",35.634914,139.578735
東京都,狛江市(B001),http://www.gk-p.jp/wp-content/uploads/mhc/13-219-B02.jpg,第15弾,2021/11/05,① (一財)狛江市文化振興事業団事務所,(一財)狛江市文化振興事業団事務所,,9:00～17:00 ただし、①が休館の場合には②または③にて配布します,こちら からご確認ください,"http://www.city.komae.tokyo.jp/index.cfm/41,90728,313,2003,html",35.633285,139.578052
東京都,東大和市,http://www.gk-p.jp/wp-content/uploads/mhc/13-220-A01.jpg,第12弾,2020/03/09,東大和市立郷土博物館,東京都東大和市中央3-930,,【平日（祝日・年末年始を除く）】8：30～17：00 【土・日曜日、祝日（年末年始、休館日を除く）】9：00～17：00 ただし、毎週月曜日、祝日の翌日（金・土曜日が祝日の場合は、翌週の火曜日に休館）、年末年始（12月28日から1月4日まで）はお休みです,こちら からご確認ください ※現在、配布を一時中止しています,"http://www.city.higashiyamato.lg.jp/index.cfm/34,100936,350,html",35.755184,139.422970
東京都,清瀬市,http://www.gk-p.jp/wp-content/uploads/mhc/13-221-A01.jpg,第15弾,2021/11/05,清瀬市役所建設課下水道係(3階23番窓口),清瀬市役所建設課下水道係(3階23番窓口),,【平日】 8:30～17:00 【土日祝日】 9:00～17:00 ただし、月曜日の祝日は休館日となるため配布しておりません。 また、年末年始（12/29～1/3）はお休みです,こちら からご確認ください,https://www.city.kiyose.lg.jp/kurashi/suidougesuidou/gesuidou/1015242/1015263/1009709.html,35.785284,139.526702
東京都,東久留米市(A001),http://www.gk-p.jp/wp-content/uploads/mhc/13-222-A-02.jpg,第12弾,2020/03/09,東久留米市市民プラザ事務室,東京都東久留米市本町三丁目3番1号,,9:00～20:30 ただし、年末年始はお休みです,こちら からご確認ください,https://www.city.higashikurume.lg.jp/1007337/1026011.html,35.757956,139.529778
東京都,東久留米市(B001),http://www.gk-p.jp/wp-content/uploads/mhc/13-222-B01.jpg,第15弾,2021/11/05,東京ドームスポーツセンター東久留米,東京都東久留米市大門町2-14-37,,10：00～17：00 ※年中無休（施設メンテナンス及び行事による休館あり）,こちら からご確認ください,https://www.city.higashikurume.lg.jp/1007337/1026011.html,35.762063,139.544512
東京都,東久留米市(C001),http://www.gk-p.jp/wp-content/uploads/mhc/13-222-C-01.jpg,第15弾,2021/08/17,滝山中央名店会（食祭館あまいけ２階）,東京都東久留米市滝山4-1-40,,10：00～18：00 ただし、正月三が日（1/1～1/3）はお休みです,こちら からご確認ください,https://www.city.higashikurume.lg.jp/1007337/1026011.html,35.744304,139.505711
東京都,東久留米市(D001),http://www.gk-p.jp/wp-content/uploads/mhc/13-222-D01.jpg,第17弾,2022/08/06,東久留米市立生涯学習センター,東京都東久留米市中央町2-6-23,,9:00～17:00 ただし、第4月曜日（祝日の場合はその翌日）及び年末年始（12月29日～1月4日）はお休みです,こちら からご確認ください,https://www.city.higashikurume.lg.jp/1007337/1026011.html,35.755491,139.522352
東京都,多摩市（A001）,http://www.gk-p.jp/wp-content/uploads/mhc/13-224-A-01.jpg,第06弾,2017/12/09,多摩市役所 下水道課,東京都多摩市関戸6-12-1（第二庁舎）,,【平日】9：00～17：00 ただし、閉庁日はお休みです 【休日】9：00～17：00 ただし、祝日、年末年始、休館日はお休みです,こちら からご確認ください,http://www.city.tama.lg.jp/0000005579.html,35.637140,139.447412
東京都,多摩市（B001）,http://www.gk-p.jp/wp-content/uploads/mhc/13-224-B-01.jpg,第06弾,2017/12/09,永山公民館,東京都多摩市永山1-5（ベルブ永山）,,9：00～17：00 ただし、祝日、年末年始、休館日はお休みです,こちら からご確認ください,https://www.city.tachikawa.lg.jp/kurashi/suido/1002266/1020609/1025815.html,35.628308,139.448407
東京都,多摩市（C001）,http://www.gk-p.jp/wp-content/uploads/mhc/13-224-C-01.jpg,第08弾,2018/08/11,関戸公民館,東京都多摩市関戸4-72 ヴィータ・コミューネ7階、8階,,9：00～17：00 ただし、第1・第3月曜日、祝日、振替休日、年末年始（12/29～1/3）、臨時休館日はお休みです,こちら からご確認ください,http://www.city.tama.lg.jp/0000005579.html,35.649842,139.446839
東京都,多摩市(D001),http://www.gk-p.jp/wp-content/uploads/mhc/13-224-D-01.jpg,第13弾,2020/12/17,多摩市立グリーンライブセンター,東京都多摩市落合2-35,,9:30-17:00 ただし、月曜日・第4火曜日（祝日の場合はその翌日）、年末年始（12月29日～1月3日）	はお休みです,こちら からご確認ください,http://www.city.tama.lg.jp/0000005579.html,35.622244,139.427721
東京都,稲城市,http://www.gk-p.jp/wp-content/uploads/mhc/13-225-A01.jpg,第12弾,2020/03/09,いなぎ発信基地ペアテラス,東京都稲城市東長沼516番地2,,10:00～19:00 ただし、年末年始（12/29～1/3）はお休みです,こちら からご確認ください ※現在、配布を一時中止しています,https://www.city.inagi.tokyo.jp/kanko/miryoku/1010492/1013753/1010317.html,35.644133,139.502852
東京都,羽村市（A001）,http://www.gk-p.jp/wp-content/uploads/mhc/13-227-A-01.jpg,第03弾,2016/12/01,羽村市郷土博物館,東京都羽村市羽741,,9：00～17：00 ただし、月曜日（祝日の場合は翌平日）、12月29日～1月3日はお休みです,こちら からご確認ください,http://www.city.hamura.tokyo.jp/0000010587.html,35.755237,139.303256
東京都,羽村市（B001）,http://www.gk-p.jp/wp-content/uploads/mhc/13-227-B-01.jpg,第06弾,2017/12/09,ヒノトントンZOO（羽村市動物公園）チケット売り場,東京都羽村市羽村4122,,【3～10月】9：00～16：00 【11～2月】9：00～15：30 ただし、毎週月曜日（月曜日が祝日の場合は営業）、年始（1/1）はお休みです,こちら からご確認ください,https://www.city.hamura.tokyo.jp/0000010587.html,35.765803,139.328973
東京都,あきる野市(A001),http://www.gk-p.jp/wp-content/uploads/mhc/13-228-A01-2.jpg,第15弾,2021/11/05,あきる野市都市整備部生活排水対策課,東京都あきる野市二宮350,,【平日】8：30～12：00、13：00～17：15 ただし、休日、年末年始（12/27〜1/4）はお休みです 【土・祝日】10:00～18:00 ただし、日曜日及び水曜日が祝日の場合は、いろどり屋が休業日のため、配布を行いません。 年始（1/1～1/3）はお休みです,こちら からご確認ください,https://www.city.akiruno.tokyo.jp/kanko/0000013916.html,35.728894,139.294115
東京都,あきる野市(B001),http://www.gk-p.jp/wp-content/uploads/mhc/13-228-B01.jpg,第16弾,2022/01/15,秋川渓谷瀬音の湯,東京都あきる野市乙津565番地,,9：50～18：00 ただし、毎週火曜日はお休みです,こちら からご確認ください,https://www.city.akiruno.tokyo.jp/kanko/0000013916.html,35.727150,139.187860
東京都,あきる野市(C001),http://www.gk-p.jp/wp-content/uploads/mhc/13-228-C-01.jpg,第28弾,2026/04/24,フレア五日市,フレア五日市,,9:00～17:00 ただし、臨時休館があります,こちら からご確認ください,https://www.city.akiruno.tokyo.jp/kanko/0000013916.html,35.732442,139.228740
東京都,西東京市(A001),http://www.gk-p.jp/wp-content/uploads/mhc/13-229-A-01.jpg,第29弾,2026/07/31,まちテナ西東京,東京都西東京市田無町4-1-2（田無駅改札横）,,【平日】10:00～20:00 【土曜】10:00～19:00 【日曜・祝日】10:00～18:00 ただし、元日はお休みです,こちら からご確認ください,https://www.city.nishitokyo.lg.jp/enjoy/ekimae_hassin/08manhoru.html,35.727510,139.539366
東京都,瑞穂町,http://www.gk-p.jp/wp-content/uploads/mhc/13-303-A-01.jpg,第04弾,2017/04/03,瑞穂町郷土資料館 けやき館,東京都西多摩郡瑞穂町大字駒形富士山316-5,,9：00～17：00 ただし、第3月曜日（祝日の場合は翌日）、年末年始、臨時休館日（左記HPにて要確認）はお休みです,こちら からご確認ください,https://www.town.mizuho.tokyo.jp/kankyo/002/001/p005171.html,35.780463,139.352131
東京都,日の出町,http://www.gk-p.jp/wp-content/uploads/mhc/13-305-A-01.jpg,第27弾,2025/12/19,日の出町役場,日の出町役場（1月19日～配布開始）,,【平日】8：30～17：15(12：00～13：00を除く) 【土日祝日】①10：00～16：00(12：00～13：00を除く) ただし、年末年始はお休みです ②10:00〜19:00 ただし、毎月第3火曜日及び設備点検休館日はお休みです ③10：00～15：00（1月17日のみ）,こちら からご確認ください,https://www.town.hinode.tokyo.jp/0000004462.html,35.742117,139.257379
東京都,檜原村,http://www.gk-p.jp/wp-content/uploads/mhc/13-307-A-01.jpg,第13弾,2020/12/17,檜原温泉センター数馬の湯,東京都西多摩郡檜原村3221番地,,【火曜日～土曜日・祝日】10:00～18:00 ※ただし年末年始はお休みです 【月曜日・日曜日】 4月～11月 9:30～17:00 12月～3月 10:00～16:00 ※ただし年末年始はお休みです,こちら からご確認ください,https://www.vill.hinohara.tokyo.jp/0000001479.html,35.724323,139.054029
東京都,小笠原村,http://www.gk-p.jp/wp-content/uploads/mhc/13-421-A-01.jpg,第18弾,2023/01/28,小笠原村観光協会,東京都小笠原村父島字東町,,8:00～12:00、13:30～17:00,こちら からご確認ください,https://www.vill.ogasawara.tokyo.jp/kensetsu_suidou/,27.094635,142.192222
神奈川県,横浜市（A001）,http://www.gk-p.jp/wp-content/uploads/mhc/14-100-A-01.jpg,第02弾,2016/08/01,横浜駅観光案内所,神奈川県横浜市西区南幸1-1-1 JR横浜タワー２階,,10:00～17:00,こちら からご確認ください,https://www.city.yokohama.lg.jp/kurashi/machizukuri-kankyo/kasen-gesuido/gesuido/koho/manholecard.html,35.466302,139.621992
神奈川県,横浜市（B001）,http://www.gk-p.jp/wp-content/uploads/mhc/14-100-B-01.jpg,第04弾,2017/04/03,横浜市旭区役所 地域振興課,神奈川県横浜市旭区鶴ケ峰1-4-12,,【月〜金】8:45～17:00 ただし、祝日・年末年始はお休みです 【旭区市民活動支援センター　みなくる】 月曜日・水曜日・木曜日・金曜日　9:00～17:00 火曜日　9:00～20:30 土曜日・日曜日・祝日　10:00～16:30 ※ただし、休館日（毎月第１・３水曜日ほか、年末年始）は配布しません。休館日は、変更となる場合がありますので、 ホームページ をご確認ください,こちら からご確認ください,https://www.city.yokohama.lg.jp/asahi/shokai/gaiyo/mascot/asahikunmanhorukado.html,35.474761,139.544800
神奈川県,横浜市（C001）,http://www.gk-p.jp/wp-content/uploads/mhc/14-100-C-01.jpg,第04弾,2017/04/03,旭区役所 総務部 区政推進課 企画調整係,神奈川県横浜市旭区鶴ケ峰1-4-12,,,配布終了 問合せ先 旭区役所総務部区政推進課 045-954-6028,,35.474609,139.544789
神奈川県,横浜市（D001）,http://www.gk-p.jp/wp-content/uploads/mhc/14-100-D-01.jpg,第10弾,2019/08/07,桜木町駅観光案内所,横浜市中区桜木町1-1（JR桜木町駅 南改札正面）,,10:00～17:00,こちら からご確認ください,https://www.city.yokohama.lg.jp/kurashi/machizukuri-kankyo/kasen-gesuido/gesuido/manholecard.html,35.450753,139.631042
神奈川県,川崎市(A001),http://www.gk-p.jp/wp-content/uploads/mhc/14-130-A-01.jpg,第05弾,2017/08/01,かわさききたテラス（川崎市観光案内所）,神奈川県川崎市川崎区駅前本町26-1（アトレ3階 かわさききたテラス内）,,【平日】9：00～20：00 【休日】9：00～19：00,こちら からご確認ください。 問合せは、川崎市上下水道局経営戦略室〔広報戦略〕（044-200-0410）までお願いします。 マンホールカードについて、「かわさききたテラス」への問合せ等はご遠慮ください。,https://www.city.kawasaki.jp/800/page/0000088344.html,35.531138,139.697814
神奈川県,川崎市(B001),http://www.gk-p.jp/wp-content/uploads/mhc/14-130-B01.jpg,第16弾,2022/01/15,川崎市入江崎水処理センター　ワクワクアクア,神奈川県川崎市川崎区塩浜3-17-1,,【平日】8：45～12：00、13：00～16：15 ただし、毎週水曜日、年末年始を除きます。 ワクワクアクア（予約制）を見学された方に配布します。 （ワクワクアクア見学者以外の来訪者には配布しません。） 【土日・祝日】9：00～19：00 （平日は、川崎市観光案内所では配布しません。）,こちら からご確認ください 問合せは、川崎市上下水道局経営戦略室〔広報戦略〕（044-200-0410）までお願いします。 マンホールカードについて、「かわさききたテラス」及び「ワクワクアクア」への問合せ等はご遠慮ください。,https://www.city.kawasaki.jp/800/page/0000088344.html,35.519469,139.740246
神奈川県,川崎市(C001),http://www.gk-p.jp/wp-content/uploads/mhc/14-130-C-01.jpg,第18弾,2023/01/28,東海道かわさき宿交流館,神奈川県川崎市川崎区本町1-8-4,,9：00～17：00 ただし、毎週月曜日（月曜日が休日の場合は直後の休日でない日）、年末年始はお休みです,こちら からご確認ください 問合せは、川崎市上下水道局経営戦略室〔広報戦略〕（044-200-0410）までお願いします。 マンホールカードについて、「東海道かわさき宿交流館」への問合せ等はご遠慮ください。,https://www.city.kawasaki.jp/800/page/0000088344.html,35.532406,139.703004
神奈川県,相模原市（A001）,http://www.gk-p.jp/wp-content/uploads/mhc/14-150-A-01.jpg,第01弾,2016/04/01,相模原市役所 都市建設局 土木部 下水道経営課総務・計画班,神奈川県相模原市中央区中央2-11-15（第1別館2階）,,8：30～17：15 ただし、土日、祝日、年末年始はお休みです,こちら からご確認ください,https://www.city.sagamihara.kanagawa.jp/shisei/1026823/gesuido/1004546/1014470.html,35.571611,139.372600
神奈川県,相模原市（B001）,http://www.gk-p.jp/wp-content/uploads/mhc/14-150-B-01.jpg,第09弾,2018/12/14,相模湖観光案内所,相模原市緑区与瀬1183,,8：30～11：30、12：30～17：00 ただし、年末年始(12/29～1/3)はお休みです,こちら からご確認ください,https://www.city.sagamihara.kanagawa.jp/shisei/1026823/gesuido/1004546/1014470.html,35.616834,139.189723
神奈川県,相模原市(C001),http://www.gk-p.jp/wp-content/uploads/mhc/14-150-C-01.jpg,第14弾,2021/04/25,下水道経営課,神奈川県相模原市中央区高根3-1-15,,9:30～17:00 ただし、毎週月曜日・国民の祝日の翌日（月曜日が祝日の場合は翌平日）、年末年始（12月28日～1月3日）及び教育委員会が定める日はお休みです,こちら からご確認ください,https://www.city.sagamihara.kanagawa.jp/shisei/1026823/gesuido/1004546/1014470.html,35.559364,139.393027
神奈川県,相模原市(D001),http://www.gk-p.jp/wp-content/uploads/mhc/14-150-D01.jpg,第17弾,2022/08/06,さがみはらアンテナショップsagamix,神奈川県相模原市南区相模大野3-2-1ボーノ相模大野ショッピングセンター2F,,10:00～21:00 施設閉館日に準じます,こちら からご確認ください,https://www.city.sagamihara.kanagawa.jp/shisei/1026823/gesuido/1004546/1014470.html,35.531227,139.435015
神奈川県,横須賀市(A001),http://www.gk-p.jp/wp-content/uploads/mhc/14-201-A-01.jpg,第01弾,2016/04/01,横須賀市観光案内所　京急線横須賀中央駅東口改札前,神奈川県横須賀市若松町２-25,,9：30～17：00（平日、土日、祝日） 12/30は短縮営業（９：30～15：00まで） 12/31～1/3は定休日（1/4から通常営業）,こちら からご確認ください,https://www.city.yokosuka.kanagawa.jp/6710/torikukmi/manhole.html,35.278646,139.670648
神奈川県,横須賀市(B001),http://www.gk-p.jp/wp-content/uploads/mhc/14-201-B-01.jpg,第15弾,2021/08/17,浦賀コミュニティセンター分館（郷土資料館）,神奈川県横須賀市浦賀7-2-1,,8：30～17：00 ただし、年末年始（12月29日～1月3日）及び休館日はお休みです,こちら からご確認ください,https://www.city.yokosuka.kanagawa.jp/6710/torikukmi/manhole.html,35.244211,139.715013
神奈川県,横須賀市(C001),http://www.gk-p.jp/wp-content/uploads/mhc/14-201-C-01.jpg,第21弾,2023/12/15,よこすか近代遺産ミュージアム　ティボディエ邸,横須賀市汐入町１丁目１　ヴェルニー公園内,,9：00～17：00,こちら からご確認ください,https://www.city.yokosuka.kanagawa.jp/6710/torikukmi/manhole.html,35.281908,139.664410
神奈川県,横須賀市(D001),http://www.gk-p.jp/wp-content/uploads/mhc/14-201-D-01.jpg,第26弾,2025/07/25,衣笠商店街サービスセンター,神奈川県横須賀市衣笠栄町２丁目28,,10:00～12:00、13:00～15:00 ただし、日曜日、年末年始はお休みです,こちら からご確認ください,https://www.city.yokosuka.kanagawa.jp/6710/torikukmi/manhole.html,35.257888,139.662214
神奈川県,平塚市,http://www.gk-p.jp/wp-content/uploads/mhc/14-203-A-01.jpg,第07弾,2018/04/28,四之宮ふれあいセンター,神奈川県平塚市四之宮4-19-2(相模川流域下水道右岸処理場内),,9：30～17：00 ただし、月曜日、年末年始（12/28～1/4）はお休です」,こちら からご確認ください,https://www.city.hiratsuka.kanagawa.jp/machizukuri/page-c_02061.html,35.359562,139.361988
神奈川県,藤沢市(A001),http://www.gk-p.jp/wp-content/uploads/mhc/14-205-A-01.jpg,第10弾,2019/08/07,藤沢市藤澤浮世絵館,藤沢市辻堂神台二丁目2番2号　ココテラス湘南7階,,10:00～18:30（最終入館時間） ただし、月曜日（祝日、振替休日の場合は翌日）、年末年始（12月29日～1月3日）、展示替え等のための臨時休館日はお休みです,こちら からご確認ください,http://www.city.fujisawa.kanagawa.jp/gesui-so/manholecard.html,35.340578,139.447710
神奈川県,藤沢市(B001),http://www.gk-p.jp/wp-content/uploads/mhc/14-205-B-01.jpg,第26弾,2025/12/10,藤沢市ふじさわ宿交流館,神奈川県藤沢市西富一丁目3番3号,,9:00～17:00 ただし、月曜日（月曜日が休日の場合は翌日）、年末年始(1月1日および12月27日～12月31日)はお休みです,こちら からご確認ください ※現在、配布を一時中止しています,https://www.city.fujisawa.kanagawa.jp/gesui-ke/manholecard.html,35.340578,139.447710
神奈川県,小田原市(A001),http://www.gk-p.jp/wp-content/uploads/mhc/14-206-A-01.jpg,第07弾,2018/04/28,小田原市上下水道局経営総務課,神奈川県小田原市高田401,,10：00～17：00 ただし、年末年始はお休みです,こちら からご確認ください ※現在、配布を一時中止しています,https://www.city.odawara.kanagawa.jp/field/water/sewer/topics/p24794.html,35.288011,139.190929
神奈川県,小田原市(B001),http://www.gk-p.jp/wp-content/uploads/mhc/14-206-B-01.jpg,第15弾,2021/08/17,小田原市観光交流センター,神奈川県小田原市本町1-7-50,,9:00～17:00 ただし、年末年始はお休みです,こちら からご確認ください,https://www.city.odawara.kanagawa.jp/field/water/sewer/topics/p24794.html,35.249759,139.157991
神奈川県,小田原市(C001),http://www.gk-p.jp/wp-content/uploads/mhc/14-206-C01.jpg,第16弾,2022/01/15,小田原宿なりわい交流館,神奈川県小田原市本町3-6-23,,10：00～17：00 ただし、年末年始はお休みです,こちら からご確認ください,https://www.city.odawara.kanagawa.jp/field/water/sewer/topics/p24794.html,35.248320,139.159955
神奈川県,小田原市(D001),http://www.gk-p.jp/wp-content/uploads/mhc/14-206-D-01.jpg,第19弾,2023/04/28,ラスカ小田原 １階インフォメーション,神奈川県小田原市栄町1-1-9,,11:00〜19:00,こちら からご確認ください ※現在、配布を一時中止しています,https://www.city.odawara.kanagawa.jp/field/c-planning/sewer/topics/p24794.html,35.255331,139.155698
神奈川県,小田原市(E001),http://www.gk-p.jp/wp-content/uploads/mhc/14-206-E-01.jpg,第22弾,2024/04/26,小田原城址公園常盤木門1階,神奈川県小田原市城内6番1号,,9：00〜16：30 ただし、12月31日〜1月1日はお休みです,こちら からご確認ください ※在庫切れのため、配布を休止しています,https://www.city.odawara.kanagawa.jp/kanko/topics/p38849.html,35.250613,139.154725
神奈川県,小田原市(F001),http://www.gk-p.jp/wp-content/uploads/mhc/14-206-F-01.jpg,第25弾,2025/04/25,皆春荘,神奈川県小田原市板橋852番地,,10:00～16:00 ただし、月・火・水曜日（祝日だった場合は翌平日）及び年末年始はお休みです ※令和8年7～9月までは次の通り変更します。 10:00～13:00 ただし、月～金曜日はお休みです,こちら からご確認ください,https://www.city.odawara.kanagawa.jp/field/lifelong/culture/historical_structure/p25874.html,35.249805,139.143805
神奈川県,茅ヶ崎市(A001),http://www.gk-p.jp/wp-content/uploads/mhc/14-207-A-01.jpg,第18弾,2023/01/28,茅ヶ崎市観光案内所,神奈川県茅ヶ崎市元町1-1,,9:00～18:00 ただし、12月29日～1月3日はお休みです,こちら からご確認ください,https://www.city.chigasaki.kanagawa.jp/kurasi_gesuido/1051217.html,35.330296,139.405824
神奈川県,茅ヶ崎市(B001),http://www.gk-p.jp/wp-content/uploads/mhc/14-207-B-01.jpg,第26弾,2025/07/25,道の駅「湘南ちがさき」,神奈川県茅ケ崎市柳島1546番地1,,9：00～18：00 ただし、月1回休館日があります,こちら からご確認ください,https://www.city.chigasaki.kanagawa.jp/kurasi_gesuido/1051217.html,35.320242,139.378180
神奈川県,逗子市,http://www.gk-p.jp/wp-content/uploads/mhc/14-208-A01.jpg,第16弾,2022/01/15,逗子市役所2階 下水道課窓口,神奈川県逗子市逗子5-2-16,,8：30～17：00 ただし、年末年始（12/29～1/3）はお休みです,こちら からご確認ください,https://www.city.zushi.kanagawa.jp/kurashi/suido/1001970/1001982/1010948.html,35.295601,139.580351
神奈川県,三浦市,http://www.gk-p.jp/wp-content/uploads/mhc/14-210-A-01.jpg,第14弾,2021/04/25,三浦市役所第２分館２階上下水道部下水道課窓口,神奈川県三浦市城山町1-1,,【平日】8：30～17：15 【休日】9：00～17：30 ただし、年末年始はお休みです,こちら からご確認ください,https://www.city.miura.kanagawa.jp/soshiki/gesuidoka/699.html,35.143843,139.620705
神奈川県,秦野市,http://www.gk-p.jp/wp-content/uploads/mhc/14-211-A-01.jpg,第08弾,2018/08/11,秦野市浄水管理センター 秦野市上下水道局下水道施設課,神奈川県秦野市上大槻190番地,,9：00～17：00 ただし、年末年始はお休みです,こちら からご確認ください,https://www.city.hadano.kanagawa.jp/soshiki/11/1068/2/2/1994.html,35.364153,139.244035
神奈川県,厚木市(A001),http://www.gk-p.jp/wp-content/uploads/mhc/14-212-A-01.jpg,第03弾,2016/12/01,厚木市役所 河川下水道施設課,神奈川県厚木市中町3-17-17（市役所第2庁舎14階）,,8：30～17：15 ただし、土日、祝日、年末年始はお休みです,こちら からご確認ください,https://www.city.atsugi.kanagawa.jp/kurashi_tetsuzuki/gesuido/6/2/12503.html,35.443342,139.361150
神奈川県,厚木市(B001),http://www.gk-p.jp/wp-content/uploads/mhc/14-212-B-01.jpg,第20弾,2023/07/28,あつぎ市民交流プラザ窓口,神奈川県厚木市中町2-12-15　アミューあつぎ6階,,8：30～17：15 ただし、年末年始（12月29日～1月3日）はお休みです,こちら からご確認ください,https://www.city.atsugi.kanagawa.jp/kurashi_tetsuzuki/gesuido/6/2/12503.html,35.442451,139.365694
神奈川県,厚木市(C001),http://www.gk-p.jp/wp-content/uploads/mhc/14-212-C-01.jpg,第24弾,2024/12/20,あつぎ郷土博物館,神奈川県厚木市下川入1366-4,,9:00～16：30 ただし、毎月最終月曜日（その日が祝日のときは次の平日）及び年末年始（12月29日から1月3日まで）はお休みです また、臨時休館日があります,こちら からご確認ください,https://www.city.atsugi.kanagawa.jp/kurashi_tetsuzuki/gesuido/6/2/12503.html,35.495285,139.350097
神奈川県,大和市,http://www.gk-p.jp/wp-content/uploads/mhc/14-213-A-01.jpg,第10弾,2019/08/07,大和市イベント観光協会,大和市大和南1-8-1 文化創造拠点シリウス2階,,10:00～16:00(昼休み12:00～13:00) ただし、月曜日、祝日、年末年始(12/29～1/3)はお休みです,こちら からご確認ください,https://www.city.yamato.lg.jp/gyosei/soshik/17/keiei/gesuidouimeziappuzigyou/7111.html,35.469567,139.465271
神奈川県,伊勢原市,http://www.gk-p.jp/wp-content/uploads/mhc/14-214-A-01.jpg,第11弾,2019/12/14,アクアクリーンセンター 2階　下水道経営課窓口,神奈川県伊勢原市神戸120,,"【平日】8:30〜12:00, 13:00〜17:00 【土日祝日】9:30〜17:00 ただし、年末年始は除く",こちら からご確認ください,https://www.city.isehara.kanagawa.jp/docs/2024070800023/,35.386037,139.296026
神奈川県,海老名市,http://www.gk-p.jp/wp-content/uploads/mhc/14-215-A01.jpg,第16弾,2022/01/15,海老名市立郷土資料館「海老名市温故館」,海老名市国分南1-6-36,,9：00～16：30 ただし、休館日がありますのでご注意ください,こちら からご確認ください,https://www.city.ebina.kanagawa.jp/guide/sumai/gesui/1017802/1013343.html,35.454090,139.397416
神奈川県,座間市,http://www.gk-p.jp/wp-content/uploads/mhc/14-216-A-01.jpg,第10弾,2019/08/07,一般社団法人座間市観光協会,神奈川県座間市入谷東３丁目６０番５号,,9：00〜17：00 ただし、毎週水曜日と12月29日から1月3日はお休みです。 また、不定期に休館となりますのでご了承ください。,こちら からご確認ください ※現在、配布を一時中止しています,https://www.city.zama.kanagawa.jp/kurashi/suidou/gesuidou/oshirase/1002425.html,35.480631,139.400439
神奈川県,綾瀬市,http://www.gk-p.jp/wp-content/uploads/mhc/14-218-A-01.jpg,第23弾,2024/07/26,綾瀬市立城山公園管理棟,神奈川県綾瀬市早川城山三丁目４-１,,8：30～17：00 ただし、水曜日及び年末年始（12月28日～1月3日）はお休みです,こちら からご確認ください,https://www.city.ayase.kanagawa.jp/soshiki/gesuidoka/shimimmuke/24488.html,35.438549,139.420050
神奈川県,綾瀬市(B001),http://www.gk-p.jp/wp-content/uploads/mhc/14-218-B-01.jpg,第29弾,2026/07/31,綾瀬市役所 商工振興課 産業連携担当,,,※7月31日の一斉配布では配布いたしません。 ※通常配布開始時に掲載します。,こちら からご確認ください ※7月31日の一斉配布では配布いたしません。 ※安全かつスムーズに配布できるよう、抽選にて配布を行います。抽選申込期間は令和8年8月3日～28日までです。 こちら からご確認ください,https://www.city.ayase.kanagawa.jp/soshiki/shokosinkoka/sangyorenkeitanto/kanko_tokusan/dezainmanhoru/index.html,35.437222,139.426971
神奈川県,葉山町(A001),http://www.gk-p.jp/wp-content/uploads/mhc/14-301-A-01.jpg,第11弾,2019/12/14,葉山町役場,神奈川県三浦郡葉山町堀内2135,,【平日】8:30～17:00 【休日】8:30～17:00 ただし、年末年始（12月28日～1月3日）はお休みです,こちら からご確認ください,https://www.town.hayama.lg.jp/soshiki/gesui/1_1/10040.html,35.272087,139.586182
神奈川県,葉山町(B001),http://www.gk-p.jp/wp-content/uploads/mhc/14-301-B-01.jpg,第27弾,2025/12/19,葉山町観光協会（葉山ステーション内）,神奈川県三浦郡葉山町長柄1583-17,,9:00～17:00 ただし、毎週水曜日及び年末年始はお休みです,こちら からご確認ください ※現在、配布を一時中止しています,https://www.town.hayama.lg.jp/soshiki/gesui/1_1/10040.html,35.288143,139.595820
神奈川県,葉山町(C001),http://www.gk-p.jp/wp-content/uploads/mhc/14-301-C-01.jpg,第28弾,2026/04/24,南郷上ノ山公園,神奈川県三浦郡葉山町長柄1888-1,,8:30～16:30【6月～8月：8:00～18:00】 ただし、毎週月曜日、祝日の場合翌日、年末年始はお休みです,こちら からご確認ください ※現在、配布を一時中止しています,https://www.town.hayama.lg.jp/soshiki/gesui/1_1/10040.html,35.284583,139.601286
神奈川県,中井町,http://www.gk-p.jp/wp-content/uploads/mhc/14-361-A-01.jpg,第06弾,2017/12/09,中井町役場 上下水道課,神奈川県足柄上郡中井町比奈窪56（2階）,,8：30～17：15（年中無休）,こちら からご確認ください,https://www.town.nakai.kanagawa.jp/kurashi_tetsuzuki/jogesuido/gesuido_jokaso/1223.html,35.330724,139.218725
神奈川県,大井町,http://www.gk-p.jp/wp-content/uploads/mhc/14-362-A-01.jpg,第07弾,2018/04/28,大井町役場 生活環境課窓口,神奈川県足柄上郡大井町金子1995,,【平日】8：30～17：15 【休日】8：30～17：15 ただし、年末年始（12/29～1/3）はお休みです,こちら からご確認ください,https://www.town.oi.kanagawa.jp/soshiki/9/manho-ruka-do.html,35.326541,139.156094
神奈川県,山北町,http://www.gk-p.jp/wp-content/uploads/mhc/14-364-A-01.jpg,第21弾,2023/12/15,山北町観光協会,神奈川県足柄上郡山北町山北1840-15,,9:00～17:00（冬季は16:00まで） ただし、年末年始(12/29～1/3はお休みです,こちら からご確認ください,http://www.town.yamakita.kanagawa.jp/0000006183.html,35.361113,139.080418
神奈川県,愛川町,http://www.gk-p.jp/wp-content/uploads/mhc/14-401-A-01.jpg,第07弾,2018/04/28,愛川町役場 下水道課,神奈川県愛甲郡愛川町角田251-1（3階）,,【平日】8：30～17：15 【休日】8：30～17：00,046-285-2111までお問い合わせください,,35.528818,139.321672
神奈川県,清川村,http://www.gk-p.jp/wp-content/uploads/mhc/14-402-A-01.jpg,第11弾,2019/12/14,清川村本庁舎１階　清川村環境上下水道課,神奈川県愛甲郡清川村煤ヶ谷２２１６番地,,8:30～17:15,こちら からご確認ください お問合せは、清川村環境上下水道課（046－288－3862）までお願いします。,https://www.town.kiyokawa.kanagawa.jp/soshiki/machizukuri/3480.html,35.482314,139.276262
新潟県,新潟県（流域下水道）,http://www.gk-p.jp/wp-content/uploads/mhc/15-000-A-01.jpg,第06弾,2017/12/09,新潟県下水道公社,新潟県下水道公社,,【平日】9：00～17：00 【休日】10：00～15：00 ただし、休日（土日、祝日、年末年始）に配布をご希望される方は、平日（9：00～17：00）に電話予約が必要です。,025-271-1151までお問い合わせください,,37.950659,139.122857
新潟県,新潟市（A001）,http://www.gk-p.jp/wp-content/uploads/mhc/15-100-A-01.jpg,第01弾,2016/04/01,新潟古町まちみなと情報館,新潟県新潟市中央区古町通七番町995-7,,10：00～17：00 ただし、毎週水曜日、年末年始はお休みです（詳しい休業期間は直接施設へお問合せください）,025-378-4101までお問い合わせください,,37.922365,139.044960
新潟県,新潟市（B001）,http://www.gk-p.jp/wp-content/uploads/mhc/15-100-B-01.jpg,第06弾,2017/12/09,新津鉄道資料館,新潟県新潟市秋葉区新津東町2-5-6,,9：30～17：00 ただし、毎週火曜日（火曜が祝日の場合はその翌日）、年末年始（12/28～1/3）はお休みです,0250-24-5700までお問い合わせください,,37.801764,139.141842
新潟県,長岡市(A001),http://www.gk-p.jp/wp-content/uploads/mhc/15-202-A-01.jpg,第07弾,2018/04/28,ながおか市民協働センター,長岡市大手通１－４－10,電話：0258－39－2020（問い合わせ先）長岡市土木部 下水道課電話：0258-39-2235,8:30～21:00 ただし、年末年始（12月29日～1月3日）はお休みです,こちら からご確認ください,https://www.city.nagaoka.niigata.jp/kurashi/cate05/gesui/mhcard.html,37.446714,138.851071
新潟県,長岡市(B001),http://www.gk-p.jp/wp-content/uploads/mhc/15-202-B-01.jpg,第13弾,2020/12/17,道の駅ながおか花火館,新潟県長岡市喜多町707番地,,10：00～17：30 ただし、水曜日・年末年始（12/31～1/2）はお休みです,こちら からご確認ください,https://www.city.nagaoka.niigata.jp/kurashi/cate05/gesui/mhcard.html,37.455030,138.804529
新潟県,長岡市(C001),http://www.gk-p.jp/wp-content/uploads/mhc/15-202-C-01.jpg,第14弾,2021/04/25,ながおか市民センター１階,ながおか市民センター１階,,【平日】9：00～18：00 【土日】10：00～17：00 ただし、祝日はお休みです,こちら からご確認ください,https://www.city.nagaoka.niigata.jp/kurashi/cate05/gesui/mhcard.html,37.448017,138.850013
新潟県,長岡市(D001),http://www.gk-p.jp/wp-content/uploads/mhc/15-202-D-01.jpg,第18弾,2023/01/28,道の駅越後川口,新潟県長岡市川口中山８４-２,,【4月～11月】　9:00～18:00 ただし、毎週火曜日はお休みです 【12月～3月】  9:00～17:00 ただし、毎週火曜日はお休みです,こちら からご確認ください,https://www.city.nagaoka.niigata.jp/kurashi/cate05/gesui/mhcard.html,37.260810,138.867647
新潟県,長岡市(E001),http://www.gk-p.jp/wp-content/uploads/mhc/15-202-E-01.jpg,第19弾,2023/04/28,道の駅R290とちお,新潟県長岡市栃尾宮沢1764,,9:00～17:00 【1月・2月の平日】10:00～16:00 【1月2日・3日】9:00～15:00 ただし、年末年始（12/31～1/1）はお休みです,こちら からご確認ください,https://www.city.nagaoka.niigata.jp/kurashi/cate05/gesui/mhcard.html,37.459682,139.007274
新潟県,長岡市(F001),http://www.gk-p.jp/wp-content/uploads/mhc/15-202-F-01.jpg,第22弾,2024/04/26,米百俵プレイス ミライエ長岡,新潟県長岡市大手通2丁目3番地10 米百俵プレイス ミライエ長岡3階インフォメーションカウンター,,【平日・土曜日】　9:00～21:00 【日曜日・祝日】　9:00～18:00 ただし、毎月第２木曜日（休日の場合は翌日）、毎月末日（土日の場合は翌月曜日）、年末年始（12/29～1/3）はお休みです,こちら からご確認ください,https://www.city.nagaoka.niigata.jp/kurashi/cate05/gesui/mhcard.html,37.448291,138.848780
新潟県,長岡市(G001),http://www.gk-p.jp/wp-content/uploads/mhc/15-202-G-01.jpg,第29弾,2026/07/31,米百俵プレイス ミライエ長岡,新潟県長岡市大手通2丁目3番地10 米百俵プレイス ミライエ長岡3階インフォメーションカウンター,,【平日・土曜日】9:00～21:00 【日曜日・祝日】9:00～18:00 ただし、休館日：毎月第2木曜日（休日の場合は翌日）、毎月の末日（土日の場合は翌月曜日）、年末年始（12/29～1/3）はお休みです,こちら からご確認ください,https://www.city.nagaoka.niigata.jp/suidou/suidou/manhole.html,37.448291,138.848780
新潟県,三条市,http://www.gk-p.jp/wp-content/uploads/mhc/15-204-A-01.jpg,第05弾,2017/08/01,三条鍛冶道場,新潟県三条市元町11-53,,【開館日】 （休館日は毎週月曜日。月曜日が祝日の場合は翌日）9：00～17：00 ※ただし、年末年始（12/29～1/3）はお休みです 【休館日①】8:30～17:15 ※ただし、年末年始（12/29～1/3）はお休みです 【休館日②】9:00〜22:00 ※ただし、年末年始（12/29～1/3）はお休みです,こちら からご確認ください,https://www.city.sanjo.niigata.jp/soshiki/kensetsubu/jogesuidoka/manhoru/4638.html,37.632824,138.953476
新潟県,柏崎市(A001),http://www.gk-p.jp/wp-content/uploads/mhc/15-205-A-01.jpg,第09弾,2018/12/14,かしわざき市民活動センターまちから,新潟県柏崎市西本町3-2-8,,9：30～21：00 ただし、毎週火曜日（火曜日が祝日の場合はその翌日）、年末年始（12/29〜1/3）はお休みです,こちら からご確認ください,https://www.city.kashiwazaki.lg.jp/soshikiichiran/jogesuidokyoku/keieikikakuka/2/3/6790.html,37.363624,138.555852
新潟県,柏崎市(B001),http://www.gk-p.jp/wp-content/uploads/mhc/15-205-B-01.jpg,第13弾,2020/12/17,新潟県立柏崎アクアパーク,新潟県立柏崎アクアパーク,,【平日・土曜日】10:00～20:00 【日曜日】10:00～18:00 ただし、毎週火曜日（火曜日が祝日の場合はその後の一番近い平日）及び12月31日、1月1日はお休みです,こちら からご確認ください,https://www.city.kashiwazaki.lg.jp/soshikiichiran/jogesuidokyoku/keieikikakuka/2/3/22028.html,37.373143,138.552350
新潟県,新発田市(A001),http://www.gk-p.jp/wp-content/uploads/mhc/15-206-A-01.jpg,第08弾,2018/08/11,新発田市観光情報センター,新潟県新発田市諏訪町1-2-11 MINTO館内,,8：30～17：00 ただし、年末年始（12/29～1/3）はお休みです,こちら からご確認ください,http://www.city.shibata.lg.jp/kurashi/suido/gesuido/1012307/1012314.html,37.944586,139.333624
新潟県,新発田市(B001),http://www.gk-p.jp/wp-content/uploads/mhc/15-206-B-01.jpg,第12弾,2020/04/25,寺町たまり駅,新潟県新発田市諏訪町2丁目3番28号,,9：00～16：30 ただし、12/29～1/3はお休みです,こちら からご確認ください,http://www.city.shibata.lg.jp/kurashi/suido/gesuido/1012307/1012314.html,37.945782,139.329524
新潟県,新発田市(C001),http://www.gk-p.jp/wp-content/uploads/mhc/15-206-C01.jpg,第16弾,2022/01/15,月岡温泉旅館協同組合,新潟県新発田市月岡温泉546番地1,,10:00～12:00、13:00～17:00 ただし、年末年始（12月30日～1月3日）はお休みです,こちら からご確認ください,https://www.city.shibata.lg.jp/kurashi/suido/gesuido/1012307/1017916.html,37.880764,139.307521
新潟県,新発田市(D001),http://www.gk-p.jp/wp-content/uploads/mhc/15-208-D-01.jpg,第28弾,2026/04/24,蔵春閣,新潟県新発田市諏訪町1丁目9番20号,,9:00～16:00 ただし、木曜日と12/29～1/3まではお休みです,こちら からご確認ください,https://www.city.shibata.lg.jp/kurashi/suido/gesuido/1012307/1031179.html,37.943882,139.331718
新潟県,小千谷市(A001),http://www.gk-p.jp/wp-content/uploads/mhc/15-208-A-01.jpg,第03弾,2016/12/01,小千谷市錦鯉の里,新潟県小千谷市城内1-8-22,,9：00～17：00 ただし、年末年始はお休みです,こちら からご確認ください,https://www.city.ojiya.niigata.jp/soshiki/suido/manhoru-card.html,37.311127,138.795284
新潟県,小千谷市(B001),http://www.gk-p.jp/wp-content/uploads/mhc/15-208-B01.jpg,第16弾,2022/01/15,小千谷市総合産業会館「サンプラザ」,新潟県小千谷市城内1丁目8番25号,,9:00～17:30（12月～2月は17：00まで） ただし、年末年始はお休みです,こちら からご確認ください,https://www.city.ojiya.niigata.jp/soshiki/suido/manhoru-card.html,37.310834,138.796339
新潟県,加茂市,http://www.gk-p.jp/wp-content/uploads/mhc/15-209-A-01.jpg,第18弾,2023/01/28,加茂七谷温泉　美人の湯,新潟県加茂市大字宮寄上13-1,,10：00～21：00 休館日第2・第4水曜日の配布は行いませんのでご注意願います。 足を運ぶ前に、美人の湯のホームページで営業日の確認をお願いします。,こちら からご確認ください,https://www.city.kamo.niigata.jp/docs/60615.html,37.600501,139.110581
新潟県,十日町市（A001）,http://www.gk-p.jp/wp-content/uploads/mhc/15-210-A-01.jpg,第07弾,2018/04/28,松代・松之山温泉観光案内所,新潟県十日町市松代3816-1（道の駅まつだいふるさと会館内）,,9：00～17：00 ただし、年末年始はお休みです,こちら からご確認ください,http://www.city.tokamachi.lg.jp/soshiki/ke/jogesuidokyoku/04/event/index.html,37.132612,138.613829
新潟県,十日町市（B001）,http://www.gk-p.jp/wp-content/uploads/mhc/15-210-B-01.jpg,第08弾,2018/08/11,十日町温泉総合保養施設 宮中島温泉ミオンなかさと,十日町温泉総合保養施設 宮中島温泉ミオンなかさと,,【10～3月】10：00～22：00 ただし、木曜日（8月を除く）、は休館日のため、「ゆくら妻有日帰り温泉」で配布します 【4～9月】8：30～16：00,こちら からご確認ください,http://www.city.tokamachi.lg.jp/soshiki/ke/jogesuidokyoku/04/event/index.html,37.066361,138.707088
新潟県,十日町市(C001),http://www.gk-p.jp/wp-content/uploads/mhc/15-210-C-01.jpg,第13弾,2020/12/17,十日町市博物館,新潟県十日町市西本町一丁目448番地9,,9：00～17：00 ただし、月曜日(祝日の場合はその翌日)、年末年始はお休みです,こちら からご確認ください,http://www.city.tokamachi.lg.jp/soshiki/js/jogesuidoka/04/event/1607923705463.html,37.140929,138.756831
新潟県,見附市,http://www.gk-p.jp/wp-content/uploads/mhc/15-211-A01.jpg,第17弾,2022/08/06,ネーブルみつけ内「みらい市場」,新潟県見附市学校町１丁目16番15号,,9：00～17：00 ただし、年末年始、休館日はお休みです。 休館日は こちら で確認してください。,こちら からご確認ください,https://www.city.mitsuke.niigata.jp/soshiki/18/1979.html,37.531763,138.914891
新潟県,村上市（A001）,http://www.gk-p.jp/wp-content/uploads/mhc/15-212-A-01.jpg,第04弾,2017/04/03,村上市郷土資料館 おしゃぎり会館,新潟県村上市三之町7-9,,9：00～16：30 ただし、年末年始はお休みです ※臨時閉館日及び休館日は、年度により変更することもございますので、詳細は左記施設までお問い合わせください,こちら からご確認ください,https://www.city.murakami.lg.jp/soshiki/139/gesuido-mhcard.html,38.225615,139.481104
新潟県,村上市（B001）,http://www.gk-p.jp/wp-content/uploads/mhc/15-212-B-01.jpg,第05弾,2017/08/01,道の駅笹川流れ（夕日会館）,新潟県村上市桑川891番地1,,9:00～17:30 ※ただし、毎月最終水曜日（11月～3月は、毎週水曜日）、年末年始(12/30～1/1)はお休みです 季節により配布時間が変更になる可能性もありますので、詳細は左記施設までお問い合わせください,こちら からご確認ください,https://www.city.murakami.lg.jp/soshiki/139/gesuido-mhcard.html,38.375245,139.458520
新潟県,村上市（C001）,http://www.gk-p.jp/wp-content/uploads/mhc/15-212-C-01.jpg,第06弾,2017/12/09,荒川地区公民館,新潟県村上市羽ヶ榎104-25,,9：00～17：00 ただし、年末年始はお休みです ※休館日や開館時間帯は変更になる可能性がありますので、詳細は左記施設までお問い合わせください,こちら からご確認ください,https://www.city.murakami.lg.jp/soshiki/139/gesuido-mhcard.html,38.125610,139.444437
新潟県,村上市（D001）,http://www.gk-p.jp/wp-content/uploads/mhc/15-212-D-01.jpg,第08弾,2018/08/11,道の駅朝日 朝日みどりの里物産会館,新潟県村上市猿沢1215,,9：00～18：00 ただし、定休日（毎月最終月曜）、年末年始（12/31～1/1）、臨時休館日はお休みです 詳細は左記施設にお問い合わせください,こちら からご確認ください,https://www.city.murakami.lg.jp/soshiki/139/gesuido-mhcard.html,38.282609,139.522613
新潟県,村上市(E001),http://www.gk-p.jp/wp-content/uploads/mhc/15-212-E-01.jpg,第11弾,2019/12/14,道の駅神林（穂波の里）道路情報ターミナル,新潟県村上市九日市809番地,,8：30〜16：15 ただし、年末年始はお休みです,こちら からご確認ください,https://www.city.murakami.lg.jp/soshiki/139/gesuido-mhcard.html,38.172624,139.461092
新潟県,燕市（A001）,http://www.gk-p.jp/wp-content/uploads/mhc/15-213-A-02.jpg,第06弾,2017/12/09,燕市分水良寛史料館,新潟県燕市上諏訪9番9号,,9:00～16:30 ただし、月曜日（祝日の場合は翌日）、年末年始はお休みです,こちら からご確認ください。,https://www.city.tsubame.niigata.jp/kurashi/joge/1/3772.html,37.630796,138.843148
新潟県,燕市（B001）,http://www.gk-p.jp/wp-content/uploads/mhc/15-213-B-01.jpg,第10弾,2019/08/07,燕市産業史料館,新潟県燕市大曲4330-1,,9:00～16:30 ただし、月曜日（祝日の場合は翌日）、年末年始はお休みです,こちら からご確認ください,https://www.city.tsubame.niigata.jp/kurashi/joge/1/3772.html,37.652653,138.919342
新潟県,燕市(C001),http://www.gk-p.jp/wp-content/uploads/mhc/15-213-C01.jpg,第16弾,2022/01/15,燕市長善館史料館,新潟県燕市粟生津97番地,,9：00～16：30 ただし、月曜日（祝日の場合は翌日）、年末年始（12/29～1/3）はお休みです,こちら からご確認ください,https://www.city.tsubame.niigata.jｐ/kurashi/joge/1/3772.html,37.651871,138.869263
新潟県,燕市(D001),http://www.gk-p.jp/wp-content/uploads/mhc/15-213-D01.jpg,第17弾,2022/08/06,道の駅 国上（ふれあい交流センター）,新潟県燕市国上5866-1,,10：00～17：00 ただし、臨時休業する場合があります,こちら からご確認ください,https://www.city.tsubame.niigata.jp/kurashi/joge/1/3772.html,37.662854,138.825183
新潟県,燕市(E001),http://www.gk-p.jp/wp-content/uploads/mhc/15-213-E-01.jpg,第29弾,2026/07/31,燕市役所 2階 下水道課,新潟県燕市吉田西太田1934番地,,【平日】9:00～16:30 【土曜日・日曜日・祝日】9:00～16:30 ただし、12/29～1/3はお休みです,こちら からご確認ください,https://www.city.tsubame.niigata.jp/kurashi/joge/1/3772.html,37.673151,138.882457
新潟県,糸魚川市,http://www.gk-p.jp/wp-content/uploads/mhc/15-216-A-01.jpg,第10弾,2019/08/07,キターレ,新潟県糸魚川市大町2-2-19,,9:00～22:00 ただし、12/29～1/3はお休みです,こちら からご確認ください,https://www.city.itoigawa.lg.jp/site/gasusui/1506.html,37.044737,137.859225
新潟県,阿賀野市,http://www.gk-p.jp/wp-content/uploads/mhc/15-223-A-01.jpg,第08弾,2018/08/11,五頭山麓うららの森情報発信館,新潟県阿賀野市村杉3946-163,,9：00～17：00 ただし、火曜日（祝日の場合はその翌日）、年末年始はお休みです。 臨時閉館する場合があります。,こちら からご確認ください,https://www.city.agano.niigata.jp/soshiki/jogesuidokyoku/1/2/2727.html,37.802832,139.289545
新潟県,佐渡市(A001),http://www.gk-p.jp/wp-content/uploads/mhc/15-224-A-01.jpg,第21弾,2023/12/15,佐渡金銀山ガイダンス施設「きらりうむ佐渡」,新潟県佐渡市相川三町目浜町１８番地,,8:30～17:00 ただし、年末年始はお休みです,こちら からご確認ください,https://www.city.sado.niigata.jp/soshiki/2021/53417.html,38.029992,138.240602
新潟県,佐渡市(B001),http://www.gk-p.jp/wp-content/uploads/mhc/15-224-B-01.jpg,第22弾,2024/04/26,佐渡市役所本庁舎１F 総合案内窓口,新潟県佐渡市千種232番地,,8：30～17：00,こちら からご確認ください,https://www.city.sado.niigata.jp/soshiki/2021/60185.html,38.018261,138.368383
新潟県,佐渡市(C001),http://www.gk-p.jp/wp-content/uploads/mhc/15-224-C-01.jpg,第23弾,2024/07/26,南佐渡観光案内所,新潟県佐渡市小木町１９３５番地２６,,8：30～17：00 ただし、年末年始はお休みです,こちら からご確認ください,https://www.city.sado.niigata.jp/soshiki/2021/53417.html,37.815185,138.279749
新潟県,佐渡市(D001),http://www.gk-p.jp/wp-content/uploads/mhc/15-224-D-01.jpg,第24弾,2024/12/20,佐渡市畑野市民センター,新潟県佐渡市畑野甲533番地,,8：30～17：00,こちら からご確認ください,https://www.city.sado.niigata.jp/soshiki/2021/53417.html,37.990225,138.395961
新潟県,佐渡市(E001),http://www.gk-p.jp/wp-content/uploads/mhc/15-224-E-01.jpg,第25弾,2025/04/25,佐渡市赤泊市民センター,新潟県佐渡市赤泊2458番地,,8：30～17：00,こちら からご確認ください,https://www.city.sado.niigata.jp/soshiki/2021/53417.html,37.865743,138.410642
新潟県,佐渡市(F001),http://www.gk-p.jp/wp-content/uploads/mhc/15-224-F-01.jpg,第26弾,2025/07/25,佐渡市新穂市民センター,新潟県佐渡市新穂瓜生屋501番地,,8：30～17：00,こちら からご確認ください,https://www.city.sado.niigata.jp/soshiki/2021/53417.html,38.016832,138.426916
新潟県,佐渡市(G001),http://www.gk-p.jp/wp-content/uploads/mhc/15-224-G-01.jpg,第27弾,2025/12/19,佐渡中央会館,新潟県佐渡市河原田本町394番地,,8:30～17:00 ただし、年末年始はお休みです,こちら からご確認ください,https://www.city.sado.niigata.jp/soshiki/2021/53417.html,37.998119,138.322410
新潟県,佐渡市(H001),http://www.gk-p.jp/wp-content/uploads/mhc/15-224-H-01.jpg,第28弾,2026/04/24,両津市民センター,新潟県佐渡市両津湊198番地,,8:30～17:00,こちら からご確認ください,https://www.city.sado.niigata.jp/soshiki/2021/53417.html,38.080558,138.434844
新潟県,佐渡市(I001),http://www.gk-p.jp/wp-content/uploads/mhc/15-224-I-01.jpg,第29弾,2026/07/31,佐和田市民センター,新潟県佐渡市河原田本町394番地,,8:30～17:00,こちら からご確認ください,https://www.city.sado.niigata.jp/soshiki/2021/53417.html,37.998325,138.321812
新潟県,胎内市(A001),http://www.gk-p.jp/wp-content/uploads/mhc/15-227-A-01.jpg,第10弾,2019/08/07,胎内市観光協会,新潟県胎内市下赤谷387-1,,9:00 ～ 18:00,こちら からご確認ください,http://tainai.info/,38.063408,139.453000
新潟県,胎内市(B001),http://www.gk-p.jp/wp-content/uploads/mhc/15-227-B-01.jpg,第21弾,2023/12/15,ロイヤル胎内パークホテル,新潟県胎内市夏井1191-3,,9：00-18：00,こちら からご確認ください,https://www.city.tainai.niigata.jp/sangyo/kanko/manhole2.html,38.022505,139.499809
新潟県,出雲崎町,http://www.gk-p.jp/wp-content/uploads/mhc/15-405-A01.jpg,第16弾,2022/01/15,道の駅　越後出雲崎天領の里,新潟県三島郡出雲崎町大字尼瀬6番地57,,【通常】10:00～16:00 ただし、水曜日及び年末年始はお休みです。祝日及びＧＷと夏休み期間中は水曜日でも配布します。また、4月から10月までは第１水曜日のみお休みです。 【休館日】9:00～17:00 道の駅の休館日（平日の水曜日）に配布します,こちら からご確認ください,http://www.town.izumozaki.niigata.jp/kurashi/suido/colormanhole.html,37.538824,138.678703
富山県,富山市（A001）,http://www.gk-p.jp/wp-content/uploads/mhc/16-201-A-01.jpg,第02弾,2016/08/01,富山市役所,富山市役所 西館 2階 上下水道局お客さまサービスステーション,富山市新富町一丁目2-3 CiCビル 3階 電話:076-444-0642,【平日】9:00~16:00 ただし、年末年始はお休みです 【土日祝】10:00~20:30 ただし、年末年始・CiCビル休館日はお休みです,こちら からご確認ください,https://www.city.toyama.lg.jp/kurashi/suido/1010356/1010360/1011634.html,36.710255,137.189474
富山県,富山市（B001）,http://www.gk-p.jp/wp-content/uploads/mhc/16-201-B-01.jpg,第09弾,2018/12/14,富山市まちなか観光案内所,富山県富山市本丸1-45,,【12/1～3/15】9：00～17：00 【3/16～11/30】9：00～17：30 ただし、年末年始はお休みです,こちら からご確認ください,https://www.city.toyama.lg.jp/kurashi/suido/1010356/1010360/1011634.html,36.693639,137.212501
富山県,富山市(C001),http://www.gk-p.jp/wp-content/uploads/mhc/16-201-C-01.jpg,第11弾,2019/12/14,富山市民芸術創造センター,富山県富山市牛島本町二丁目1番20号,,【平日】8:30～17:15 【土日祝】10:00～17:00 ただし、年末年始はお休みです（その他、臨時休館有）,こちら からご確認ください,https://www.city.toyama.lg.jp/kurashi/suido/1010356/1010360/1011634.html,36.716973,137.164465
富山県,富山市(D001),http://www.gk-p.jp/wp-content/uploads/mhc/16-201-D-01.jpg,第13弾,2020/12/17,富山市民プラザ,富山市民プラザ １階 管理事務所,,9：00～17：00 ただし、元日はお休みです,こちら からご確認ください,https://www.city.toyama.lg.jp/kurashi/suido/1010356/1010360/1011634.html,36.690411,137.210961
富山県,富山市(E001),http://www.gk-p.jp/wp-content/uploads/mhc/16-201-E-01.jpg,第15弾,2021/08/17,岩瀬カナル会館,富山市岩瀬天神町48,,9：00～17：00 ただし、年末年始はお休みです,こちら からご確認ください,https://www.city.toyama.lg.jp/kurashi/suido/1010356/1010360/1011634.html,36.760223,137.233420
富山県,富山市(F001),http://www.gk-p.jp/wp-content/uploads/mhc/16-201-F01.jpg,第16弾,2022/01/15,TOYAMAキラリ(富山市ガラス美術館)1階 総合案内,,,,配布終了 （問い合わせ先） 富山市上下水道局上下水道計画課 電話：076-432-8571,,36.688428,137.215066
富山県,富山市(G001),http://www.gk-p.jp/wp-content/uploads/mhc/16-201-G01.jpg,第17弾,2022/08/06,越中八尾観光会館,富山市八尾町上新町2898-1,,9：00～17：00 年末年始（12/29～1/3）,こちら からご確認ください,https://www.city.toyama.lg.jp/kurashi/suido/1010356/1010360/1011634.html,36.576074,137.130595
富山県,富山市(H001),http://www.gk-p.jp/wp-content/uploads/mhc/16-201-H-01.jpg,第24弾,2024/12/20,路面電車等公共交通案内所,富山県富山市明輪町73番5号（富山駅停留場（市内電車）8番ホーム側）,,9：00～13：30、14：30～17：00,こちら からご確認ください,https://www.city.toyama.lg.jp/kurashi/suido/1010356/1010360/1011634.html,36.702052,137.213132
富山県,富山市(I001),http://www.gk-p.jp/wp-content/uploads/mhc/16-201-I-01.jpg,第28弾,2026/04/24,富山市役所 西館 2階 上下水道局お客さまサービスステーション,富山市役所 西館 2階 上下水道局お客さまサービスステーション,,【平日】9:00～16:00 【土日祝】10:00～20:30 ただし、年末年始はお休みです,こちら からご確認ください,https://www.city.toyama.lg.jp/kurashi/suido/1018440/1018454/1011634.html,36.695831,137.213692
富山県,高岡市(A001),http://www.gk-p.jp/wp-content/uploads/mhc/16-202-A-01.jpg,第09弾,2018/12/14,道の駅「雨晴（あまはらし）」,富山県高岡市太田24番地74,,10：00～17：00,こちら からご確認ください,https://www.city.takaoka.toyama.jp/gyosei/kurashi_tetsuzuki/jogesuido/2/55/7056.html,36.814904,137.041577
富山県,高岡市(B001),http://www.gk-p.jp/wp-content/uploads/mhc/16-202-B-01.jpg,第14弾,2021/04/25,雲龍山勝興寺,富山県高岡市伏木古国府17-1,,10：00～15：30 年中無休,こちら からご確認ください,https://www.city.takaoka.toyama.jp/gyosei/kurashi_tetsuzuki/jogesuido/2/55/7056.html,36.793022,137.052753
富山県,氷見市,http://www.gk-p.jp/wp-content/uploads/mhc/16-205-A-01.jpg,第06弾,2017/12/09,氷見市漁業文化交流センター,富山県氷見市中央町７番１号,,9：00～17：00 ただし、毎週水曜（祝日の場合は翌日）、祝日の翌平日及び年末年始はお休みです,こちら からご確認ください,https://www.city.himi.toyama.jp/gyosei/soshiki/jogesuido/1/4/1261.html,36.849585,136.990692
富山県,滑川市,http://www.gk-p.jp/wp-content/uploads/mhc/16-206-A-01.jpg,第23弾,2024/07/26,滑川市民交流プラザ1階 管理事務室,富山県滑川市吾妻町426番地,,8:30～22:00 ただし、毎週水曜日（祝日の場合は翌日）、12/31、1/1はお休みです,こちら からご確認ください,https://www.city.namerikawa.toyama.jp/soshiki/18/1_1/9096.html,36.767574,137.344299
富山県,砺波市,http://www.gk-p.jp/wp-content/uploads/mhc/16-208-A-01.jpg,第14弾,2021/04/25,一般社団法人　砺波市観光協会,富山県砺波市宮沢町３番９号,,9:00～18:00 ただし、年末年始はお休みです,こちら からご確認ください,https://www.city.tonami.toyama.jp/info/1610954496.html,36.641440,136.960109
富山県,小矢部市(A001),http://www.gk-p.jp/wp-content/uploads/mhc/16-209-A-01.jpg,第10弾,2019/08/07,道の駅メルヘンおやべ,富山県小矢部市桜町1535-1,,10:00～17:00 ただし、元旦はお休みです。,こちら からご確認ください,https://www.city.oyabe.toyama.jp/kurashi/1002194/1002217/1002218.html,36.689142,136.876154
富山県,小矢部市(B001),http://www.gk-p.jp/wp-content/uploads/mhc/16-209-B01.jpg,第17弾,2022/08/06,石動駅観光案内所,富山県小矢部市石動町11-10（石動駅構内）,,10:00～18:00 月曜日（祝日の場合は翌日）、年末年始はお休みです,こちら からご確認ください,https://www.city.oyabe.toyama.jp/kurashi/1002194/1002217/1002218.html,36.672711,136.865654
富山県,射水市,http://www.gk-p.jp/wp-content/uploads/mhc/16-211-A-01.jpg,第05弾,2017/08/01,道の駅 まるごと射水　物産館事務所,富山県射水市鏡宮296,,8：00～17：00,こちら からご確認ください,http://www.city.imizu.toyama.jp/guide/svGuideDtl.aspx?servno=22577,36.751986,137.084910
富山県,舟橋村,http://www.gk-p.jp/wp-content/uploads/mhc/16-321-A-01.jpg,第09弾,2018/12/14,中新川広域行政事務組合　下水道課,富山県中新川郡舟橋村国重242,,【平日】9：00～17：00 【土日祝日】9：00～17：00 ただし、年末年始・お盆などにお休みすることがあります。 詳しくは事前に配布場所へご確認ください。,こちら からご確認ください,http://www.union.nakaniikawa.toyama.jp/,36.709830,137.301444
石川県,金沢市,http://www.gk-p.jp/wp-content/uploads/mhc/17-201-A-01.jpg,第23弾,2024/07/26,金沢中央観光案内所,石川県金沢市南町４−１ 金沢ニューグランドビル1階,,10:00～21:00,こちら からご確認ください,https://www2.city.kanazawa.ishikawa.jp/about_us/library/manhole_card/,36.566493,136.653638
石川県,輪島市(A001),http://www.gk-p.jp/wp-content/uploads/mhc/17-204-A-01.jpg,第11弾,2019/12/14,輪島キリコ会館,輪島市上下水道局（1階窓口にて）,,8:30～17:15（土日祝日、年末年始を除く）,0768-22-2220までお問い合わせください,,37.388956,136.904229
石川県,輪島市(B001),http://www.gk-p.jp/wp-content/uploads/mhc/17-204-B-01.jpg,第13弾,2020/12/17,旧角海家住宅（国指定重要文化財）,輪島市上下水道局（1階窓口にて）,,8:30～17:15（土日祝日、年末年始を除く）,0768-22-2220までお問い合わせください,,37.388959,136.904098
石川県,かほく市,http://www.gk-p.jp/wp-content/uploads/mhc/17-209-A-01.jpg,第02弾,2016/08/01,かほく市産業建設部 上下水道課,石川県かほく市宇野気二81,,8：30～17：15 ただし、休日（土日、祝日、年末年始）に配布を希望される方は、平日（開庁日）15時までに予約が必要です。詳細はかほく市ホームページをご確認ください。,076-283-7106までお問い合わせください,,36.719826,136.706728
石川県,志賀町,http://www.gk-p.jp/wp-content/uploads/mhc/17-384-A-01.jpg,第08弾,2018/08/11,志賀町役場本庁舎,石川県羽咋郡志賀町末吉千古1番地1,,8：30～17：15,こちら からご確認ください,https://www.town.shika.lg.jp/page/2242.html,37.006187,136.778010
石川県,中能登町,http://www.gk-p.jp/wp-content/uploads/mhc/17-407-A-01.jpg,第12弾,2020/04/25,道の駅　織姫の里なかのと,石川県鹿島郡中能登町井田ぬ部10番地1,,9:00～17:00 ただし、年始及び定休日はお休みです 詳細はHPをご覧ください,こちら からご確認ください,https://www.town.nakanoto.ishikawa.jp/soshiki/seikatsukankyou/1/1_2/5809.html ,36.969815,136.904841
石川県,穴水町(A001),http://www.gk-p.jp/wp-content/uploads/mhc/17-461-A-01.jpg,第25弾,2025/04/25,穴水町物産館　四季彩々,穴水町物産館　四季彩々,,9：00～17：30,こちら からご確認ください,https://www.town.anamizu.lg.jp/page/105862.html,37.228302,136.904567
石川県,穴水町(B001),http://www.gk-p.jp/wp-content/uploads/mhc/17-461-B-01.jpg,第28弾,2026/04/24,穴水町会計課,石川県鳳珠郡穴水町字川島ラの174番地,,8:30～17:15,こちら からご確認ください,https://www.town.anamizu.lg.jp/page/105862.html,37.231074,136.912362
石川県,能登町(A001),http://www.gk-p.jp/wp-content/uploads/mhc/17-463-A01.jpg,第16弾,2022/01/15,のと九十九湾観光交流センター イカの駅 つくモール,石川県鳳珠郡能登町字越坂18字18番1,,9：30～17：00 ただし、水曜日はお休みです,こちら からご確認ください,http://www.town.noto.lg.jp/www/info/detail.jsp?common_id=17774,37.312216,137.230535
石川県,能登町(B001),http://www.gk-p.jp/wp-content/uploads/mhc/17-463-B-01.jpg,第18弾,2023/01/28,コンセールのと（たびスタ）,石川県鳳珠郡能登町字宇出津ト字29-2,,9:00～18:00（月曜日定休）,こちら からご確認ください,https://www.town.noto.lg.jp/www/info/detail.jsp?common_id=17774,37.310173,137.148226
石川県,能登町(C001),http://www.gk-p.jp/wp-content/uploads/mhc/17-463-C-01.jpg,第20弾,2023/07/28,体験交流施設ラブロ恋路,石川県鳳珠郡能登町字恋路3-18,,9:00～18：00　年中無休,こちら からご確認ください,http://www.town.noto.lg.jp/www/info/detail.jsp?common_id=17774,37.367767,137.244371
福井県,福井市（A001）,http://www.gk-p.jp/wp-content/uploads/mhc/18-201-A-01.jpg,第02弾,2016/08/01,福井市上下水道局経営部経営管理課,福井市大手3-13-1（上下水道局3階）,,【平日】8：30～17：15 ただし、土日、祝日、年末年始はお休みです 【土日祝日】 ①9:00～16:30 ただし、年末年始（12/29～1/3）はお休みです ②9:00～17:00 ただし、年末年始（12/29～1/3）はお休みです,こちら からご確認ください,http://www.city.fukui.lg.jp/kurasi/gesui/gesuiproject/mcard.html,36.065758,136.218420
福井県,福井市（B001）,http://www.gk-p.jp/wp-content/uploads/mhc/18-201-B-01.jpg,第08弾,2018/08/11,福井市一乗谷朝倉氏遺跡復原町並,福井市一乗谷朝倉氏遺跡復原町並,電話0776-20-5615,9：00～16：30 ただし、年末年始（12/28～1/4）はお休みです,こちら からご確認ください,http://www.city.fukui.lg.jp/kurasi/gesui/gesuiproject/mcard.html,35.999463,136.295932
福井県,敦賀市(A001),http://www.gk-p.jp/wp-content/uploads/mhc/18-202-A-01.jpg,第06弾,2017/12/09,敦賀鉄道資料館,福井県敦賀市港町1-25,,9：00～17：00 ただし、水曜日(祝日の場合は翌平日)、年末年始はお休みです。なお、特別な理由(天災など)により臨時休館する場合があります。,こちら からご確認ください,https://www.city.tsuruga.lg.jp/page/1454.html,35.660791,136.072808
福井県,敦賀市(B001),http://www.gk-p.jp/wp-content/uploads/mhc/18-202-B01.jpg,第17弾,2022/08/06,人道の港敦賀ムゼウム,福井県敦賀市金ケ崎町23-1,,9:00～16:30 ただし、水曜日(祝日の場合はその翌日)および年末年始はお休みです,こちら からご確認ください,https://www.city.tsuruga.lg.jp/page/1452.html,35.666733,136.064667
福井県,大野市,http://www.gk-p.jp/wp-content/uploads/mhc/18-205-A-01.jpg,第03弾,2016/12/01,本願清水イトヨの里,福井県大野市糸魚町8-44,,9：00～17：00 ただし、月曜日、祝日の翌日、年末年始はお休みです,こちら からご確認ください,https://www.city.ono.fukui.jp/kurashi/kankyo-sumai/gesui/gesuidojigyo/manhole_card.html,35.975573,136.491249
福井県,勝山市(A001),http://www.gk-p.jp/wp-content/uploads/mhc/18-206-A-01.jpg,第04弾,2017/04/03,勝山市長尾山総合公園 管理事務所,福井県勝山市村岡町寺尾51-11,,9：00～17：00 ただし、年末年始（12/29～1/2）はお休みです,0779-88-8777までお問い合わせください,,36.083153,136.509452
福井県,勝山市(B001),http://www.gk-p.jp/wp-content/uploads/mhc/18-206-B-01.jpg,第22弾,2024/04/26,道の駅恐竜渓谷かつやま,福井県勝山市荒土町松ヶ崎1-17,,9:00～17:00 ただし、第2・第3火曜日、年末年始（12月30日～1月1日）はお休みです,こちら からご確認ください,https://www.city.katsuyama.fukui.jp/soshiki/17/324.html,36.071152,136.479138
福井県,越前市,http://www.gk-p.jp/wp-content/uploads/mhc/18-209-A-01.jpg,第08弾,2018/08/11,越前和紙の里　卯立の工芸館,福井県越前市新在家町9-21-2,,9：30～17：00　ただし、火曜日はお休みです,こちら からご確認ください,https://www.city.echizen.lg.jp/office/070/030/manhole.html,35.911617,136.244546
福井県,高浜町,http://www.gk-p.jp/wp-content/uploads/mhc/18-481-A-01.jpg,第12弾,2020/04/25,高浜町上水道センター（上下水道課）,福井県大飯郡高浜町東三松34-3-1,,9:00～17:00,こちら からご確認ください,https://www.town.takahama.fukui.jp/page/jyousuidou/p006274.html,35.489728,135.512629
福井県,若狭町,http://www.gk-p.jp/wp-content/uploads/mhc/18-501-A-01.jpg,第26弾,2025/07/25,若狭三方縄文博物館,若狭町鳥浜122-12-1,,9：00～16：30 ただし、毎週火曜日（火曜日が国民の祝日等の場合はその翌日）、及び年末年始はお休みです,こちら からご確認ください,https://www.town.fukui-wakasa.lg.jp/soshiki/suidoka/gyomuannai/3/3317.html ,35.559464,135.893281
山梨県,甲府市(A001),http://www.gk-p.jp/wp-content/uploads/mhc/19-201-A-01.jpg,第08弾,2018/08/11,武田氏館跡歴史館（信玄ミュージアム）,山梨県甲府市大手３丁目１－１４,,9：00～16：00 必ず休館日をご確認ください。 配布場所の休館日を含む施設情報については、 こちら からご確認ください。,こちら からご確認ください,https://www.water.kofu.yamanashi.jp/general/manhole/20200713163129.html,35.685354,138.576970
山梨県,甲府市(B001),http://www.gk-p.jp/wp-content/uploads/mhc/19-201-B-01.jpg,第12弾,2020/04/25,甲府市立図書館,山梨県甲府市城東１丁目１２－３３,,10：00～17：00 必ず休館日をご確認ください。 配布場所の定休日・期間については、 こちら （リンク先の休館日情報）からご確認ください。,こちら からご確認ください,https://www.water.kofu.yamanashi.jp/general/manhole/20200713163129.html,35.659506,138.581570
山梨県,甲府市(C001),http://www.gk-p.jp/wp-content/uploads/mhc/19-201-C-01.jpg,第27弾,2025/12/19,甲府市歴史文化交流施設 こうふ亀屋座,山梨県甲府市丸の内1丁目11-5,,10:00～17:00 ただし、毎週火曜（祝日の場合はその翌日）、年末年始（12/29～1/3）はお休みです,こちら からご確認ください,https://www.water.kofu.yamanashi.jp/news/20251107143159.html,35.663626,138.571116
山梨県,都留市(A001),http://www.gk-p.jp/wp-content/uploads/mhc/19-204-A-01.jpg,第21弾,2023/12/15,都留市上下水道課下水道担当,山梨県都留市上谷１丁目1-1,,"【平日】8：30～17：15 ただし、年末年始(12/29～1/3)はお休みです 【土日祝日】9：00-17：30(3～11月) 9：00-17：00（12～2月） ただし、年末年始(12/31,1/1)はお休みです",こちら からご確認ください ※現在、配布を一時中止しています,https://www.city.tsuru.yamanashi.jp/soshiki/jougesuidou/gesuidoukanri_t/13200.html,35.551644,138.905133
山梨県,都留市(B001),http://www.gk-p.jp/wp-content/uploads/mhc/19-204-B-01.jpg,第27弾,2025/12/19,山梨県都留市役所上下水道課下水道担当,山梨県都留市役所上下水道課下水道担当,,"【平日】8：30～17：15 ただし、年末年始(12/29～1/3)はお休みです 【土日祝日】9：00-17：30(3～11月) 9：00-17：00（12～2月） ただし、年末年始(12/31,1/1)はお休みです",こちら からご確認ください ※現在、配布を一時中止しています,https://www.city.tsuru.yamanashi.jp/soshiki/jougesuidou/gesuidoukanri_t/14428.html,35.551667,138.905146
山梨県,大月市,http://www.gk-p.jp/wp-content/uploads/mhc/19-206-A-01.jpg,第21弾,2023/12/15,大月市役所花咲庁舎地域整備課,山梨県大月市大月町花咲1608-19,,【平日】8：30～17：15 【土日祝日】9：00～17：00 ただし、年末年始（12/29～1/3はお休みです,こちら からご確認ください ※現在、配布を一時中止しています,https://www.city.otsuki.yamanashi.jp/kurashi/suido/2023-1124-0944-17.html,35.607723,138.933468
山梨県,南アルプス市(A001),http://www.gk-p.jp/wp-content/uploads/mhc/19-208-A-01.jpg,第13弾,2020/12/17,道の駅しらね（情報館）,山梨県南アルプス市在家塚595-1,,9:00～17:00 ただし、年末年始（12月29日～1月3日）は定休日です,こちら からご確認ください,https://www.city.minami-alps.yamanashi.jp/docs/9171.html,35.637709,138.471106
山梨県,南アルプス市(B001),http://www.gk-p.jp/wp-content/uploads/mhc/19-208-B-01.jpg,第26弾,2025/07/25,fumotto南アルプス「まちの案内所」,南アルプス市十日市場1571-1（fumotto南アルプス臨時駐車場内）,,9:30～17:00 ただし、年末年始（12月29日～1月3日）は定休日です,こちら からご確認ください,https://www.city.minami-alps.yamanashi.jp/docs/9171.html,35.613074,138.481759
山梨県,甲斐市（A001）,http://www.gk-p.jp/wp-content/uploads/mhc/19-210-A-01.jpg,第02弾,2016/08/01,甲斐市役所　上下水道工務課窓口,山山梨県甲斐市篠原2534番地1（水道事務所2階）,,【平日】8：30～17：15 【土日祝】9：30～18：00 ただし、年末年始（12/29～1/3）はお休みです,こちら からご確認ください,https://www.city.kai.yamanashi.jp/page/17190.html,35.660823,138.515765
山梨県,甲斐市（B001）,http://www.gk-p.jp/wp-content/uploads/mhc/19-210-B-01.jpg,第09弾,2018/12/14,甲斐市立双葉図書館,山梨県甲斐市下今井230,,【平日】10：00～19：00(市内小中学校夏季休業期間中は9：00開館) 【土日及び火・木曜日の祝日】9：00～17：00 ただし、毎週月曜日、 国民の休日(ただし、土・日・火・木曜日に重なる日を除く)、年末年始(12/29～1/4)、 蔵書点検期間(6月初旬)、月末整理日(毎月最終平日。12月は28日。その日が土・日曜日に当たる場合はその前の金曜日)はお休みです,こちら からご確認ください,https://www.city.kai.yamanashi.jp/page/4779.html,35.685667,138.487388
山梨県,上野原市,http://www.gk-p.jp/wp-content/uploads/mhc/19-212-A-01.jpg,第03弾,2016/12/01,上野原市役所 生活環境課 下水道担当,山梨県上野原市上野原3832,,【平日】8：30～17：15 【土日祝日】8:30～17:00 ただし、年末年始はお休みです,0554-62-3114までお問い合わせください,,35.630315,139.108696
山梨県,中央市,http://www.gk-p.jp/wp-content/uploads/mhc/19-214-A-01.jpg,第02弾,2016/08/01,中央市役所 上下水道課,山梨県中央市臼井阿原301-1（南館）,,8：30～17：15 ただし、年末年始はお休みです,こちら からご確認ください,https://www.city.chuo.yamanashi.jp/soshiki/jyougesuidou/gesui/1636/index.html,35.599648,138.517275
山梨県,富士河口湖町(A001),http://www.gk-p.jp/wp-content/uploads/mhc/19-430-A01.jpg,第16弾,2022/01/15,富士河口湖町役場水道課,山梨県南都留郡富士河口湖町船津1700,,【平日】9：00～17：00 【土日】9：30～17：00 ただし、祝祭日、年末年始（12/29-1/3）はお休みです ※土日については、 こちら （リンク先の「図書館カレンダー」）から開館状況をご確認のうえ、ご来館ください。,こちら からご確認ください,https://www.town.fujikawaguchiko.lg.jp/ka/info.php?if_id=6160&ka_id=15,35.497322,138.754997
山梨県,富士河口湖町(B001),http://www.gk-p.jp/wp-content/uploads/mhc/19-430-B-01.jpg,第19弾,2023/04/28,道の駅かつやま,山梨県南都留郡富士河口湖町勝山3758-1,,【平日】9：00～16：00 【土日祝日】9：00～16：30,こちら からご確認ください,https://www.town.fujikawaguchiko.lg.jp/ka/info.php?if_id=6160&ka_id=15#yabusame,35.504688,138.734471
山梨県,富士河口湖町(C001),http://www.gk-p.jp/wp-content/uploads/mhc/19-430-C-01.jpg,第24弾,2024/12/20,西湖ネイチャーセンター,山梨県南都留郡富士河口湖町西湖2068,,【3月20日～11月30日】9:00～16:30 【12月1日～3月19日】9:30～16:00 ただし、【12月～2月】毎週水曜日及び12月31日はお休みです,こちら からご確認ください,https://www.town.fujikawaguchiko.lg.jp/ka/info.php?if_id=6160&ka_id=15,35.494187,138.671766
長野県,長野県（流域下水道・A001）,http://www.gk-p.jp/wp-content/uploads/mhc/20-000-A-01.jpg,第01弾,2016/04/01,豊田終末処理場（クリーンレイク諏訪）管理本館１階ロビー,長野県諏訪市大字豊田字湖畔1866-1,,【平日】8：30～17：15 【休日】8：30～10：00、13：00～17：00 土日、祝日及び年末年始休業に配布します,こちら からご確認ください,https://www.pref.nagano.lg.jp/suwakoryuiki/topics/manholecard.html,36.033404,138.089336
長野県,長野県（流域下水道・B001）,http://www.gk-p.jp/wp-content/uploads/mhc/20-000-B-01.jpg,第03弾,2016/12/01,長野県犀川安曇野流域下水道事務所,長野県犀川安曇野流域下水道事務所,,8：30～17：15,0263-73-6571までお問い合わせください,,36.315594,137.922500
長野県,長野県（流域下水道・C001）,http://www.gk-p.jp/wp-content/uploads/mhc/20-000-C-01.jpg,第11弾,2019/12/14,千曲川流域下水道事務所上流処理区終末処理場,長野県長野市真島町川合1060-1,,9:00～17:00,026－283－4170までお問い合わせください,,36.610865,138.221395
長野県,長野県（流域下水道・D001),http://www.gk-p.jp/wp-content/uploads/mhc/20-000-D-01.jpg,第23弾,2024/07/26,安曇野市観光情報センター,長野県安曇野市穂高5952-3,,【4月～10月】9:00～17:30 【11月～3月】9:00～17:00 ただし、年末年始はお休みです,こちら からご確認ください,http://www.pref.nagano.lg.jp/azuminoryuiki/index.html,36.340082,137.882438
長野県,流域下水道(E001),http://www.gk-p.jp/wp-content/uploads/mhc/20-000-E-01.jpg,第27弾,2025/12/19,クリーンピア千曲管理本館,長野県長野市大字赤沼字申高2455,,9:00～17:00,こちら からご確認ください,https://www.pref.nagano.lg.jp/chikumagawaryuiki/news/mannholkadohaifu.html,36.708243,138.286968
長野県,長野市,http://www.gk-p.jp/wp-content/uploads/mhc/20-201-A-01.jpg,第14弾,2021/04/25,長野市観光情報センター,長野県長野市栗田北河原1038-4　JR長野駅構内（東西自由通路）,,9:00〜18:00（無休）,こちら からご確認ください,https://www.city.nagano.nagano.jp/site/suido/470866.html,36.642800,138.188580
長野県,松本市,http://www.gk-p.jp/wp-content/uploads/mhc/20-202-A-01.jpg,第06弾,2017/12/09,松本市観光情報センター,長野県松本市大手3-8-13 松本市役所大手事務所（1階）,,9：00～17：45 ただし、年末年始はお休みです,こちら からご確認ください,https://www.city.matsumoto.nagano.jp/site/jougesuidou/1361.html,36.236655,137.969590
長野県,上田市(A001),http://www.gk-p.jp/wp-content/uploads/mhc/20-203-A-01.jpg,第18弾,2023/01/28,上田市観光会館2階観光案内所,上田市観光会館2階観光案内所,,9:00～17:00 ただし、年末年始はお休みです,こちら からご確認ください,https://www.city.ueda.nagano.jp/soshiki/gesuido/72692.html,36.402972,138.247329
長野県,上田市(B001),http://www.gk-p.jp/wp-content/uploads/mhc/20-203-B-01.jpg,第20弾,2023/07/28,ゆきむら夢工房,長野県上田市真田町長6090番地1,,9：00～17：00 ただし、年末年始はお休みです,こちら からご確認ください,https://www.city.ueda.nagano.jp/soshiki/gesuido/83031.html,36.440633,138.307566
長野県,上田市(C001),http://www.gk-p.jp/wp-content/uploads/mhc/20-203-C-01.jpg,第25弾,2025/04/25,武石ともしび博物館,長野県上田市下武石1902-4,,【4/1～12/28】9:00～16：00 ただし、月曜と祝日の翌日はお休みです （休館日が変更となる場合があるので、詳細は武石ともしび博物館のホームページを確認） 【12/29～3/31】9:00～16：00 平日は、武石地域自治センター内、武石地域建設課にて、休日祝日は武石地域自治センター宿直室にて配布します,こちら からご確認ください,https://www.city.ueda.nagano.jp/soshiki/mjogesui/109814.html,36.287032,138.229984
長野県,上田市(D001),http://www.gk-p.jp/wp-content/uploads/mhc/20-203-D-01.jpg,第28弾,2026/04/24,上田市観光会館2階　観光案内所,上田市観光会館2階　観光案内所,,9:00～17:00 ただし、年末年始はお休みです,こちら からご確認ください,https://www.city.ueda.nagano.jp/life/1/12/242/,36.402969,138.247342
長野県,岡谷市,http://www.gk-p.jp/wp-content/uploads/mhc/20-204-A-01.jpg,第12弾,2020/04/25,岡谷蚕糸博物館,⻑野県岡谷市幸町8-1 市役所庁舎4階,,【平日】9:00〜17:00 ただし年末年始は配布しません 【土日祝日】9:00〜17:00 ただし休館日（水曜日、祝日の翌日、年末年始）は配布しません,こちら からご確認ください,https://www.city.okaya.lg.jp/soshikikarasagasu/suidoka/483/15244.html,36.067039,138.049326
長野県,飯田市(A001),http://www.gk-p.jp/wp-content/uploads/mhc/20-205-A-01.jpg,第10弾,2019/08/07,飯田市役所上下水道局下水道課,長野県飯田市大久保町2534,,【平日】8：30～17：15 【休日】8：30～17：15,こちら からご確認ください,https://www.city.iida.lg.jp/site/jougesuido/mhcard.html,35.514280,137.821490
長野県,飯田市(B001),http://www.gk-p.jp/wp-content/uploads/mhc/20-205-B-01.jpg,第13弾,2020/12/17,遠山郷土館和田城,長野県飯田市南信濃和田1192,,9:00～16:00 ただし、木曜日（祝日を除く）、年末年始（12月29日～1月3日）、祝日の翌日（土日を除く）はお休みです,こちら からご確認ください,https://www.city.iida.lg.jp/site/jougesuido/mhcard.html,35.320646,137.935464
長野県,諏訪市,http://www.gk-p.jp/wp-content/uploads/mhc/20-206-A-01.jpg,第11弾,2019/12/14,諏訪市観光案内所,長野県諏訪市諏訪1-1-18　ＪＲ上諏訪駅内,,9:00～17:30 ただし、年末年始(12月29日～1月3日)はお休みです,こちら からご確認ください,https://www.city.suwa.lg.jp/soshiki/24/3618.html,36.046611,138.116410
長野県,小諸市(A001),http://www.gk-p.jp/wp-content/uploads/mhc/20-208-A-01.jpg,第06弾,2017/12/09,小諸市役所 下水道課窓口,小諸市役所 下水道課窓口（市庁舎2階）,,8：30～17：15,こちら からご確認ください,https://www.city.komoro.lg.jp/official/kurashi_tetsuzuki/jogesuido/gesuido/12271.html,36.327495,138.425816
長野県,小諸市(B001),http://www.gk-p.jp/wp-content/uploads/mhc/20-208-B-01.jpg,第19弾,2023/04/28,市立小諸図書館,長野県小諸市相生町三丁目3番3号 こもろプラザ1階,,9:00～18:00 ただし、毎週木曜日と年末年始はお休みです 図書館休館日は下記の時間に配布します 【木曜日】8:30～17:15 【年末年始】8:30～17:15,こちら からご確認ください,https://www.city.komoro.lg.jp/official/kurashi_tetsuzuki/jogesuido/gesuido/12271.html,36.327239,138.425416
長野県,小諸市(C001),http://www.gk-p.jp/wp-content/uploads/mhc/20-208-C-01.jpg,第26弾,2025/07/25,小諸市観光案内所,長野県小諸市相生町1-1-1　小諸駅舎内,,【４月～11月】９：00～17：00 【12月～３月】９：30～16：30 ただし、年末年始はお休みです,こちら からご確認ください,https://www.city.komoro.lg.jp/official/kurashi_tetsuzuki/jogesuido/gesuido/16123.html,36.327030,138.421844
長野県,伊那市(A001),http://www.gk-p.jp/wp-content/uploads/mhc/20-209-A-01.jpg,第11弾,2019/12/14,みはらしの湯,長野県伊那市西箕輪3480−１,,11:00～20:00 ただし、毎月第1、3、5火曜日（祝祭日と重なった場合は翌日）はお休みです 【みはらしの湯休館日】 8:30〜17:00,こちら からご確認ください ※現在、配布を一時中止しています,http://www.inacity.jp//kurashi/suidou_gesuidou_hoka/gesuidou/174susf20191023.html,35.882759,137.917975
長野県,伊那市(B001),http://www.gk-p.jp/wp-content/uploads/mhc/20-209-B-01.jpg,第12弾,2020/04/25,高遠さくらホテル,長野県伊那市高遠町勝間217,,6:00～22:00(年中無休),こちら からご確認ください ※現在、配布を一時中止しています,https://www.inacity.jp/kurashi/suidou_gesuidou_hoka/gesuidou/174susf20200318.html,35.826743,138.065387
長野県,伊那市(C001),http://www.gk-p.jp/wp-content/uploads/mhc/20-209-C-01.jpg,第14弾,2021/04/25,道の駅　南アルプスむら,長野県伊那市長谷非持1400番地,,8:00～17:30 ただし、年末年始はお休みです,こちら からご確認ください ※現在、配布を一時中止しています,https://www.inacity.jp/kurashi/suidou_gesuidou_hoka/gesuidou/174susf20210106.html,35.810329,138.083416
長野県,駒ヶ根市,http://www.gk-p.jp/wp-content/uploads/mhc/20-210-A01.jpg,第16弾,2022/01/15,駒ヶ根市駅市民サービスコーナー,長野県駒ヶ根市東町１,,10：00～18：30 ただし、年末年始（12月29日から1月3日）はお休みです,こちら からご確認ください,https://www.city.komagane.nagano.jp/gyosei/kurashi_tetsuzuki/jogesuido/gesuido/8559.html,35.736393,137.936760
長野県,中野市(A001),http://www.gk-p.jp/wp-content/uploads/mhc/20-211-A-01.jpg,第28弾,2026/04/24,中野市役所建設水道部上下水道課（本庁舎3階）,中野市役所建設水道部上下水道課（本庁舎3階）,,【平日】8:30～17:15 【土日、祝日】同上 ただし、年末年始はお休みです,こちら からご確認ください,https://www.city.nakano.nagano.jp/docs/2025102800028/,36.741549,138.369212
長野県,大町市,http://www.gk-p.jp/wp-content/uploads/mhc/20-212-A-01.jpg,第09弾,2018/12/14,大町市観光協会,長野県大町市大町3200,,8：30～17：15 ただし、年末年始（12/30～1/3）はお休みです,こちら からご確認ください,http://www.city.omachi.nagano.jp/00015000/00015100/mc.html,36.500061,137.861392
長野県,飯山市,http://www.gk-p.jp/wp-content/uploads/mhc/20-213-A-01.jpg,第05弾,2017/08/01,高橋まゆみ人形館,長野県飯山市飯山2941-1,,【4月～11月】9:00～17:00 【12月～3月】10:00～16:00 ただし、毎週水曜日(祝日の場合は開館)と、年末年始(12/29～1/3)はお休みです,こちら からご確認ください,https://www.city.iiyama.nagano.jp/soshiki/jyougesuidou/gesuidou/info/mh_card2.htm,36.856211,138.362685
長野県,茅野市,http://www.gk-p.jp/wp-content/uploads/mhc/20-214-A-01.jpg,第06弾,2017/12/09,茅野市観光案内所,長野県茅野市ちの3506,,9：00～17：30 ただし、年末年始（12/30～1/3）はお休みです,こちら からご確認ください,https://www.city.chino.lg.jp/soshiki/suidou/799.html,35.994318,138.152080
長野県,佐久市(A001),http://www.gk-p.jp/wp-content/uploads/mhc/20-217-A-01.jpg,第11弾,2019/12/14,プラザ佐久,長野県佐久市佐久平駅東1番地1,,8:00～20:00,こちら からご確認ください,https://www.city.saku.nagano.jp/kurashi/gesuido/gesuidojigyo/designmanhole/mannholkard.html,36.246530,138.460266
長野県,佐久市(B001),http://www.gk-p.jp/wp-content/uploads/mhc/20-217-B-01.jpg,第15弾,2021/08/17,道の駅　ほっとぱ～く・浅科,長野県佐久市甲2177-1,,9:00～18：00 ただし、火曜日・年末年始はお休みです,こちら からご確認ください,https://www.city.saku.nagano.jp/kurashi/gesuido/gesuidojigyo/designmanhole/mannholkard.html,36.257564,138.404269
長野県,佐久市(C001),http://www.gk-p.jp/wp-content/uploads/mhc/20-217-C-01.jpg,第18弾,2023/01/28,道の駅 ヘルシーテラス佐久南,長野県佐久市伴野７－１,,9:00～18:00,こちら からご確認ください,https://www.city.saku.nagano.jp/kurashi/gesuido/gesuidojigyo/designmanhole/mannholkard.html,36.236180,138.440753
長野県,佐久市(D001),http://www.gk-p.jp/wp-content/uploads/mhc/20-217-D-01.jpg,第24弾,2024/12/20,岩村田商店街（十三くら）,岩村田商店街（十三くら）,,15：30～18：00（一三くら） ただし、日・月曜日、年末年始はお休みです。 ※10：00～15：30は寺子屋（岩村田商店街）十三くらの４０ｍ南側 ただし、日・月曜日・祝日・年末年始はお休みです。,こちら からご確認ください,https://www.city.saku.nagano.jp/kurashi/gesuido/gesuidojigyo/designmanhole/mannholkard.html,36.273293,138.478503
長野県,千曲市（A001）,http://www.gk-p.jp/wp-content/uploads/mhc/20-218-A-01.jpg,第07弾,2018/04/28,千曲市総合観光会館,長野県千曲市上山田温泉2-12-10,,9：15～18：00 ただし、年末年始（12/29～1/3）はお休みです,こちら からご確認ください,http://chikuma-kanko.com/2018-04-18/post-4631/,36.478481,138.144549
長野県,千曲市（B001）,http://www.gk-p.jp/wp-content/uploads/mhc/20-218-B-01.jpg,第08弾,2018/08/11,信州の幸（めぐみ）あんずホール,長野県千曲市杭瀬下一丁目64番地,,9:00～17:00 ただし、毎週月曜日（祝日は開館)、祝日の翌日、年末年始(12月28日～1月3日)はお休みです。,こちら からご確認ください,https://www.city.chikuma.lg.jp/soshiki/jogesuido/kanko/1/2041.html,36.530369,138.117007
長野県,千曲市(C001),http://www.gk-p.jp/wp-content/uploads/mhc/20-218-C-01.jpg,第11弾,2019/12/14,千曲市戸倉創造館,長野県千曲市大字戸倉2305番地1,,9:00～17:00 ただし、毎週月曜日（祝祭日の場合は火曜日)、休日の翌日、年末年始(12月28日～1月3日)はお休みです,こちら からご確認ください, https://www.city.chikuma.lg.jp/soshiki/jogesuido/kanko/1/2041.html,36.485900,138.148073
長野県,千曲市(D001),http://www.gk-p.jp/wp-content/uploads/mhc/20-218-D-01.jpg,第29弾,2026/07/31,千曲市上山田文化会館,長野県千曲市上山田温泉3丁目1番地1,,9:00～17:00 ただし、毎週月曜日（祝日を除く）、休日の翌日、12/29から1/3はお休みです,こちら からご確認ください,https://www.city.chikuma.lg.jp/kanko_bunka_sports/event/all/4193.html,36.478192,138.145632
長野県,東御市,http://www.gk-p.jp/wp-content/uploads/mhc/20-219-A-01.jpg,第19弾,2023/04/28,道の駅　雷電くるみの里,長野県東御市滋野乙4524-1,,8:00～18:00 ただし、年末年始はお休みです,こちら からご確認ください,https://www.city.tomi.nagano.jp/category/shimingesui/162564.html,36.355762,138.373941
長野県,安曇野市,http://www.gk-p.jp/wp-content/uploads/mhc/20-220-A-01.jpg,第14弾,2021/04/25,安曇野市役所下水道課窓口,長野県安曇野市豊科6000番地,,【平日】8：30～17：15 【休日】9：00～17：00,こちら からご確認ください,https://www.city.azumino.nagano.jp/soshiki/39/77330.html,36.303857,137.905800
長野県,軽井沢町,http://www.gk-p.jp/wp-content/uploads/mhc/20-321-A-01.jpg,第26弾,2025/07/25,①軽井沢町都市施設さわやかハット事務所　2階,軽井沢町都市施設さわやかハット事務所　2階,,①10：00〜16：00（平日・土日祝とも） ②8：30〜17：15（開庁日のみ）,こちら からご確認ください,https://www.town.karuizawa.lg.jp/page/14115.html,36.341579,138.636635
長野県,軽井沢町(B001),http://www.gk-p.jp/wp-content/uploads/mhc/20-321-B-01.jpg,第29弾,2026/07/31,①追分宿郷土館,長野県軽井沢町追分1155-8,,①追分宿郷土館 9:00～17:00 ただし、水曜日（水曜日が祝日の場合は開館）、年末年始（12/28～1/4）はお休み 7月15日～10月31日は無休です ②中軽井沢駅内観光案内所 9:00～12:00、13:00～17:00 ただし、12/29～1/3は、10:00～12:00、13:00～15:00,こちら からご確認ください,https://www.town.karuizawa.lg.jp/page/14115.html,36.341403,138.547482
長野県,下諏訪町(A001),http://www.gk-p.jp/wp-content/uploads/mhc/20-361-A-01.jpg,第14弾,2021/04/25,下諏訪観光案内所,長野県諏訪郡下諏訪町5317(JR下諏訪駅構内),,【通常】9：30～16：30 ただし、水曜日及び年末年始はお休みです,こちら からご確認ください,http://www.town.shimosuwa.lg.jp/www/contents/1615253324806/index.html,36.072110,138.084809
長野県,下諏訪町(B001),http://www.gk-p.jp/wp-content/uploads/mhc/20-361-B-01.jpg,第22弾,2024/04/26,しもすわ今昔館おいでや,長野県諏訪郡下諏訪町3289,,【3月〜11月】 9:00〜17:00 【12月〜2月】 9:00〜16:00 ただし、年末年始・冬季（12～2月)の毎週水曜日はお休みです,こちら からご確認ください,https://www.town.shimosuwa.lg.jp/www/contents/1615253324806/index.html,36.075673,138.089338
長野県,下諏訪町(C001),http://www.gk-p.jp/wp-content/uploads/mhc/20-361-C-01.jpg,第23弾,2024/07/26,おんばしら館よいさ,長野県諏訪郡下諏訪町168-1,,【3月〜11月】 9:00〜17:00 【12月〜2月】 9:00〜16:00 ただし、年末年始はお休みです,こちら からご確認ください,https://www.town.shimosuwa.lg.jp/www/contents/1615253324806/index.html,36.081282,138.080884
長野県,南箕輪村,http://www.gk-p.jp/wp-content/uploads/mhc/20-385-A-01.jpg,第12弾,2020/04/25,道の駅大芝高原　味工房,長野県上伊那郡南箕輪村2358番地5,,9：30 ～ 18：00　(11月～3月は17：00まで) ただし、毎週水曜日と年末年始はお休みです,こちら からご確認ください,https://www.vill.minamiminowa.lg.jp/soshiki/kensetsu/manholecard.html,35.888144,137.943614
長野県,高森町(A001),http://www.gk-p.jp/wp-content/uploads/mhc/20-403-A01.jpg,第16弾,2022/01/15,高森町役場環境水道課,長野県下伊那郡高森町下市田2183番地1,,【平日】9：00～17：00 【土日祝日】9：00～17：00,こちら からご確認ください,https://www.town.nagano-takamori.lg.jp/docs/12584.html,35.551566,137.878984
長野県,高森町(B001),http://www.gk-p.jp/wp-content/uploads/mhc/20-403-B-01.jpg,第22弾,2024/04/26,高森町教育委員会,長野県下伊那郡高森町下市田2183番地1,,【平日】9：00～17：00 【土日祝日】10：00～18：00 ただし休館日（毎週月曜日、第一水曜日、年末年始、蔵書点検期間）は配布しません,こちら からご確認ください,https://www.town.nagano-takamori.lg.jp/docs/12584.html,35.551943,137.878988
長野県,南木曽町,http://www.gk-p.jp/wp-content/uploads/mhc/20-423-A-01.jpg,第11弾,2019/12/14,妻籠観光案内所,長野県木曽郡南木曽町吾妻2196-1,,9：00～16：00,こちら からご確認ください,http://www.town.nagiso.nagano.jp/jyougesuidou/manho-ru.html,35.576335,137.595288
長野県,大桑村,http://www.gk-p.jp/wp-content/uploads/mhc/20-430-A-01.jpg,第14弾,2021/04/25,大桑村役場,長野県木曽郡大桑村大字長野880-1,,8:30～17:15（年中無休）,こちら からご確認ください,https://www.vill.okuwa.lg.jp/kurashi/jogesuido/mannho-ruka-do.html,35.682902,137.664938
長野県,朝日村,http://www.gk-p.jp/wp-content/uploads/mhc/20-451-A-01.jpg,第09弾,2018/12/14,朝日村役場,長野県東筑摩郡朝日村大字古見1555-1,,【平日】8：30～17：15 【土日祝】8：30～17：15,こちら からご確認ください,https://www.vill.asahi.nagano.jp/official/soshikikarasagasu/kensetsukankyoka/jogesuidotanto/1/1400.html,36.129186,137.867248
長野県,筑北村,http://www.gk-p.jp/wp-content/uploads/mhc/20-452-A.jpg,第18弾,2023/01/28,西条温泉とくら,長野県東筑摩郡筑北村西条3443番地,,【火曜日以外】10：00～20：30 【火】8：30～17：15,こちら からご確認ください,https://www.vill.chikuhoku.lg.jp/docs/334.html,36.413632,138.008112
長野県,小布施町(A001),http://www.gk-p.jp/wp-content/uploads/mhc/20-541-A-01.jpg,第22弾,2024/04/26,小布施町役場建設水道課上下水道係窓口,長野県上高井郡小布施町大字小布施1491-2,,8：30～17：15,こちら からご確認ください,https://www.town.obuse.nagano.jp/docs/244999.html,36.697492,138.311894
長野県,小布施町(B001),http://www.gk-p.jp/wp-content/uploads/mhc/20-541-B-01.jpg,第25弾,2025/04/25,小布施町役場建設水道課上下水道係,長野県上高井郡小布施町大字小布施1491-2,,【平日】8:30～17:15 【土日祝日】7:00～22:00,こちら からご確認ください,https://www.town.obuse.nagano.jp/docs/244999.html,36.697492,138.311894
岐阜県,大垣市,http://www.gk-p.jp/wp-content/uploads/mhc/21-202-A-01.jpg,第08弾,2018/08/11,奥の細道むすびの地記念館,岐阜県大垣市船町2-26-1,,9：00～17：00,こちら からご確認ください,http://www.city.ogaki.lg.jp/0000041755.html,35.356057,136.611844
岐阜県,高山市(A001),http://www.gk-p.jp/wp-content/uploads/mhc/21-203-A-01.jpg,第09弾,2018/12/14,高山市役所　水道部下水道課（2階）,高山市役所　水道部下水道課（2階）,,8：30～17：15,こちら からご確認ください,https://www.city.takayama.lg.jp/kurashi/1000022/1000122/1001131/1022809.html,36.146153,137.252149
岐阜県,高山市(B001),http://www.gk-p.jp/wp-content/uploads/mhc/21-203-B-01.jpg,第11弾,2019/12/14,奥飛騨温泉郷観光案内所（新穂高センター内）,岐阜県高山市奥飛騨温泉郷神坂710番地9,,【4月～10月】　10：00～17：00 【11月～3月】　10：00～16：00,こちら からご確認ください,https://www.city.takayama.lg.jp/kurashi/1000022/1000122/1001131/1022809.html,36.283620,137.574900
岐阜県,高山市(C001),http://www.gk-p.jp/wp-content/uploads/mhc/21-203-C-01.jpg,第13弾,2020/12/17,高山市国府支所,岐阜県高山市国府町広瀬町880番地1,,8：30～17：15,こちら からご確認ください,https://www.city.takayama.lg.jp/kurashi/1000022/1000122/1001131/1022809.html,36.211298,137.214959
岐阜県,高山市(D001),http://www.gk-p.jp/wp-content/uploads/mhc/21-203-D-01.jpg,第14弾,2021/04/25,高山市荘川支所,岐阜県高山市荘川町新渕430番地1,,8：30～17:15,こちら からご確認ください,https://www.city.takayama.lg.jp/kurashi/1000022/1000122/1001131/1022809.html,36.033338,136.955953
岐阜県,高山市(E001),http://www.gk-p.jp/wp-content/uploads/mhc/21-203-E-01.jpg,第15弾,2021/08/17,高山市一之宮支所,高山市一之宮支所,,8：30～17：15,こちら からご確認ください,https://www.city.takayama.lg.jp/kurashi/1000022/1000122/1001131/1022809.html,36.083675,137.239378
岐阜県,高山市(F001),http://www.gk-p.jp/wp-content/uploads/mhc/21-203-F01.jpg,第17弾,2022/08/06,高山市役所久々野支所基盤産業課窓口,岐阜県高山市久々野町無数河580番地1,,8：30～17：15,こちら からご確認ください,https://www.city.takayama.lg.jp/kurashi/1000022/1000122/1001131/1022809.html,36.048510,137.275250
岐阜県,高山市(G001),http://www.gk-p.jp/wp-content/uploads/mhc/21-203-G-01.jpg,第18弾,2023/01/28,道の駅ひだ朝日村,岐阜県高山市朝日町万石150番地,,【通常】10：00～16：00 ただし、水曜日（祝祭日は翌日）はお休みです 【上記の休業日】8:30～17：15 道の駅ひだ朝日村の休業日に配布します,こちら からご確認ください,https://www.city.takayama.lg.jp/kurashi/1000022/1000122/1001131/1022809.html,36.087956,137.350872
岐阜県,高山市(H001),http://www.gk-p.jp/wp-content/uploads/mhc/21-203-H-01.jpg,第20弾,2023/07/28,高山市丹生川支所,岐阜県高山市丹生川町坊方2000番地,,8:30～17:15,こちら からご確認ください,https://www.city.takayama.lg.jp/kurashi/1000022/1000122/1001131/1022809.html,36.170212,137.310035
岐阜県,高山市(I001),http://www.gk-p.jp/wp-content/uploads/mhc/21-203-I-01.jpg,第22弾,2024/04/26,高山市清見支所基盤産業課窓口,岐阜県高山市清見町三日町305番地,,8:30～17:15,こちら からご確認ください,https://www.city.takayama.lg.jp/kurashi/1000022/1000122/1001131/1022809.html,36.128648,137.186733
岐阜県,多治見市(A001),http://www.gk-p.jp/wp-content/uploads/mhc/21-204-A-01.jpg,第28弾,2026/04/24,多治見市PRセンター（陶都創造館1階）,多治見市PRセンター（陶都創造館1階）,,10:00～18:00 ただし、年末年始はお休みです,こちら からご確認ください,https://www.city.tajimi.lg.jp/kurashi_tetsuduzuki/jougesuido/1005578/1009966.html,35.334686,137.130958
岐阜県,関市,http://www.gk-p.jp/wp-content/uploads/mhc/21-205-A-01.jpg,第08弾,2018/08/11,関市役所基盤整備部 下水道課,岐阜県関市若草通3-1,,8：30～17：15,こちら からご確認ください,http://www.city.seki.lg.jp/category/4-27-5-0-0.html,35.495777,136.917895
岐阜県,中津川市,http://www.gk-p.jp/wp-content/uploads/mhc/21-206-A-01.jpg,第05弾,2017/08/01,中津川市観光センター・にぎわい特産館,岐阜県中津川市栄町1-1,,8：30～18：00 ただし、年末年始（12/29～1/3）はお休みです,こちら からご確認ください,http://www.city.nakatsugawa.gifu.jp/page/052597.html,35.501217,137.503841
岐阜県,中津川市(B001),http://www.gk-p.jp/wp-content/uploads/mhc/21-206-B-01.jpg,第29弾,2026/07/31,中津川市ひと・まちテラス,岐阜県中津川市新町2-34,,9:00～21:30 ただし、年末年始（12/29～1/3）、施設点検日（2月第3火曜日）はお休みです,こちら からご確認ください ※先着配布は8月22日から行います。～8月30日までの期間はにぎわい特産館にて配布します。詳細は こちら からご確認ください,https://www.city.nakatsugawa.lg.jp/kanko/bunka/taishi/39776.html,35.497831,137.505515
岐阜県,恵那市(A001),http://www.gk-p.jp/wp-content/uploads/mhc/21-210-A-01.jpg,第21弾,2023/12/15,恵那市観光物産館　観光案内所,岐阜県恵那市大井町286番地25,,9：00～18：00 ただし、12/29～1/4はお休みです,こちら からご確認ください,https://www.city.ena.lg.jp/kurashi_tetsuzuki/jogesuido/gesuido_gappeijokaso/index.html,35.455363,137.408704
岐阜県,恵那市(B001),http://www.gk-p.jp/wp-content/uploads/mhc/21-210-B-01.jpg,第24弾,2024/12/20,いわむら街並みふれあいの館（岩村町観光協会）,岐阜県恵那市岩村町263番地2,,9：00～16：00 ただし、年末年始（12月28日～1月4日）はお休みです,こちら からご確認ください,https://www.city.ena.lg.jp/kurashi_tetsuzuki/jogesuido/gesuido_gappeijokaso/12047.html,35.365285,137.442172
岐阜県,美濃加茂市,http://www.gk-p.jp/wp-content/uploads/mhc/21-211-A-01.jpg,第08弾,2018/08/11,美濃加茂市あじさいパーク 蜂屋川クリーンセンター,岐阜県美濃加茂市加茂野町鷹之巣2158-2,,【平日】9：00～17：00 【休日】9：00～16：00 ただし、年末年始（12/29～1/3）はお休みです,こちら からご確認ください,http://www.city.minokamo.gifu.jp/shimin/contents.cfm?base_id=10161&mi_id=0&g1_id=3&g2_id=112&enq=3#guide,35.472331,136.968183
岐阜県,各務原市,http://www.gk-p.jp/wp-content/uploads/mhc/21-213-A-01.jpg,第19弾,2023/04/28,岐阜かかみがはら航空宇宙博物館,岐阜県各務原市下切町5丁目1,,10:00～17:00 ただし、毎月第１火曜日（８月は開館）と年末年始（12/28～1/2）はお休みです その他、メンテナンスや気象条件により臨時休館する場合があります,こちら からご確認ください,https://www.city.kakamigahara.lg.jp/event/1005356/1010019/1017805.html,35.386948,136.861206
岐阜県,瑞穂市,http://www.gk-p.jp/wp-content/uploads/mhc/21-216-A-01.jpg,第02弾,2016/08/01,瑞穂市役所 巣南庁舎 下水道課,岐阜県瑞穂市宮田300-2,,【平日】9:00～16:30 ただし、年末年始（12/29～1/3）はお休みです。 【土日祝日】9：00～21：00 ただし、年末年始（12/29～1/3）はお休みです。,こちら からご確認ください,https://www.city.mizuho.lg.jp/12757.htm,35.404033,136.649754
岐阜県,飛騨市（A001）,http://www.gk-p.jp/wp-content/uploads/mhc/21-217-A-01.jpg,第09弾,2018/12/14,飛騨古川まちなか観光案内所,飛騨市古川町壱之町8-3,,9：00～16：00 ただし、年末年始（12/29～1/3）はお休みです,こちら からご確認ください,https://www.city.hida.gifu.jp/soshiki/15/manhorucard.html,36.237008,137.185787
岐阜県,飛騨市（B001）,http://www.gk-p.jp/wp-content/uploads/mhc/21-217-B-01.jpg,第10弾,2019/08/07,道の駅スカイドーム神岡,岐阜県飛騨市神岡町夕陽ヶ丘6,,9:00～17:00 ただし、水曜日及び年末年始はお休みです,こちら からご確認ください,https://www.city.hida.gifu.jp/soshiki/15/manhorucard.html,36.328970,137.307156
岐阜県,郡上市（A001）,http://www.gk-p.jp/wp-content/uploads/mhc/21-219-A-01.jpg,第05弾,2017/08/01,郡上八幡駅 観光案内所,岐阜県郡上市八幡町城南188-54,,9:00～17:00 ただし、年末年始（12/29～1/3）はお休みです,こちら からご確認ください,https://www.city.gujo.gifu.jp/admin/info/div_suidou_soumu.html,35.741838,136.947419
岐阜県,郡上市（B001）,http://www.gk-p.jp/wp-content/uploads/mhc/21-219-B-01.jpg,第10弾,2019/08/07,道の駅古今伝授の里やまと,岐阜県郡上市大和町剣１６４番地,,9:00～18:00 ただし、毎週火曜日(祝日の場合は翌平日) 及び12月31日と1月1日はお休みです ※令和8年8月17日～19日まで臨時休館となります。休館中は、マンホールカードの配布を中止させていただきます,こちら からご確認ください,https://www.city.gujo.gifu.jp/admin/info/div_suidou_soumu.html,35.816279,136.902178
岐阜県,郡上市(C001),http://www.gk-p.jp/wp-content/uploads/mhc/21-219-C-01.jpg,第13弾,2020/12/17,郡上八幡旧庁舎記念館,岐阜県郡上市八幡町島谷520-1,,8:30～17:00 ただし、12月29日～1月3日はお休みです ※イベント開催・設備点検等で臨時休館となる場合があります,こちら からご確認ください,https://www.city.gujo.gifu.jp/admin/info/div_suidou_soumu.html,35.749848,136.959222
岐阜県,郡上市(D001),http://www.gk-p.jp/wp-content/uploads/mhc/21-219-D-01.jpg,第24弾,2024/12/20,道の駅 美並物産館,郡上市美並町上田2605,,8:00～17:00 ※季節･天候により予告なく時間を変更する場合があります ただし、12月31日･1月1 日はお休みです,こちら からご確認ください,https://www.city.gujo.gifu.jp/admin/info/div_suidou_soumu.html,35.609079,136.943198
岐阜県,海津市,http://www.gk-p.jp/wp-content/uploads/mhc/21-221-A-01.jpg,第21弾,2023/12/15,海津市役所上下水道課,岐阜県海津市海津町高須５１５番地,,【平日】8：30～17：15 ただし、年末年始はお休みです 【土日祝日】9：00～17：00 ただし、休館日、年末年始はお休みです,こちら からご確認ください,https://www.city.kaizu.lg.jp/kurashi/0000003072.html,35.220494,136.636671
岐阜県,垂井町,http://www.gk-p.jp/wp-content/uploads/mhc/21-361-A-01.jpg,第11弾,2019/12/14,垂井町役場上下水道課,岐阜県不破郡垂井町宮代2957-11,,終日,こちら からご確認ください,https://www.town.tarui.lg.jp/page/1147.html,35.366266,136.537937
岐阜県,池田町（A001）,http://www.gk-p.jp/wp-content/uploads/mhc/21-404-A-01.jpg,第01弾,2016/04/01,池田町役場 水道部 水道課,岐阜県揖斐郡池田町六之井1468-1,,8：30～17：15（年中無休） ただし、土日、祝日、年末年始に配布希望の方は、平日（8：30～17：15）に要予約,0585-45-3111までお問い合わせください,,35.442284,136.572918
岐阜県,池田町（B001）,http://www.gk-p.jp/wp-content/uploads/mhc/21-404-B-01.jpg,第02弾,2016/08/01,池田町役場 水道部 水道課,岐阜県揖斐郡池田町六之井1468-1,,8：30～17：15（年中無休） ただし、土日、祝日、年末年始に配布希望の方は、平日（8：30～17：15）に要予約,0585-45-3111までお問い合わせください,,35.442288,136.573048
岐阜県,八百津町(A001),http://www.gk-p.jp/wp-content/uploads/mhc/21-505-A-01.jpg,第29弾,2026/07/31,八百津町役場本庁舎　水道環境課,岐阜県加茂郡八百津町八百津3903番地2,,8:30～17:15,こちら からご確認ください,https://www.town.yaotsu.lg.jp/7629.htm,35.475984,137.141524
静岡県,静岡市（A001）,http://www.gk-p.jp/wp-content/uploads/mhc/22-100-A02.jpg,第04弾,2017/04/03,静岡市上下水道局庁舎,静岡県静岡市葵区七間町15-1（上下水道局庁舎6階　上下水道経営企画課）,,8：30～17：15 ただし、年末年始（12月29日から1月3日まで）はお休みです,こちら からご確認ください,https://www.city.shizuoka.lg.jp/268_000150.html,34.972357,138.379874
静岡県,静岡市（B001）,http://www.gk-p.jp/wp-content/uploads/mhc/22-100-B-01.jpg,第09弾,2018/12/14,清水駅前観光案内所（ＪＲ清水駅前）,静岡県静岡市清水区辻1丁目1-3-103　アトラス清水駅前1階,,9:00～13:00、14:00〜17:45 ただし、年末年始（12/29～1/3）はお休みです,こちら からご確認ください,http://www.city.shizuoka.jp/268_000150.html,35.024000,138.488270
静岡県,浜松市(A001),http://www.gk-p.jp/wp-content/uploads/mhc/22-130-A-01.jpg,第04弾,2017/04/03,浜松市観光インフォメーションセンター,静岡県浜松市中区砂山町265-13（JR浜松駅構内）,,9：00～19：00（年中無休）,こちら からご確認ください,https://www.city.hamamatsu.shizuoka.jp/suidow-s/kouhou/manholecard.html,34.703340,137.734638
静岡県,浜松市(B001),http://www.gk-p.jp/wp-content/uploads/mhc/22-130-B-01.jpg,第21弾,2023/12/15,犀ヶ崖資料館,静岡県浜松市中区鹿谷町25-10,,9：00～17：00 ただし、月曜日（国民の祝日の場合はその翌日）及び国民の祝日の翌日、年末年始（12月29日～1月3日）はお休みです,こちら からご確認ください,https://www.city.hamamatsu.shizuoka.jp/suidow-s/kouhou/manholecard.html,34.719334,137.718606
静岡県,沼津市(A001),http://www.gk-p.jp/wp-content/uploads/mhc/22-203-A-01.jpg,第05弾,2017/08/01,沼津市役所 水道部 水道総務課,静岡県沼津市御幸町16-1（水道部庁舎2階）,,8:30～17:15 年末年始（12/29～1/3）はお休みです,こちら からご確認ください,https://www.city.numazu.shizuoka.jp/kurashi/sumai/suido/shokai/sewage_line/mhcard.htm,35.096637,138.862901
静岡県,沼津市(B001),http://www.gk-p.jp/wp-content/uploads/mhc/22-203-B-01.jpg,第11弾,2019/12/14,沼津観光案内所,静岡県沼津市大手町1-1-1　沼津駅ビルアントレ２階,,10:00～18:00 年中無休,こちら からご確認ください,https://www.city.numazu.shizuoka.jp/kurashi/sumai/suido/shokai/sewage_line/mhcard.htm,35.102149,138.858371
静岡県,熱海市（A001）,http://www.gk-p.jp/wp-content/uploads/mhc/22-205-A-01.jpg,第08弾,2018/08/11,熱海市役所 下水道課（上下水道・温泉料金センター）,静岡県熱海市中央町1-1,,8：30～17：15,こちら からご確認ください,https://www.city.atami.lg.jp/kurashi/suido/1000884/1016443.html,35.096308,139.071666
静岡県,熱海市（B001）,http://www.gk-p.jp/wp-content/uploads/mhc/22-205-B-01.jpg,第09弾,2018/12/14,熱海市観光協会（ワカガエルステーション）,静岡県熱海市渚町2018-8親水公園レインボーデッキ内（初川寄り）,,9：00～17：00 ※年末年始は営業時間が異なりますのでご注意ください,こちら からご確認ください,https://www.city.atami.lg.jp/kurashi/suido/1000884/1016443.html,35.093638,139.074894
静岡県,三島市,http://www.gk-p.jp/wp-content/uploads/mhc/22-206-A-01.jpg,第11弾,2019/12/14,三島観光案内所,静岡県三島市一番町16-1,,9:00～16:00,こちら からご確認ください ※現在、配布を一時中止しています,https://www.city.mishima.shizuoka.jp/page/24140.html,35.125952,138.911564
静岡県,富士宮市(A001),http://www.gk-p.jp/wp-content/uploads/mhc/22-207-A-01.jpg,第12弾,2020/04/25,富士宮市役所下水道課,静岡県富士宮市弓沢町150,,9:00～17:00 ただし、年末年始（12/27～1/4）はお休みです。,こちら からご確認ください,http://www.city.fujinomiya.lg.jp/citizen/copy_of_visuf8000000xs1w.html,35.222072,138.621628
静岡県,富士宮市(B001),http://www.gk-p.jp/wp-content/uploads/mhc/22-207-B-01.jpg,第13弾,2020/12/17,富士宮駅前観光案内所,静岡県富士宮市中央町16番1号,,【平日】9:00～17:00 【休日】10:00～16:00 ただし、年末年始（12/27～1/4）はお休みです。,こちら からご確認ください,http://www.city.fujinomiya.lg.jp/citizen/copy_of_visuf8000000xs1w.html,35.221572,138.614711
静岡県,富士宮市(C001),http://www.gk-p.jp/wp-content/uploads/mhc/22-207-C-01.jpg,第14弾,2021/04/25,寄って宮,静岡県富士宮市宮町1-1,,10:00～14:45 ただし、年末年始（12/27～1/5）はお休みです,こちら からご確認ください,http://www.city.fujinomiya.lg.jp/citizen/copy_of_visuf8000000xs1w.html,35.225222,138.610290
静岡県,伊東市,http://www.gk-p.jp/wp-content/uploads/mhc/22-208-A-01.jpg,第11弾,2019/12/14,伊東温泉観光・文化施設「東海館」,静岡県伊東市東松原町12-10,,9:00～20:30 ただし、毎月第3火曜日（祝祭日の場合は翌日）はお休みです 【東海館 休館日】 9:00～17:00,こちら からご確認ください,https://www.city.ito.shizuoka.jp/gyosei/soshikikarasagasu/gesuidoka/kurashi_tetsuzuki/1/1/7611.html,34.971650,139.097072
静岡県,富士市(A001),http://www.gk-p.jp/wp-content/uploads/mhc/22-210-A-01.jpg,第01弾,2016/04/01,富士市役所 上下水道部 上下水道営業課,静岡県富士市本市場441-1(静岡県富士総合庁舎6階),,【平日】8：30～17：15 【休日】9：00～16：00 ただし、年末年始（12/29～1/3）はお休みです,こちら からご確認ください,https://www.city.fuji.shizuoka.jp/fujijikan/fujipedia/kb719c0000003ch5.html,35.156359,138.662063
静岡県,富士市(B001)岳南排水路管理組合,http://www.gk-p.jp/wp-content/uploads/mhc/22-210-B-02.jpg,第13弾,2020/12/17,岳南排水路管理組合総務課業務係,静岡県富士市今泉654-1,,【平日】8：30～17：15 【休日】9：00～16：00 ただし、年末年始（12/29～1/3）はお休みです,こちら からご確認ください,http://gakunan-haisuiro.jp/link(html)/manhole/manhole.html,35.153012,138.701878
静岡県,富士市(C001),http://www.gk-p.jp/wp-content/uploads/mhc/22-210-C-01.jpg,第29弾,2026/07/31,イオンタウン富士南　2階モールインフォメーション,静岡県富士市鮫島118-10,,10:00～17:00 ただし、休業日はお休みです,こちら からご確認ください,https://www.city.fuji.shizuoka.jp/1545150000/p007434.html,35.140299,138.675709
静岡県,磐田市,http://www.gk-p.jp/wp-content/uploads/mhc/22-211-A-01.jpg,第07弾,2018/04/28,磐田市観光協会,静岡県磐田市中泉1-1-5（JR磐田駅北口）,,9：00～18：00 ただし、毎週月曜日（月曜が祝日の場合はその翌日）、年末年始（12/29～1/・3）はお休みです,こちら からご確認ください,http://www.city.iwata.shizuoka.jp/kurashi_tetsuzuki/jougesuidou/gedsuidou/1004578.html,34.710664,137.852055
静岡県,焼津市,http://www.gk-p.jp/wp-content/uploads/mhc/22-212-A-01.jpg,第06弾,2017/12/09,焼津市観光協会,静岡県焼津市栄町1-2-14,,8：45～17：00,こちら からご確認ください,https://www.city.yaizu.lg.jp/life/water-sewage/sewage/other-info/manhole-card.html,34.871545,138.318826
静岡県,掛川市,http://www.gk-p.jp/wp-content/uploads/mhc/22-213-A-01.jpg,第11弾,2019/12/14,掛川城公園（掛川城券売所）,静岡県掛川市掛川1138番地の24,,9:00～16:30,こちら からご確認ください,http://www.city.kakegawa.shizuoka.jp/life/gesuidou/jyokasonituite_2_2.html,34.775491,138.014770
静岡県,藤枝市,http://www.gk-p.jp/wp-content/uploads/mhc/22-214-A-01.jpg,第08弾,2018/08/11,藤枝市郷土博物館・文学館,静岡県藤枝市若王子500,,9：00～17：00（入館は16：30まで） ただし、月曜日、祝日の翌日、年末年始(12/28～1/4)はお休みです,こちら からご確認ください,http://www.city.fujieda.shizuoka.jp/soshiki/kankyosuido/gesuido/oshirase/1531352696524.html,34.876199,138.256744
静岡県,御殿場市,http://www.gk-p.jp/wp-content/uploads/mhc/22-215-A-01.jpg,第09弾,2018/12/14,御殿場市富士山交流センター富士山樹空の森,静岡県御殿場市印野1380-15,,9:00～17：00(12月～2月は9:00～16：00) ただし、火曜日（火曜日が祝日の場合は翌日）及び年末年始（12/30～1/1）はお休みです。なお、7/20～8/31は無休です,こちら からご確認ください,https://www.city.gotemba.lg.jp/kurashi/b-6/b-6-1/7287.html,35.296675,138.869075
静岡県,下田市,http://www.gk-p.jp/wp-content/uploads/mhc/22-219-A-01.jpg,第20弾,2023/07/28,道の駅開国下田みなと（２Ｆ下田市観光協会事務局）,道の駅開国下田みなと（２Ｆ下田市観光協会事務局）,,8:30～17:00,こちら からご確認ください,https://www.city.shimoda.shizuoka.jp/category/020200gesuidou/155727.html,34.674782,138.950980
静岡県,裾野市,http://www.gk-p.jp/wp-content/uploads/mhc/22-220-A-01.jpg,第27弾,2025/12/19,裾野市観光協会,静岡県裾野市千福7-1,,8:30～17:00（4/1～9/30） 8:30～16:00(10/1～3/31) ただし、年末年始（12/29～1/3）はお休みです,こちら からご確認ください,https://www.city.susono.shizuoka.jp/soshiki/11/3/1/21155.html,35.184923,138.904493
静岡県,湖西市,http://www.gk-p.jp/wp-content/uploads/mhc/22-221-A-01.jpg,第19弾,2023/04/28,新居関所史料館,静岡県湖西市新居町新居1227-5,,9：00～16：30 ただし、毎週月曜日（祝日の場合は配布可能）と年末年始（12/26～1/2）はお休みです ８月は無休です,こちら からご確認ください,https://www.city.kosai.shizuoka.jp/soshikiichiran/gesuidoka/12799.html,34.694865,137.561713
静岡県,湖西市(B001),http://www.gk-p.jp/wp-content/uploads/mhc/22-221-B-01.jpg,第29弾,2026/07/31,道の駅　潮見坂,静岡県湖西市白須賀1896-2,,8:00～18:00 年中無休※臨時休業する場合があります。最新情報は道の駅潮見坂ウェブサイトをご確認ください,こちら からご確認ください,https://www.city.kosai.shizuoka.jp/soshikiichiran/gesuidoka/12799.html,34.677236,137.498418
静岡県,伊豆の国市,http://www.gk-p.jp/wp-content/uploads/mhc/22-225-A-01.jpg,第11弾,2019/12/14,伊豆の国市観光案内所,伊豆の国市南條780-3,,9:00～16:00,こちら からご確認ください,https://www.city.izunokuni.shizuoka.jp/jyougesui/mhcard.html,35.039479,138.947267
静岡県,南伊豆町,http://www.gk-p.jp/wp-content/uploads/mhc/22-304-A-01.jpg,第03弾,2016/12/01,南伊豆町観光協会,静岡県賀茂郡南伊豆町下賀茂157-1,,9：00～17：00（年中無休）,こちら からご確認ください,http://www.town.minamiizu.shizuoka.jp/docs/2016113000026/,34.649710,138.866580
静岡県,長泉町(A001),http://www.gk-p.jp/wp-content/uploads/mhc/22-342-A-01.jpg,第08弾,2018/08/11,長泉町上下水道課,静岡県駿東郡長泉町中土狩828,,9：00～17：00,こちら からご確認ください,https://www.town.nagaizumi.lg.jp/soshiki/jyougesui/1_2/11067.html,35.137712,138.897258
静岡県,長泉町(B001),http://www.gk-p.jp/wp-content/uploads/mhc/22-342-B-01.jpg,第24弾,2024/12/20,ウエルピアながいずみ健康づくりセンター,静岡県駿東郡長泉町納米里549,,9：00～17：00 ただし、毎月第3月曜日・12月28日～1月4日はお休みです,こちら からご確認ください,https://www.town.nagaizumi.lg.jp/soshiki/jyougesui/1_2/11067.html,35.140973,138.895022
静岡県,小山町,http://www.gk-p.jp/wp-content/uploads/mhc/22-344-A-01.jpg,第08弾,2018/08/11,小山町観光協会(道の駅ふじおやま内),静岡県駿東郡小山町用沢72-2,,9：00～17：00,こちら からご確認ください,https://www.fuji-oyama.jp/page/1248.html,35.344450,138.950084
静岡県,吉田町,http://www.gk-p.jp/wp-content/uploads/mhc/22-424-A-01.jpg,第13弾,2020/12/17,しらすのまどぐち,静岡県榛原郡吉田町片岡2499番地の2,,9:00～16:00 ただし、月曜日（祝日の場合は翌日）と年末年始の12月28日～1月5日はお休みです,こちら からご確認ください,http://www.town.yoshida.shizuoka.jp/6491.htm,34.778258,138.248353
静岡県,森町,http://www.gk-p.jp/wp-content/uploads/mhc/22-461-A-01.jpg,第19弾,2023/04/28,森町役場上下水道課,静岡県周智郡森町森２１０１－１,,8:35～17:00 ただし、年末年始はお休みです。詳しくは市のHPをご確認ください。,こちら からご確認ください,https://www.town.morimachi.shizuoka.jp/gyosei/kurashi_tetsuzuki/jogesuido/gesuido/4924.html,34.835578,137.926961
愛知県,愛知県（流域下水道）,http://www.gk-p.jp/wp-content/uploads/mhc/23-000-A-01.jpg,第09弾,2018/12/14,愛知県下水道科学館,愛知県下水道科学館,,9:30～16:30 ただし、月曜日（月曜日が祝日の場合は翌日）、年末年始はお休みです,こちら からご確認ください,https://www.eppy.jp/,35.231561,136.754786
愛知県,名古屋市（A001）,http://www.gk-p.jp/wp-content/uploads/mhc/23-100-A-01.jpg,第01弾,2016/04/01,メタウォーター下水道科学館なごや（名古屋市下水道科学館）,愛知県名古屋市北区名城1-3-3,,9：30～16：30 ただし、月曜日（祝日の場合は翌平日）、年末年始はお休みです なお、駐車場はありません,こちら からご確認ください,https://www.water.city.nagoya.jp/category/manhole/141508.html,35.192203,136.902834
愛知県,名古屋市（B001）,http://www.gk-p.jp/wp-content/uploads/mhc/23-100-B-01.jpg,第02弾,2016/08/01,水の歴史資料館,愛知県名古屋市千種区月が丘1-1-44,,9:30～16:30 ただし、月曜日（祝日の場合は翌平日）、年末年始（12/29～1/3）はお休みです ※臨時休館日についてはHPをご確認ください,こちら からご確認ください,https://www.water.city.nagoya.jp/category/manhole/141508.html,35.175630,136.956610
愛知県,豊橋市（A001）,http://www.gk-p.jp/wp-content/uploads/mhc/23-201-A-01.jpg,第02弾,2016/08/01,豊橋観光案内所,愛知県豊橋市花田町西宿無番地（豊橋駅構内）,,9：00～18：00 ただし、1/1はお休みです,こちら からご確認ください,http://www.city.toyohashi.lg.jp/30054.htm,34.762728,137.381506
愛知県,豊橋市（B001）,http://www.gk-p.jp/wp-content/uploads/mhc/23-201-B-01.jpg,第02弾,2016/08/01,豊橋市役所 じょうほうひろば,愛知県豊橋市今橋町1（東館1階）,,【平日】8:30～17:00 ただし、土日、祝日、年末年始はお休みです,こちら からご確認ください,http://www.city.toyohashi.lg.jp/30054.htm,34.768017,137.392171
愛知県,豊橋市（C001）,http://www.gk-p.jp/wp-content/uploads/mhc/23-201-C-01.jpg,第02弾,2016/08/01,二川宿本陣資料館,愛知県豊橋市二川町字中町65番地,,9：00～17：00 ※ただし、月曜日（月曜日が祝休日の場合は開館、翌平日が休館）、年末年始はお休みです ※令和8年8月29日から下記の通り変更になります 9:30～17:00 ただし、水曜日（水曜日が祝休日の場合は開館、翌平日が休館となります）と年末年始はお休みです,こちら からご確認ください,http://www.city.toyohashi.lg.jp/30054.htm,34.768638,137.383687
愛知県,岡崎市(A001),http://www.gk-p.jp/wp-content/uploads/mhc/23-202-A-01.jpg,第02弾,2016/08/01,三河武士のやかた家康館,愛知県岡崎市康生町561,,9：00～17：00（入館は16:30まで） ただし、年末（12/29～12/31）はお休みです,こちら からご確認ください,https://okazaki-kanko.jp/feature/manhole/manholecard,34.955815,137.160463
愛知県,岡崎市(B001),http://www.gk-p.jp/wp-content/uploads/mhc/23-202-B-01.jpg,第11弾,2019/12/14,岡崎市観光協会（籠田案内所）,愛知県岡崎市康生通東2丁目47番地,,9：00～17：00 ただし、年末年始はお休みです,こちら からご確認ください,https://okazaki-kanko.jp/feature/manhole/rune,34.958932,137.166213
愛知県,岡崎市(C001),http://www.gk-p.jp/wp-content/uploads/mhc/23-202-C-01.jpg,第13弾,2020/12/17,道の駅藤川宿,愛知県岡崎市藤川町字東沖田44番地,,9：00〜18：00,こちら からご確認ください,https://okazaki-kanko.jp/feature/manhole/rune,34.914166,137.216967
愛知県,岡崎市(D001),http://www.gk-p.jp/wp-content/uploads/mhc/23-202-D-01.jpg,第14弾,2021/04/25,カクキュー八丁味噌の郷,愛知県岡崎市八帖町字往還通69,,9：00〜16：00 ただし、年末年始はお休みです,こちら からご確認ください,https://okazaki-kanko.jp/feature/manhole/rune,34.958157,137.153278
愛知県,岡崎市(E001),http://www.gk-p.jp/wp-content/uploads/mhc/23-202-E-01.jpg,第15弾,2021/08/17,奥殿陣屋　書院内,岡崎市奥殿町雑谷下10番地,,9:30～16:30 ただし、毎週月曜日（祝日の場合は翌日）、年末年始はお休みです,こちら からご確認ください,https://okazaki-kanko.jp/feature/manhole/tokai-on-air,34.915972,137.164275
愛知県,岡崎市(F001),http://www.gk-p.jp/wp-content/uploads/mhc/23-202-F01.jpg,第17弾,2022/08/06,まるや八丁味噌,愛知県岡崎市八帖町字往還通52,,9：00～17：00 ただし、年末年始はお休みです,こちら からご確認ください,https://okazaki-kanko.jp/feature/manhole/tokai-on-air,34.956638,137.151862
愛知県,岡崎市(G001),http://www.gk-p.jp/wp-content/uploads/mhc/23-202-G-01.jpg,第21弾,2023/12/15,りぶら市民活動センター,愛知県岡崎市康生通西4丁目71番地,,9：00～21：00（12：00～13：00、18：00～19：00は除く） ただし、毎週水曜日及び年末年始はお休みです,こちら からご確認ください,https://www.city.okazaki.lg.jp/1100/1185/1204/p022824.html,34.959477,137.159129
愛知県,一宮市,http://www.gk-p.jp/wp-content/uploads/mhc/23-203-A-01.jpg,第04弾,2017/04/03,一宮市立中央図書館（尾張一宮駅前ビル（i-ビル）6階）,一宮市立中央図書館（尾張一宮駅前ビル（i-ビル）6階）,,9:00〜21:00 ただし、休館日は以下の通りです ・第1、第3月曜日（祝休日の場合を除く） ・祝休日の翌日（土・日・祝休日の場合を除く） ・年末年始（12/29〜1/4） ・その他臨時休館があります,こちら からご確認ください,https://www.city.ichinomiya.aichi.jp/jougesuidou/eigyou/1044047/1000188/1026428.html,35.302968,136.797475
愛知県,瀬戸市(A001),http://www.gk-p.jp/wp-content/uploads/mhc/23-204-A-01.jpg,第03弾,2016/12/01,瀬戸観光案内所,愛知県瀬戸市栄町45（パルティせと1階）,,10：00～17：00 ただし、年末年始（12/28～1/4）はお休みです,こちら からご確認ください,http://www.city.seto.aichi.jp/docs/2016111500054/,35.225339,137.097603
愛知県,瀬戸市(B001),http://www.gk-p.jp/wp-content/uploads/mhc/23-204-B-01.jpg,第19弾,2023/04/28,新世紀工芸館,瀬戸市南仲之切町81-2,,10:00～18:00 ただし、火曜日休館（祝日の場合は翌平日）、年末年始はお休みです ※年6回程度館内清掃・点検のため午前中休館があります,こちら からご確認ください,http://www.city.seto.aichi.jp/docs/2016111500054/,35.224732,137.102229
愛知県,半田市(A001),http://www.gk-p.jp/wp-content/uploads/mhc/23-205-A-01.jpg,第09弾,2018/12/14,半田市役所水道部下水道課,愛知県半田市東洋町二丁目1番地,,【平日】9:00～16:00（水曜日は19:00） 休日は時間外窓口にて配布します ただし、年末年始はお休みです,こちら からご確認ください,https://www.city.handa.lg.jp/machi/gesuido/1003527/1003532.html,34.891706,136.937964
愛知県,半田市(B001),http://www.gk-p.jp/wp-content/uploads/mhc/23-205-B-01.jpg,第11弾,2019/12/14,半田赤レンガ建物,愛知県半田市榎下町8番地,,9:00～17:00 ただし、年末年始及び臨時休館日（3ヵ月月に1日程度）はお休みです,こちら からご確認ください,https://www.city.handa.lg.jp/machi/gesuido/1003527/1003532.html,34.901581,136.928425
愛知県,半田市(C001),http://www.gk-p.jp/wp-content/uploads/mhc/23-205-C01.jpg,第16弾,2022/01/15,クラシティ(1階),愛知県半田市広小路町155番地の3,,10：00～18：00 ただし、年末年始（12月31日～1月3日）及び毎月第4水曜日（祝日の場合はその翌日）はお休みです,こちら からご確認ください,https://www.city.handa.lg.jp/machi/gesuido/1003527/1003532.html,34.893778,136.927156
愛知県,豊川市,http://www.gk-p.jp/wp-content/uploads/mhc/23-207-A-01.jpg,第01弾,2016/04/01,豊川市観光案内所,愛知県豊川市旭町8,,10：00～15：00（年中無休） ただし、お盆、年末はお休みです,こちら からご確認ください,https://www.city.toyokawa.lg.jp/soshiki/jogesuido/keiei/2/2/1/4/1411.html,34.824017,137.394478
愛知県,津島市,http://www.gk-p.jp/wp-content/uploads/mhc/23-208-A01.jpg,第17弾,2022/08/06,津島市水道お客さまセンター,愛知県津島市立込町2丁目21番地,,【平日】8：30～17：15 【休日】9：00～17：00,こちら からご確認ください,https://www.city.tsushima.lg.jp/kurashi/suidougesuidou/suidouryoukin/tsushimamanholecard.html,35.177037,136.741288
愛知県,碧南市,http://www.gk-p.jp/wp-content/uploads/mhc/23-209-A-01.jpg,第09弾,2018/12/14,碧南市役所下水道課,愛知県碧南市松本町２８番地,,【碧南市役所下水道課(平日)】8:30～17:15 【碧南市藤井達吉現代美術館(火曜日～日曜日、祝日)】10:00～17:00 ただし、年末年始はお休みです,こちら からご確認ください,https://www.city.hekinan.lg.jp/soshiki/kaihatsu_suido/gesuidou/kouhou/7735.html,34.884768,136.993379
愛知県,刈谷市,http://www.gk-p.jp/wp-content/uploads/mhc/23-210-A-01.jpg,第14弾,2021/04/25,刈谷駅前観光案内所(刈谷市産業振興センター１階),刈谷駅前観光案内所(刈谷市産業振興センター１階),,10:00～18:00 ただし、毎月第2水曜日（祝日にあたる場合は翌日）及び年末年始（12月29日～翌1月3日）はお休みです,こちら からご確認ください,https://www.city.kariya.lg.jp/kurashi/gesuido/oshirase/1004354.html,34.990720,137.011424
愛知県,豊田市（A001）,http://www.gk-p.jp/wp-content/uploads/mhc/23-211-A-01.jpg,第02弾,2016/08/01,三州足助屋敷,愛知県豊田市足助町飯盛36,,9：00～17：00 ただし、毎週木曜日（祝日の場合はその翌日）、年末年始（12/22～1/2）はお休みです ※4/29～5/5までの期間及び11月は無休で配布します,こちら からご確認ください,https://www.city.toyota.aichi.jp/sumaikankyo/jogesuido/1062795/1062800/1062803/1016109.html,35.129666,137.313933
愛知県,豊田市（B001）,http://www.gk-p.jp/wp-content/uploads/mhc/23-211-B-01.jpg,第10弾,2019/08/07,豊田市役所西庁舎2階 下水道建設課,愛知県豊田市西町3丁目60番地,電話：070-7574-3628（電話は配布日のみ対応）,【平日】9:00～16:00 ただし、年末年始はお休みです 【土日祝日】10:00～17:00（このうち、1時間は休憩時間として配布を休止します） ただし、月曜日（祝日であっても配布はありません）、年末年始はお休みです。 そのほか、臨時休業日があります。,こちら からご確認ください,https://www.city.toyota.aichi.jp/sumaikankyo/jogesuido/1062795/1062800/1062803/1016109.html,35.083477,137.156133
愛知県,豊田市(C001),http://www.gk-p.jp/wp-content/uploads/mhc/23-211-C-01.jpg,第23弾,2024/07/26,KiTARA グリーン棟2F 夢現屋,愛知県豊田市喜多町2丁目170番地　KiTARA グリーン棟2F 夢現屋,,10：30～16：30　(休憩時間11:30～12:30) ただし、1/1～1/3はお休みです。また、臨時休業の場合があります。,こちら からご確認ください,https://www.city.toyota.aichi.jp/sumaikankyo/jogesuido/1062795/1062800/1062803/1016109.html,35.087147,137.158039
愛知県,安城市(A001),http://www.gk-p.jp/wp-content/uploads/mhc/23-212-A-01.jpg,第03弾,2016/12/01,安城市図書情報館,愛知県安城市御幸本町504番地1（アンフォーレ内）,,【平日】9：00～20：00 【休日】9：00～18：00 ただし、毎週火曜日（休日除く）、毎月第4金曜日、年末年始はお休みです ※その他特別図書整理期間など臨時休館あり,こちら からご確認ください,http://www.city.anjo.aichi.jp/kurasu/suido/gesuido/manholecard/haifu.html,34.959065,137.084392
愛知県,安城市(B001),http://www.gk-p.jp/wp-content/uploads/mhc/23-212-B-01.jpg,第19弾,2023/04/28,安城市歴史博物館,愛知県安城市安城町城堀30番地,,9：00～17：00 ただし、毎週月曜日（祝日を除く）、年末年始、臨時休館日はお休みです,こちら からご確認ください,https://www.city.anjo.aichi.jp/kurasu/suido/gesuido/manholecard/haifu.html,34.945913,137.098079
愛知県,西尾市,http://www.gk-p.jp/wp-content/uploads/mhc/23-213-A-01.jpg,第20弾,2023/07/28,西尾市水道庁舎（３階）上下水道経営課,愛知県西尾市丁田町五助１８番地,,【平日】9：00～16：00 【土日祝】9：00～16：00 ただし、年末年始（12/29～1/3）はお休みです,こちら からご確認ください,https://www.city.nishio.aichi.jp/kurashi/suido/1001405/1008792.html,34.861755,137.062814
愛知県,蒲郡市,http://www.gk-p.jp/wp-content/uploads/mhc/23-214-A-01.jpg,第21弾,2023/12/15,海辺の文学記念館,愛知県蒲郡市竹島町15番62号,,9：00～16：40,こちら からご確認ください,https://www.city.gamagori.lg.jp/site/gesui/mhcard.html,34.814977,137.234906
愛知県,犬山市,http://www.gk-p.jp/wp-content/uploads/mhc/23-215-A-01.jpg,第09弾,2018/12/14,犬山市役所 本庁舎2階　下水道課,犬山市役所 本庁舎1F宿直,,【平日】9:00～16:00 【休日】9:00～17:00,こちら からご確認ください,http://www.city.inuyama.aichi.jp/kurashi/shinyou/1000701/1005373.html,35.378623,136.944500
愛知県,常滑市(A001),http://www.gk-p.jp/wp-content/uploads/mhc/23-216-A-01.jpg,第23弾,2024/07/26,登窯広場展示工房館,愛知県常滑市栄町６丁目145番地,,9:30～16：30 ただし、水曜日（祝日の場合は営業）はお休みです,こちら からご確認ください,https://www.city.tokoname.aichi.jp/kurashi/suido/1000953/1007678.html,34.886477,136.839617
愛知県,常滑市(B001),http://www.gk-p.jp/wp-content/uploads/mhc/23-216-B-01.jpg,第27弾,2025/12/19,とこなめ観光案内所,愛知県常滑市栄町3丁目8番地,,9:00～16:30 ただし、年末年始(12/29～1/2)はお休みです,こちら からご確認ください,https://www.city.tokoname.aichi.jp/shisei/guide/1002804/1009076/1009086.html,34.890572,136.839475
愛知県,江南市,http://www.gk-p.jp/wp-content/uploads/mhc/23-217-A-01.jpg,第12弾,2020/04/25,江南市下般若配水場２階下水道課,愛知県江南市般若町中山146番地,,【平日、土日祝日】9:00～16：00 ただし、年末年始はお休みです,こちら からご確認ください,https://www.city.konan.lg.jp/kurashi/suido/1003555/1007270/1007575.html,35.365729,136.886059
愛知県,小牧市,http://www.gk-p.jp/wp-content/uploads/mhc/23-219-A-01.jpg,第13弾,2020/12/17,小牧駅前観光案内所,愛知県小牧市中央一丁目260番地,,9:00～17:00 ただし、毎週木曜日と12/29〜1/３はお休みです,こちら からご確認ください,https://www.city.komaki.aichi.jp/admin/soshiki/jogesuido/jyogesuido/osirase/40642.html,35.289317,136.927890
愛知県,稲沢市,http://www.gk-p.jp/wp-content/uploads/mhc/23-220-A-01.jpg,第05弾,2017/08/01,稲沢市役所 上下水道庁舎,〒492-8271 稲沢市石橋六丁目82,,9:00～17:00 ただし、土日、祝日、年末年始はお休みです,こちら からご確認ください,https://www.city.inazawa.aichi.jp/0000005795.html,35.261026,136.778015
愛知県,大府市,http://www.gk-p.jp/wp-content/uploads/mhc/23-223-A-01.jpg,第10弾,2019/08/07,大府市健康にぎわいステーション　KURUTOおおぶ,愛知県大府市中央町三丁目278番地（JR大府駅構内）,,10:00～18:00 ただし、毎月1日（1日が土・日・祝日の場合は翌平日）及び年末年始（12/29-1/3）はお休みです,こちら からご確認ください,https://www.city.obu.aichi.jp/kurashi/dourokasen/1034284/1034377/1034385.html,35.008209,136.962073
愛知県,知多市,http://www.gk-p.jp/wp-content/uploads/mhc/23-224-A-01.jpg,第13弾,2020/12/17,梅の館（佐布里緑と花のふれあい公園内）,愛知県知多市佐布里台3丁目101,,9：00～17：00 ただし、毎週月曜（祝日の場合は翌平日）、年末年始はお休みです,こちら からご確認ください,https://www.city.chita.lg.jp/soshiki/gesuidouka/,34.967039,136.888840
愛知県,知立市,http://www.gk-p.jp/wp-content/uploads/mhc/23-225-A-01.jpg,第20弾,2023/07/28,知立市役所上下水道部下水道課,愛知県知立市広見三丁目1番地,,【平日】8：30～17：15 ただし、年末年始はお休みです 【土日・祝日】9：00～17：00 ただし、年末年始はお休みです,こちら からご確認ください,https://www.city.chiryu.aichi.jp/kurashi/jogesuido/1/1688690394356.html,35.001311,137.050776
愛知県,尾張旭市,http://www.gk-p.jp/wp-content/uploads/mhc/23-226-A02.jpg,第05弾,2017/08/01,尾張旭まち案内,愛知県尾張旭市東大道原田34-1（グリーンシティビル1階）,,10：00～18：00 ただし、毎週木曜日（祝日を除く）、年末年始はお休みです,0561-52-6500までお問い合わせください,,35.217036,137.036807
愛知県,高浜市(A001),http://www.gk-p.jp/wp-content/uploads/mhc/23-227-A-01.jpg,第04弾,2017/04/03,高浜市役所2階上下水道グループ,高浜市役所2階上下水道グループ,,【平日】9:00～16:00 【土祝】9:00～17：00 ただし、日曜日、年末年始は休みです,こちら からご確認ください,https://www.city.takahama.lg.jp/soshiki/suido/827.html,34.927638,136.987397
愛知県,高浜市(B001),http://www.gk-p.jp/wp-content/uploads/mhc/23-227-B-01.jpg,第15弾,2021/08/17,高浜市やきものの里かわら美術館内ミュージアムショップ,愛知県高浜市青木町九丁目6番地18,,10：00～17：00 ただし、月曜日・火曜日（祝日の場合は翌平日）及び年末年始はお休みです ※詳しくはかわら美術館ホームページの営業カレンダーをご確認ください,こちら からご確認ください,https://www.city.takahama.lg.jp/soshiki/suido/827.html,34.923254,136.981801
愛知県,豊明市,http://www.gk-p.jp/wp-content/uploads/mhc/23-229-A-01.jpg,第05弾,2017/08/01,豊明市役所 下水道課,愛知県豊明市新田町子持松1-1,,8：30～17：00 ※平日と休日で左記の通り配布窓口が異なりますのでご注意ください,こちら からご確認ください,https://www.city.toyoake.lg.jp/4821.htm,35.053809,137.013058
愛知県,日進市(A001),http://www.gk-p.jp/wp-content/uploads/mhc/23-230-A-01.jpg,第28弾,2026/06/24,にっしん観光まちづくり協会（道の駅マチテラス日進内）,愛知県日進市本郷町前田33番地　道の駅マチテラス日進内,,10:00～17:00 ただし、毎週月曜日（月曜日が祝日等の場合はその翌日（祝日等でない日））、第2火曜日、年末年始はお休みです。 ※「道の駅マチテラス日進」の営業時間とは異なります。 ※状況により変更する場合があります。,こちら からご確認ください ※現在、配布を一時中止しています,https://www.city.nisshin.lg.jp/department/kensetu/gesuido/6/2/2/18615.html,35.137730,137.043808
愛知県,愛西市,http://www.gk-p.jp/wp-content/uploads/mhc/23-232-A-01.jpg,第21弾,2023/12/15,愛西市観光協会,愛知県愛西市森川町井桁西25番地1,,9：00～17：00 ただし、毎週木曜日・年末年始（12/29～1/3）はお休みです,こちら からご確認ください,https://www.city.aisai.lg.jp/0000017190.html,35.144063,136.694415
愛知県,北名古屋市,http://www.gk-p.jp/wp-content/uploads/mhc/23-234A.jpg,第08弾,2018/08/11,北名古屋市 下水道課窓口,愛知県北名古屋市西之保清水田15,,【平日】8：30～17：15 【休日】9：00～17:00（16：40までに入館受付をお済ませください） ただし、年末年始、月末日（歴史民俗資料館のみ）はお休みです,こちら からご確認ください,http://www.city.kitanagoya.lg.jp/gesui/1600053.php,35.250401,136.886156
愛知県,弥富市,http://www.gk-p.jp/wp-content/uploads/mhc/23-235-A-01.jpg,第18弾,2023/01/28,歴史民俗資料館,愛知県弥富市前ケ須町南本田347,,【月曜日以外】9：00～17：00 年末年始（12月29日～1月3日）はお休みです 【月曜日】9：00～16：00 祝日、年末年始（12月29日～1月3日）はお休みです,こちら からご確認ください,https://www.city.yatomi.lg.jp/kurashi/1000451/1000464/1006783/1005095.html,35.109550,136.724506
愛知県,みよし市(A001),http://www.gk-p.jp/wp-content/uploads/mhc/23-236-A-01.jpg,第14弾,2021/04/25,みよし市役所下水道課,愛知県みよし市三好町小坂50番地,,【平日】9:00～17:00 【休日】24時間,こちら からご確認ください,https://www.city.aichi-miyoshi.lg.jp/soshiki/toshikensetsu/gesuido/2/1/22.html,35.089369,137.074892
愛知県,みよし市(B001),http://www.gk-p.jp/wp-content/uploads/mhc/23-236-B-01.jpg,第19弾,2023/04/28,みよし市ビジターセンター,愛知県みよし市三好丘二丁目2番1 カリヨンハウス1階,,9：30～16：30 ただし、月曜日（祝日の場合は翌日）と年末年始はお休みです,こちら からご確認ください,https://www.city.aichi-miyoshi.lg.jp/soshiki/toshikensetsu/gesuido/2/1/23.html,35.126105,137.110559
愛知県,みよし市(C001),http://www.gk-p.jp/wp-content/uploads/mhc/23-236-C-01.jpg,第28弾,2026/04/24,みなよし交流センター,愛知県みよし市明知町下細口1-8,,【火曜日～土曜日】9:30～20:30 【日曜日】9:30～16:30 ただし、休館日の月曜日（月曜日が祝日の場合は、翌平日）と年末年始はお休みです,こちら からご確認ください,https://www.city.aichi-miyoshi.lg.jp/soshiki/toshikensetsu/gesuido/2/1/11069.html,35.069704,137.090470
愛知県,長久手市,http://www.gk-p.jp/wp-content/uploads/mhc/23-238-A-01.jpg,第05弾,2017/08/01,長久手市文化の家　窓口,愛知県長久手市野田農201,,9:00～19:00 ただし、月曜日（祝日の場合はその翌日）、年末年始はお休みです,こちら からご確認ください,https://www.city.nagakute.lg.jp/soshiki/kensetsubu/gesuidoka/3796.html,35.182995,137.037839
愛知県,豊山町,http://www.gk-p.jp/wp-content/uploads/mhc/23-342-A-01.jpg,第06弾,2017/12/09,豊山町役場 建設課窓口,愛知県西春日井郡豊山町大字豊場字新栄260,,8：30～17：15 ただし、年末年始はお休みです 土日、祝日に配布をご希望される方は、平日（8：30～17：15）に電話予約が必要です,こちら からご確認ください,https://www.town.toyoyama.lg.jp/kurashi/seikatsu/1001064/1001401.html,35.250457,136.911978
愛知県,大口町,http://www.gk-p.jp/wp-content/uploads/mhc/23-361-A-01.jpg,第26弾,2025/07/25,大口町役場１階　建設課,愛知県丹羽郡大口町下小口七丁目155番地,,【平日】9：00～16：00（12時から13時までの間は配布しておりません） 【休日】9：00～16：00 ただし、年末年始はお休みです,こちら からご確認ください ※現在、配布を一時中止しています,https://www.town.oguchi.lg.jp/item/16101.htm#itemid16101,35.332535,136.907853
愛知県,扶桑町,http://www.gk-p.jp/wp-content/uploads/mhc/23-362-A-01.jpg,第11弾,2019/12/14,扶桑町役場下水道課,愛知県丹羽郡扶桑町大字高雄字天道330,,【平日】8:45～17:00 【休日】8:45～17:00,こちら からご確認ください,https://www.town.fuso.lg.jp/kurashi/1001731/1001754/1001836,35.359218,136.912805
愛知県,大治町,http://www.gk-p.jp/wp-content/uploads/mhc/23-424-A-01.jpg,第15弾,2021/08/17,大治町役場建設部下水道課窓口,愛知県海部郡大治町大字馬島字大門西1-1,,【平日】8：30～17：15 ただし、土日祝日及び年末年始(12/29～1/3)はお休みです 【土日祝日】9：00～17：00 ただし、月曜日及び年末年始(12/29～1/3)はお休みです ※役場の閉庁日と公民館の休館日が重なったときは、配布ができません,こちら からご確認ください ※現在、配布を一時中止しています,https://www.town.oharu.aichi.jp/seikatsu/gesuido13.html,35.175095,136.820100
愛知県,蟹江町,http://www.gk-p.jp/wp-content/uploads/mhc/23-425-A-01.jpg,第10弾,2019/08/07,蟹江町水道事務所（蟹江町上下水道部下水道課）,愛知県海部郡蟹江町学戸一丁目225番地,,【平日】8：30〜17：00 ※ただし、年末年始はお休みです。 【月曜日以外①】歴史民俗資料館 9:00〜17:00 ※ただし、年末年始はお休みです ※月曜日が祝日の場合は、翌日がお休みです 【月曜日以外②】蟹江町観光交流センター　祭人 9：00〜17：00 ※ただし、年末年始はお休みです ※月曜日が祝日の場合は、翌日がお休みです,こちら からご確認ください,http://www.town.kanie.aichi.jp/soshiki/22/m-card.html,35.136299,136.781929
愛知県,阿久比町,http://www.gk-p.jp/wp-content/uploads/mhc/23-441-A-01.jpg,第08弾,2018/08/11,阿久比町役場建設経済部 上下水道課,愛知県知多郡阿久比町大字卯坂字殿越50,,8：30～17：15,こちら からご確認ください,http://www.town.agui.lg.jp/contents_detail.php?frmId=4260,34.932879,136.915482
愛知県,東浦町,http://www.gk-p.jp/wp-content/uploads/mhc/23-442-A-01.jpg,第09弾,2018/12/14,東浦町役場　水道サービス課,愛知県知多郡東浦町大字緒川字政所20番地,,【平日】 8：45～16：00（水曜日は8：45～20：00） 【休日】 8：30～17：15,こちら からご確認ください,http://www.town.aichi-higashiura.lg.jp/kurashi/jogesuido/index.html,34.977112,136.965945
愛知県,武豊町,http://www.gk-p.jp/wp-content/uploads/mhc/23-447-A-01.jpg,第13弾,2020/12/17,まちの駅『味の蔵たけとよ』,愛知県知多郡武豊町忠白田11-1,,【通常】9:00～18：00 火曜～日曜(月曜祝日の場合は営業)に配布します 【休館日】8：30～17：15 まちの駅『味の蔵たけとよ』の休館日（月曜(祝日の場合は翌平日)）に配布します ただし、年末年始はお休みです,こちら からご確認ください,https://www.town.taketoyo.lg.jp/kurashi/1001504/1001575/1003168.html,34.844513,136.924562
愛知県,幸田町,http://www.gk-p.jp/wp-content/uploads/mhc/23-501-A-01.jpg,第25弾,2025/04/25,幸田町役場2階　下水道課,愛知県額田郡幸田町大字菱池字元林1番地1,,9:00～16:00 ただし、年末年始はお休みです,こちら からご確認ください,https://www.town.kota.lg.jp/soshiki/18/23395.html,34.864342,137.165834
愛知県,設楽町,http://www.gk-p.jp/wp-content/uploads/mhc/23-561-A-01.jpg,第15弾,2021/08/17,設楽町役場　生活課,愛知県北設楽郡設楽町田口字辻前14番地,,【平日】9：00～17：00 ただし、年末年始はお休みです 【土日祝日】9：00～17：00 ただし、年末年始はお休みです,こちら からご確認ください,https://www.town.shitara.lg.jp/soshiki/4/1117.html,35.097124,137.571579
三重県,四日市市（A001）,http://www.gk-p.jp/wp-content/uploads/mhc/24-202-A-01.jpg,第05弾,2017/08/01,そらんぽ四日市 総合受付,そらんぽ四日市 総合受付,,【通常時】9：30～17：00 ただし、月曜日（祝日の場合はその翌日）、年末年始はお休みです ※土曜日は19：30まで配布しています ※月曜日は一部開館する日もございます ※年4回（各1週間程度）、整備休館があります 【休館時】8：30 ～17：15 ただし、年末年始を除く平日のみ配布します,こちら からご確認ください,https://www.city.yokkaichi.mie.jp/new_water/manhole-card/,34.967909,136.615491
三重県,四日市市（B001）,http://www.gk-p.jp/wp-content/uploads/mhc/24-202-B-01.jpg,第09弾,2018/12/14,お休み処四十三茶屋　観光案内所（四日市観光協会）,お休み処四十三茶屋　観光案内所（四日市観光協会）,,10:00～19:00 ただし、年末年始はお休みです ※臨時休業する場合があります,こちら からご確認ください,https://www.city.yokkaichi.mie.jp/new_water/manhole-card/,34.967059,136.618688
三重県,四日市市(C001),http://www.gk-p.jp/wp-content/uploads/mhc/24-202-C-01.jpg,第13弾,2020/12/17,四日市市上下水道局2階総務課,三重県四日市市堀木一丁目3番18号,,8:30～17:15 ※土日・祝日は夜間休日窓口で配布します。,こちら からご確認ください,https://www.city.yokkaichi.mie.jp/new_water/manhole-card/,34.972350,136.614020
三重県,伊勢市(A001),http://www.gk-p.jp/wp-content/uploads/mhc/24-203-A-01.jpg,第07弾,2018/04/28,伊勢市駅観光案内所,三重県伊勢市吹上1-1-4（JR伊勢市駅構内）,,9：00～17：30（年中無休）,こちら からご確認ください,https://www.city.ise.mie.jp/jougesuidou/notice/event/1003291.html,34.491254,136.709436
三重県,伊勢市(B001),http://www.gk-p.jp/wp-content/uploads/mhc/24-203-B-01.jpg,第12弾,2020/04/25,二見浦観光案内所,三重県伊勢市二見町茶屋111－1 二見生涯学習センター内,,8:30～17:00(年中無休),こちら からご確認ください,https://www.city.ise.mie.jp/jougesuidou/notice/event/1003291.html,34.506330,136.777327
三重県,松阪市(A001),http://www.gk-p.jp/wp-content/uploads/mhc/24-204-A-01.jpg,第03弾,2016/12/01,松阪市上下水道部 1階 上下水道総務課,三重県松阪市殿町1340番地1（松阪市本庁舎第3分館）,,9：00～16：30,こちら からご確認ください,http://www.city.matsusaka.mie.jp/site/jyougesuidou/soumu4.html,34.577769,136.528416
三重県,松阪市(B001),http://www.gk-p.jp/wp-content/uploads/mhc/24-204-B-01.jpg,第11弾,2019/12/14,豪商のまち松阪　観光交流センター,三重県松阪市魚町1658番地3,,【3月～11月】9:00～18:00 【12月～2月】9:00～17:00 【12/30～1/2】9:00～16:30,こちら からご確認ください,https://www.city.matsusaka.mie.jp/site/jyougesuidou/soumu4.html,34.578344,136.529557
三重県,松阪市(C001),http://www.gk-p.jp/wp-content/uploads/mhc/24-204-C-01.jpg,第23弾,2024/07/26,松阪市総合運動公園 管理事務所,三重県松阪市山下町111,,8：30～17：15 ただし、月曜日（祝日の場合はその翌日）、祝日の翌日（土・日・祝日の場合は営業）、年末年始（12月29日～1月3日）はお休みです,こちら からご確認ください,https://www.city.matsusaka.mie.jp/site/jyougesuidou/soumu4.html,34.577416,136.529012
三重県,松阪市(D001),http://www.gk-p.jp/wp-content/uploads/mhc/24-204-D-01.jpg,第24弾,2024/12/20,松浦武四郎記念館,三重県松阪市小野江町383,,9：00～16：30 ただし、月曜日（祝日の場合はその翌日）、祝日の翌平日（土・日・祝日の場合は開館）、年末年始（12月29日～1月3日）、展示替え期間中（2か月ごとの火～木曜日）はお休みです（HPに掲載）,こちら からご確認ください,https://www.city.matsusaka.mie.jp/site/jyougesuidou/soumu4.html,34.642560,136.509089
三重県,松阪市(E001),http://www.gk-p.jp/wp-content/uploads/mhc/24-204-E-01.jpg,第25弾,2025/04/25,松阪市文化財センター　はにわ館,三重県松阪市外五曲町1番地,,9：00～16：30 ただし、月曜日(祝日の場合はその翌日)、祝日の翌平日(土・日・祝日の場合は開館)、年末年始(12月29日～1月3日)はお休みです ※月曜日・祝日の翌平日は一部開館日あり（HPに掲載）,こちら からご確認ください,https://www.city.matsusaka.mie.jp/site/jyougesuidou/soumu4.html,34.577963,136.521115
三重県,松阪市(F001),http://www.gk-p.jp/wp-content/uploads/mhc/24-204-F-01.jpg,第28弾,2026/04/24,松阪駅観光情報センター,三重県松阪市京町507番地2,,9:00～18:00 ただし、年末年始（12/30～1/2）はお休みです,こちら からご確認ください,https://www.city.matsusaka.mie.jp/site/jyougesuidou/soumu4.html,34.576937,136.534998
三重県,桑名市(A001),http://www.gk-p.jp/wp-content/uploads/mhc/24-205-A-01.jpg,第06弾,2017/12/09,桑名市物産観光案内所,三重県桑名市有楽町59,,9：00～17：00 ただし、年末年始（12/29～1/3）はお休みです,こちら からご確認ください,https://www.city.kuwana.lg.jp/kikakusoumu/kurashi/kankyou/20240614.html,35.066656,136.682924
三重県,桑名市(B001),http://www.gk-p.jp/wp-content/uploads/mhc/24-205-B01.jpg,第16弾,2022/01/15,桑名市住吉浦休憩施設,三重県桑名市太一丸地先,,9：00~17：00 ただし、年末年始はお休みです,こちら からご確認ください,https://www.city.kuwana.lg.jp/kikakusoumu/kurashi/kankyou/20240614.html,35.067905,136.696296
三重県,鈴鹿市,http://www.gk-p.jp/wp-content/uploads/mhc/24-207-A-01.jpg,第06弾,2017/12/09,鈴鹿市上下水道局,三重県鈴鹿市寺家町1170,,【平日】8：30～17：15 【休日】9：30～18：00 ただし、年末年始はお休みです,こちら からご確認ください,https://www.city.suzuka.lg.jp/suido/1002380/1002381/1002388.html,34.832404,136.571405
三重県,亀山市(A001),http://www.gk-p.jp/wp-content/uploads/mhc/24-210-A-01.jpg,第04弾,2017/04/03,関まちなみ資料館,三重県亀山市関町中町482,,9：00～16：30 ただし、毎週月曜日（祝日または振替休日の場合は翌日）、年末年始（12/29～1/3）はお休みです,こちら からご確認ください,https://www.city.kameyama.mie.jp/docs/2017032800025/,34.852338,136.393208
三重県,亀山市(B001),http://www.gk-p.jp/wp-content/uploads/mhc/24-210-B-01.jpg,第26弾,2025/07/25,亀山市立図書館,三重県亀山市御幸町318番地1,,9：00～20：00 ただし、火曜日（祝日の場合は翌日）、第4金曜日、図書特別整理期間・年末年始は お休みです 【休館日】8：30～17：15 ただし、年末年始はお休みです,こちら からご確認ください ※現在、配布を一時中止しています,https://www.city.kameyama.mie.jp/docs/2017032800025/,34.850897,136.450604
三重県,志摩市,http://www.gk-p.jp/wp-content/uploads/mhc/24-215-A-01.jpg,第24弾,2024/12/20,安乗岬園地休憩舎,三重県志摩市阿児町安乗794－1,,（配布場所①） 9：30～16：00 臨時休業等の情報については こちら からご確認ください （配布場所②） 9:00〜17:00 ※年末年始（12/29～1/3）も配布します。,こちら からご確認ください,https://www.city.shima.mie.jp/kakuka/jogesuidobu/gesuidoka/gesuido/7166.html,34.364814,136.906912
三重県,伊賀市,http://www.gk-p.jp/wp-content/uploads/mhc/24-216-A-01.jpg,第05弾,2017/08/01,伊賀流忍者体験施設　万川集海 二階 お土産店「万川堂」,三重県伊賀市上野丸之内29,,9：00～18：00 (12/29～1/1を除く),こちら からご確認ください,https://www.city.iga.lg.jp/0000004701.html,34.766776,136.130832
三重県,東員町,http://www.gk-p.jp/wp-content/uploads/mhc/24-324-A-01.jpg,第08弾,2018/08/11,東員町役場 上下水道課,三重県員弁郡東員町大字山田1600,,8：15～17：00,こちら からご確認ください,https://www.town.toin.lg.jp/soshiki/1013/4/338.html,35.074271,136.583706
三重県,菰野町,http://www.gk-p.jp/wp-content/uploads/mhc/24-341-A-01.jpg,第06弾,2017/12/09,道の駅 菰野,三重県三重郡菰野町菰野2256,,9：00～17：00,059-394-0116までお問い合わせください,,35.013469,136.503144
滋賀県,滋賀県（流域下水道）,http://www.gk-p.jp/wp-content/uploads/mhc/25-000-A-01.jpg,第02弾,2016/08/01,淡海環境プラザ,滋賀県草津市矢橋字帰帆2108,,9：00～16：30 ただし、土日、祝日、年末年始、お盆等公益財団法人淡海環境保全財団が必要と認めた日はお休みです,こちら からご確認ください,https://www.ohmi.or.jp/plaza/manhole/,35.010782,135.916740
滋賀県,大津市(A001),http://www.gk-p.jp/wp-content/uploads/mhc/25-201-A-01.jpg,第05弾,2017/08/01,【大津市水再生センター】,滋賀県大津市由美浜1-1,,9：00～17：00 年末年始（12/29～1/3）はお休みです,こちら からご確認ください,https://www.city.otsu.lg.jp/soshiki/080/1901/g/manhole/1499746928377.html,35.003034,135.890335
滋賀県,大津市(B001),http://www.gk-p.jp/wp-content/uploads/mhc/25-201-B-01.jpg,第21弾,2023/12/15,大津駅観光案内所,滋賀県大津市春日町1-3 ビエラ大津,,9：00～18：00,こちら からご確認ください,https://www.city.otsu.lg.jp/kigyo/about/koho/68041.html,35.003306,135.864862
滋賀県,大津市(C001),http://www.gk-p.jp/wp-content/uploads/mhc/25-201-C-01.jpg,第28弾,2026/04/24,大津港サイクルステーション　Bird　Café,滋賀県大津市浜大津5-1-7,,9:00～17:00 ただし、冬季休業があります。詳細はHPをご確認ください。 （令和7年度は12/22～1/9休業。1/10～2/19は平日10:00～15:00、土日祝10:00～17:00営業）,こちら からご確認ください,https://www.city.otsu.lg.jp/soshiki/025/1604/g/kanko/74138.html,35.012714,135.865850
滋賀県,彦根市（A001）,http://www.gk-p.jp/wp-content/uploads/mhc/25-202-A-01.jpg,第06弾,2017/12/09,彦根市上下水道料金お客様サービスセンター,滋賀県彦根市元町4番2号（彦根市役所１階）,電話0749-27-2802,【平日】8:30～19:00 【土、日、祝日および12/29～12/31】9:00～17:00 ただし、1/1～1/3はお休みです,こちら からご確認ください,https://www.city.hikone.lg.jp/kakuka/jogesuido/2/9/2219.html,35.275175,136.257448
滋賀県,彦根市（B001）,http://www.gk-p.jp/wp-content/uploads/mhc/25-202-B-01.jpg,第06弾,2017/12/09,ひこにゃんミュジアム,滋賀県彦根市本町1-7-34,,10:00～18:00（3月～11月） 10:00～17:00（12月～2月）,こちら からご確認ください,https://www.city.hikone.lg.jp/kakuka/jogesuido/2/9/2219.html,35.269800,136.251216
滋賀県,近江八幡市,http://www.gk-p.jp/wp-content/uploads/mhc/25-204-A-01.jpg,第24弾,2024/12/20,近江八幡市水道事業所上下水道施設課窓口,近江八幡市桜宮町214-10,,【平日】9:00～12:00、13:00～16:00 土曜・日曜・祝日および年末年始(12/29～1/3)はお休みです。,こちら からご確認ください,https://www.city.omihachiman.lg.jp/soshiki/suidou_sisetsu/gesuidouosirase/29246.html,35.139394,136.090902
滋賀県,草津市（A001）,http://www.gk-p.jp/wp-content/uploads/mhc/25-206-A-01.jpg,第03弾,2016/12/01,草津宿街道交流館,滋賀県草津市草津3-10-4,,9：00～17：00 ただし、毎週月曜日（祝日の場合はその翌日）、祝日の翌日（土・日と重なった場合は開館）、年末年始（12/28～1/4）、その他教育委員会が必要と認める日はお休みです。 なお、毎週月曜（月曜が祝日の場合はその翌日）、祝日の翌日(土・日曜と重なった場合を除く)は市役所2階の上下水道総務課（滋賀県草津市草津三丁目13番30号、電話:077-561-2440）で開庁時間中（9:00～16:45）に配布しています。ただし、年末年始（12月29日～1月3日）その他市長が必要と認めた日はお休みです。,こちら からご確認ください,http://www.city.kusatsu.shiga.jp/kurashi/suidogesuido/gesuido/manholecard.html,35.015661,135.959150
滋賀県,草津市（B001）,http://www.gk-p.jp/wp-content/uploads/mhc/25-206-B-01.jpg,第09弾,2018/12/14,くさつ夢本陣,滋賀県草津市草津二丁目10-21,,9:00〜17:00 ただし、年末年始（12/29～1/3）はお休みです,こちら からご確認ください,http://www.city.kusatsu.shiga.jp/kurashi/suidogesuido/gesuido/manholecard.html,35.016184,135.959647
滋賀県,草津市(C001),http://www.gk-p.jp/wp-content/uploads/mhc/25-206-C-01.jpg,第23弾,2024/07/26,道の駅草津 グリーンプラザからすま,滋賀県草津市下物町1436番地,,9:00〜18:00（7月〜8月は19：00まで） ただし、月曜日(祝日の場合は翌日) はお休みです（7月〜8月は無休）,こちら からご確認ください,http://www.city.kusatsu.shiga.jp/kurashi/suidogesuido/gesuido/manholecard.html,35.070545,135.945251
滋賀県,守山市,http://www.gk-p.jp/wp-content/uploads/mhc/25-207-A-01.jpg,第21弾,2023/12/15,守山市駅前総合案内所,滋賀県守山市梅田町1-9,,7：30～19：30 ただし、12月29日～１月3日はお休みです,こちら からご確認ください,https://www.city.moriyama.lg.jp/kurashitetsuzuki/jougesuido/1001701/1008797.html,35.050688,135.995512
滋賀県,栗東市(A001),http://www.gk-p.jp/wp-content/uploads/mhc/25-208-A-01.jpg,第09弾,2018/12/14,栗東観光案内所,滋賀県栗東市手原3丁目1-30（JR手原駅2階）,,【平日】8：30～17：15 【土・日・祝日】8：30～12：00(こんぜめぐりちゃんバス運行期間中は17：00まで。詳しくは市HPをご確認ください。) ただし、年末年始（12/29～1/3）はお休みです,こちら からご確認ください,http://www.city.ritto.lg.jp/soshiki/jogeuido/jogesuido/oshirase/7224.html,35.027355,135.999243
滋賀県,栗東市(B001),http://www.gk-p.jp/wp-content/uploads/mhc/25-208-B-01.jpg,第25弾,2025/04/25,※現在、配布を一時中止しています,滋賀県栗東市小野223,,※現在、配布を一時中止しています,こちら からご確認ください ※現在、配布を一時中止しています,https://www.city.ritto.lg.jp/soshiki/jogeuido/jogesuido/oshirase/7224.html,35.017372,136.007951
滋賀県,甲賀市(A001),http://www.gk-p.jp/wp-content/uploads/mhc/25-209-A-01.jpg,第23弾,2024/07/26,甲賀市役所下水道課,滋賀県甲賀市甲賀町相模173-1,,9:00～16:45,こちら からご確認ください,https://www.city.koka.lg.jp/24108.htm,34.902841,136.215854
滋賀県,甲賀市(B001),"http://www.gk-p.jp/wp-content/uploads/mhc/25-209-B-01.jpg
",第27弾,2025/12/19,甲賀市ひと・まち街道交流館,滋賀県甲賀市水口町八坂7番4号,,9：00～17:00 ただし、月曜日（祝日の場合は翌日）、年末年始（12/29～1/3）はお休みです,こちら からご確認ください,https://www.city.koka.lg.jp/item/39439.htm,34.971233,136.171303
滋賀県,甲賀市(C001),http://www.gk-p.jp/wp-content/uploads/mhc/25-209-C-01.jpg,第29弾,2026/07/31,観光インフォメーションセンター甲賀流リアル忍者館,滋賀県甲賀市甲南町竜法師600番地,,10:00～16:00 ただし、月曜日（祝日の場合は開館）、年末年始（令和8年12月28日～令和9年1月4日）はお休みです,こちら からご確認ください,https://www.city.koka.lg.jp/item/39439.htm,34.919992,136.170399
滋賀県,野洲市,http://www.gk-p.jp/wp-content/uploads/mhc/25-210-A-01.jpg,第26弾,2025/07/25,野洲市上下水道事業所事務室,野洲市西河原2400番地,,8:30～17:15,こちら からご確認ください ※現在、配布を一時中止しています,https://www.city.yasu.lg.jp/soshiki/jougesoudou/oshirase/7177.html,35.103418,136.012493
滋賀県,東近江市(A001),http://www.gk-p.jp/wp-content/uploads/mhc/25-213-A-01.jpg,第25弾,2025/04/25,東近江市水道事務所　上下水道総務課,滋賀県東近江市川合寺町746,,【平日】9：00～16：00 【休日】10：00～16：00 ただし、年末年始（12/29～1/3）はお休みです,こちら からご確認ください ※配布を一時中止しています,https://www.city.higashiomi.shiga.jp/kurashi_tetsuzuki/jougesuidou/1008975/1008976.html,35.116031,136.208968
滋賀県,東近江市(B001),http://www.gk-p.jp/wp-content/uploads/mhc/25-213-B-01.jpg,第26弾,2025/07/25,東近江市八日市駅前観光交流施設,東近江市八日市駅前観光交流施設,,10：00～17：00 ただし、月曜日（祝日の場合は翌日）、年末年始（12/29～翌年1/3）はお休みです,こちら からご確認ください,https://www.city.higashiomi.shiga.jp/kurashi_tetsuzuki/jougesuidou/1008975/1009690.html,35.114220,136.194501
滋賀県,東近江市(C001),http://www.gk-p.jp/wp-content/uploads/mhc/25-213-C-01.jpg,第27弾,2025/12/19,東近江市 蒲生図書館,滋賀県東近江市市子川原町676番地（蒲生支所内）,,10：00～17:00 ただし、月曜日・火曜日／国民の祝日（祝日となる日はその翌日）、月末整理日（毎月第4金曜日）、年末年始（令和７年は12月28日から翌年1月6日まで）、特別整理期間はお休みです,こちら からご確認ください,https://www.city.higashiomi.shiga.jp/kurashi_tetsuzuki/jougesuidou/1008975/1010221.html,35.059432,136.181736
滋賀県,豊郷町,http://www.gk-p.jp/wp-content/uploads/mhc/25-441-A-01.jpg,第09弾,2018/12/14,豊郷町観光案内所(豊郷小学校旧校舎群　酬徳記念館内),滋賀県犬上郡豊郷町大字石畑518,,9:00～17:00 ただし、月曜日（祝日の場合は翌日）、年末年始（12/29～1/3）はお休みです,こちら からご確認ください ※現在、配布を一時中止しています,http://www.town.toyosato.shiga.jp/contents_detail.php?co=kak&frmId=1749,35.203587,136.233049
京都府,京都府（流域下水道・A001）,http://www.gk-p.jp/wp-content/uploads/mhc/26-000-A-01.jpg,第03弾,2016/12/01,「道の駅 海の京都 宮津」観光案内所,京都府宮津市字浜町３００７,,9：00～17:30（年中無休）,こちら からご確認ください,http://www.pref.kyoto.jp/gesuido/manholemiyazu.html,35.538222,135.193960
京都府,京都府（流域下水道・B001）,http://www.gk-p.jp/wp-content/uploads/mhc/26-000-B-01.jpg,第05弾,2017/08/01,京都府立洛西浄化センター公園（アクアパルコ洛西）,京都府立洛西浄化センター公園（アクアパルコ洛西）,,9：00～17：00（年中無休　12月28日～1月4日のみ休園）,こちら からご確認ください,http://www.pref.kyoto.jp/gesuido/manholekaturagawa.html,34.908584,135.707872
京都府,京都市（A001）,http://www.gk-p.jp/wp-content/uploads/mhc/26-100-A-01.jpg,第02弾,2016/08/01,京都市上下水道局総合庁舎　総合受付,京都府京都市南区上鳥羽鉾立町１１番地３,,10:00〜17:00 ただし年末年始（12/29～1/3)はお休みです,こちら からご確認ください,https://www.city.kyoto.lg.jp/suido/page/0000277176.html,34.971000,135.756146
京都府,京都市（A002）,http://www.gk-p.jp/wp-content/uploads/mhc/26-100-A-02.jpg,第05弾,2017/08/01,京都市上下水道局　太秦庁舎　守衛室,京都府京都市右京区太秦安井一町目町１４,,10:00～17:00 ただし年末年始（12/29～1/3)はお休みです,こちら からご確認ください,https://www.city.kyoto.lg.jp/suido/page/0000277176.html,35.011114,135.717757
京都府,京都市(B001),http://www.gk-p.jp/wp-content/uploads/mhc/26-100-B-01.jpg,第13弾,2020/12/17,琵琶湖疏水記念館,京都府京都市左京区南禅寺草川町17,,9:00～16：30 ただし、毎週月曜日（祝日・休日の場合は翌平日）及び年末年始（12月29日～1月3日）はお休みです,こちら からご確認ください,https://www.city.kyoto.lg.jp/suido/page/0000277176.html,35.011919,135.788196
京都府,舞鶴市(A001),http://www.gk-p.jp/wp-content/uploads/mhc/26-202-A-01.jpg,第08弾,2018/08/11,舞鶴赤レンガパーク,京都府舞鶴市字北吸1039-2,,9：00～17：00 ただし、年末年始（12/29～1/1）、臨時休館日はお休みです 詳細は左記施設のHPをご確認ください,こちら からご確認ください ※現在、配布を一時中止しています,http://www.city.maizuru.kyoto.jp/kurashi/0000004329.html,35.474697,135.385431
京都府,舞鶴市(B001),http://www.gk-p.jp/wp-content/uploads/mhc/26-202-B-01.jpg,第12弾,2020/04/25,田辺城資料館,京都府舞鶴市字南田辺15-22,,9:00～17：00 ただし、毎週月曜日、祝日の翌日、年末年始（12月29日～1月3日）はお休みです,こちら からご確認ください ※現在、配布を一時中止しています,http://www.city.maizuru.kyoto.jp//,35.446178,135.330124
京都府,舞鶴市(C001),http://www.gk-p.jp/wp-content/uploads/mhc/26-202-C-01.jpg,第13弾,2020/12/17,赤れんが博物館,京都府舞鶴市字浜2011,,9:00～17：00 ただし、年末年始（12月29日〜1月1日）はお休みです,こちら からご確認ください ※現在、配布を一時中止しています,https://www.city.maizuru.kyoto.jp/kurashi/0000004329.html,35.476100,135.387467
京都府,綾部市,http://www.gk-p.jp/wp-content/uploads/mhc/26-203-A-01.jpg,第15弾,2021/08/17,綾部市図書館,京都府綾部市青野町西馬場下35-1,,10:00～19:00（土日祝は18:00まで） ただし、毎週月曜日（祝日の場合は火曜日）、国民の祝日の翌日、毎月最終の火曜日（祝日の場合は水曜日）、年末年始、特別整理日はお休みです。,こちら からご確認ください ※現在、配布を一時中止しています,http://www.city.ayabe.lg.jp/gesuido/machi/gesuido/jigyo/manholecard.html,35.302813,135.253208
京都府,宇治市,http://www.gk-p.jp/wp-content/uploads/mhc/26-204-A-01.jpg,第06弾,2017/12/09,宇治市観光センター,京都府宇治市宇治塔川2,,9：00～17：00 ただし、年末年始（12/29～1/1）はお休みです,こちら からご確認ください ※現在、配布を一時中止しています,https://www.city.uji.kyoto.jp/soshiki/12/98913.html,34.888840,135.808808
京都府,亀岡市(A001),http://www.gk-p.jp/wp-content/uploads/mhc/26-206-A-01.jpg,第02弾,2016/08/01,亀岡市上下水道庁舎,京都府亀岡市安町釜ケ前20番地,,【平日】8：30～17：15 【休日】9：00～17：00 ただし、年末年始（12/29～1/3）はお休みです,こちら からご確認ください,https://www.city.kameoka.kyoto.jp/site/jougesuidou/3967.html,35.013658,135.574404
京都府,亀岡市(B001),http://www.gk-p.jp/wp-content/uploads/mhc/26-206-B-01.jpg,第13弾,2020/12/17,亀岡市文化資料館,亀岡市古世町中内坪1,,9:00～17:00 ただし、毎週月曜日と年末年始（12/28～1/4）はお休みです,こちら からご確認ください,https://www.city.kameoka.kyoto.jp/site/jougesuidou/3966.html,35.013533,135.585466
京都府,向日市(A001),http://www.gk-p.jp/wp-content/uploads/mhc/26-208-A-01.jpg,第05弾,2017/08/01,向日市文化資料館 受付カウンター,京都府向日市寺戸町南垣内40-1,,10：00～17：30 ただし、 ・休館日（毎週月曜日（休日の場合は開館し、直後の平日を休館）） ・資料整理日（毎月1日（土日月の場合は次の平日）） ・年末年始（12/28～1/4） はお休みです,こちら からご確認ください ※現在、配布を一時中止しています,https://www.city.muko.kyoto.jp/soshiki/30/14790.html,34.935623,135.712289
京都府,向日市(B001),http://www.gk-p.jp/wp-content/uploads/mhc/26-208-B-01.jpg,第19弾,2023/04/28,向日市文化資料館 受付カウンター,京都府向日市寺戸町南垣内40-1,,10：00～17：30 ただし、 ・休館日（毎週月曜日（休日の場合は開館し、直後の平日を休館）） ・資料整理日（毎月1日（土日月の場合は次の平日）） ・年末年始（12/28～1/4） はお休みです,こちら からご確認ください ※現在、配布を一時中止しています,https://www.city.muko.kyoto.jp/soshiki/30/14790.html,34.956864,135.709537
京都府,長岡京市(A001),http://www.gk-p.jp/wp-content/uploads/mhc/26-209-A-01.jpg,第05弾,2017/08/01,長岡京市上下水道部下水道施設課,長岡京市開田1-1-1 市役所分庁舎2,,【平日】9：00～17：00 ※土、日、祝日、12月28日～1月4日までは休みのため配布を行いません,こちら からご確認ください ※現在、配布を一時中止しています,http://www.city.nagaokakyo.lg.jp/0000007110.html,34.922867,135.700020
京都府,長岡京市(B001),http://www.gk-p.jp/wp-content/uploads/mhc/26-209-B-01.jpg,第18弾,2023/01/28,長岡京市役所上下水道部下水道施設課,長岡京市開田1-1-1 市役所分庁舎2,,"【平日】8:30～17:15 ただし、土日祝日、年末年始(12月29日～1月3日)はお休みです 【土日祝日】9:00～17:00 ただし、水曜日(4,5,6,11月は営業)、年末年始(12月28日～1月4日)はお休みです",こちら からご確認ください ※現在、配布を一時中止しています,https://www.city.nagaokakyo.lg.jp/0000013143.html,34.926692,135.695604
京都府,八幡市,http://www.gk-p.jp/wp-content/uploads/mhc/26-210-A-01.jpg,第20弾,2023/07/28,八幡市観光案内所,八幡市観光案内所,,9：00～17：00 ただし、6月～10月及び2月の月曜日はお休みです,こちら からご確認ください ※現在、配布を一時中止しています,https://www.city.yawata.kyoto.jp/0000008735.html,34.884465,135.700809
京都府,京丹後市(A001),http://www.gk-p.jp/wp-content/uploads/mhc/26-212-A-01.jpg,第11弾,2019/12/14,京丹後市上下水道部経営総務課,京都府京丹後市大宮町口大野226番地,,【平日】9:00～16:30 【休日】9:00～17:00,こちら からご確認ください,https://www.city.kyotango.lg.jp/top/soshiki/jogesuido/suido/gesuidou/manhole/21182.html,35.740015,135.102106
京都府,京丹後市(B001),http://www.gk-p.jp/wp-content/uploads/mhc/26-212-B-01.jpg,第23弾,2024/07/26,道の駅　丹後王国「食のみやこ」インフォメーションセンター,京都府京丹後市弥栄町鳥取123,,9:00～17:00 ただし、火曜日はお休みです,こちら からご確認ください,https://www.city.kyotango.lg.jp/top/soshiki/jogesuido/suido/gesuidou/manhole/21156.html,35.738891,135.105353
京都府,大山崎町,http://www.gk-p.jp/wp-content/uploads/mhc/26-303-A-01.jpg,第05弾,2017/08/01,大山崎町役場 環境事業部 上下水道課窓口,京都府乙訓郡大山崎町字円明寺小字夏目3,【休日】大山崎ふるさとセンター2階京都府乙訓郡大山崎町字大山崎小字竜光3電話：075-952-6288,【平日】8：30～17：00 ただし、土日、年末年始（12/28～1/3）はお休みです ※大山崎町役場が休みの場合、大山崎ふるさとセンター2階にて配布します 【休日】9：30～17：00 ただし、毎週月曜日（祝日の場合はその翌日）、年末年始（12/28～1/4）はお休みです,こちら からご確認ください,http://www.town.oyamazaki.kyoto.jp/annai/jyogesuidoka/gesuidokakari/oshirase/4864.html,34.902792,135.688542
京都府,久御山町,http://www.gk-p.jp/wp-content/uploads/mhc/26-322-A-01.jpg,第23弾,2024/07/26,久御山町役場事業環境部上下水道課(庁舎２階）,久御山町役場事業環境部上下水道課(庁舎２階）,,9:00～17:00 ただし、年末年始（12月29日～1月3日）はお休みです,こちら からご確認ください ※現在、配布を一時中止しています,https://www.town.kumiyama.lg.jp/0000005678.html,34.881534,135.732689
京都府,宇治田原町,http://www.gk-p.jp/wp-content/uploads/mhc/26-344-A-01.jpg,第02弾,2016/08/01,宇治田原町 上下水道課,京都府綴喜郡宇治田原町大字立川小字坂口18-1（宇治田原町役場２階）,,8：30～17：15 ただし、土日、祝日、年末年始はお休みです,こちら からご確認ください,https://www.town.ujitawara.kyoto.jp/soshiki/jogesuidoka/seikatsu_kankyo/1/782.html,34.844837,135.867939
京都府,宇治田原町(B001),http://www.gk-p.jp/wp-content/uploads/mhc/26-344-B-01.jpg,第29弾,2026/07/31,宇治田原町役場上下水道課,京都府綴喜郡宇治田原町大字立川小字坂口18番地1（宇治田原町役場2階）,,①8:30～17:15 ただし、土日、祝日、年末年始（12/29～1/3）はお休みです ②9:00～17:00 ただし、火曜日、12/28～1/4はお休みです,こちら からご確認ください,https://www.town.ujitawara.kyoto.jp/soshiki/jogesuidoka/seikatsu_kankyo/1/782.html,34.844863,135.868096
京都府,京丹波町,http://www.gk-p.jp/wp-content/uploads/mhc/26-407-A-01.jpg,第26弾,2025/07/25,京丹波町上下水道課　畑川浄水場,京都府船井郡京丹波町下山クラベシ41番地,,【平日】8：30～17：15 【土日祝日】8：30～17：15,こちら からご確認ください,https://www.town.kyotamba.kyoto.jp/kakukakarasagasu/jogesuidoka/9120.html,35.202166,135.427044
大阪府,大阪府（流域下水道）,http://www.gk-p.jp/wp-content/uploads/mhc/27-000-A-01.jpg,第02弾,2016/08/01,寝屋川流域下水道 鴻池水みらいセンター,大阪府東大阪市北鴻池町1-18（管理棟）,,【平日】9：00～17：30 【休日】9：00～17：00 ただし、年末年始（12/27～1/5）はお休みです,こちら からご確認ください,http://www.pref.osaka.lg.jp/gesui_jigyo/dezain/index.html,34.702523,135.593396
大阪府,大阪市（A001）,http://www.gk-p.jp/wp-content/uploads/mhc/27-100-A-01.jpg,第01弾,2016/04/01,おおさかATCグリーンエコプラザ,大阪府大阪市住之江区南港北2-1-10（ATCビルITM棟11階西側）,,10：00～17：00 ただし、月曜日と年末年始（12/29〜1/3）はお休みです,こちら からご確認ください,http://www.city.osaka.lg.jp/kensetsu/page/0000431121.html,34.638263,135.411306
大阪府,大阪市（B001）,http://www.gk-p.jp/wp-content/uploads/mhc/27-100-B-01.jpg,第05弾,2017/08/01,クリアウォーターOSAKA（株）本社 総務課,大阪府大阪市中央区本町1-7-7（WAKITA堺筋本町ビル12階）,,【平日】9：00〜17：30 ※年末年始（12/29〜1/3）はお休みです 【土日祝（月曜日は除く）】10：00〜17：00 ※年末年始（12/29〜1/3）はお休みです,こちら からご確認ください,https://www.clearwater-osaka.jp/%e3%83%9e%e3%83%b3%e3%83%9b%e3%83%bc%e3%83%ab%e3%82%ab%e3%83%bc%e3%83%89%e3%81%ae%e9%85%8d%e5%b8%83%e3%81%ab%e3%81%a4%e3%81%84%e3%81%a6/,34.681802,135.505026
大阪府,大阪市（C001）,http://www.gk-p.jp/wp-content/uploads/mhc/27-100-C01.jpg,第15弾,2021/08/17,大阪市下水道科学館,大阪府大阪市此花区高見1-2-53,,9：30～17：00（入館は16：30まで） ただし休館日は、毎週水曜日（水曜日が休日の場合は翌日）及び年末年始（12/29～1/3）です,こちら からご確認ください。,https://www.city.osaka.lg.jp/kensetsu/page/0000431121.html,34.693729,135.462559
大阪府,大阪市(D001),http://www.gk-p.jp/wp-content/uploads/mhc/27-100-D-01.jpg,第26弾,2025/07/25,大阪観光案内所,大阪市北区梅田3-1-1 JR大阪駅 1F中央コンコース,,7：00～21:00,こちら からご確認ください,https://www.city.osaka.lg.jp/kensetsu/page/0000431121.html,34.701171,135.493893
大阪府,堺市(A001),http://www.gk-p.jp/wp-content/uploads/mhc/27-140-A-01.jpg,第01弾,2016/04/01,さかい利晶の杜 受付,大阪府堺市堺区宿院町西2-1-1（さかい利晶の杜1階）,,9：00～18：00 ただし、年末年始（12/29～1/3）はお休みです,こちら からご確認ください,https://water.city.sakai.lg.jp/,34.575970,135.470288
大阪府,堺市(B001),http://www.gk-p.jp/wp-content/uploads/mhc/27-140-B01.jpg,第16弾,2022/01/15,堺東観光案内所,大阪府堺市堺区三国ヶ丘御幸通39-1,,9:00～19:00 ただし、年末年始（12/29～1/3）はお休みです,こちら からご確認ください,https://water.city.sakai.lg.jp/,34.574453,135.484499
大阪府,岸和田市(A001),http://www.gk-p.jp/wp-content/uploads/mhc/27-202-A-01.jpg,第07弾,2018/04/28,岸和田駅前観光案内所,岸和田市宮本町1番12号,,9：00～17：00 ただし、年末年始（12/31～1/3）はお休みです,こちら からご確認ください,https://www.city.kishiwada.lg.jp/page/56-manholecard.html,34.460879,135.378471
大阪府,岸和田市(B001),http://www.gk-p.jp/wp-content/uploads/mhc/27-202-B01.jpg,第16弾,2022/01/15,道の駅「愛彩ランド」,大阪府岸和田市岸の丘町3-6-18,,10：00～17：00 ただし、水曜日及び年末年始（12/31～1/3）はお休みです,こちら からご確認ください,https://www.city.kishiwada.lg.jp/page/56-manholecard.html,34.422255,135.425894
大阪府,岸和田市(C001),http://www.gk-p.jp/wp-content/uploads/mhc/27-202-C-01.jpg,第20弾,2023/07/28,まちづくりの館,大阪府岸和田市本町8番8号,,10:00～18:00 年末年始（12月29日～1月3日）、月曜日はお休みです（ただし月曜日が祝日の場合は開館）,こちら からご確認ください,https://www.city.kishiwada.lg.jp/page/56-manholecard.html,34.459514,135.369728
大阪府,豊中市,http://www.gk-p.jp/wp-content/uploads/mhc/27-203-A-01.jpg,第03弾,2016/12/01,豊中市上下水道局 経営部 経営企画課(3F),豊中市上下水道局 経営部 経営企画課(3F),,9：00～17：15,こちら からご確認ください,https://www.city.toyonaka.osaka.jp/jogesuido/okyakusama_joho/koho_keihatsu/oshirase/mhcard.html,34.787968,135.470336
大阪府,池田市(A001),http://www.gk-p.jp/wp-content/uploads/mhc/27-204-A-01.jpg,第06弾,2017/12/09,①池田市観光案内所,大阪府池田市満寿美町2-7,②池田市上下水道部経営企画課池田市大和町1番10号電話：072-754-6069,①10:00～18:00 ただし、火曜日（祝日の場合には翌平日）、年末年始はお休みです ②9：00～17：00 火曜日（祝日の場合には翌平日）のみ配布,こちら からご確認ください,https://www.city.ikeda.osaka.jp/jogesuido/soshiki/keiei/gyomu/koho/1603072958047.html,34.820477,135.426855
大阪府,池田市(B001),http://www.gk-p.jp/wp-content/uploads/mhc/27-204-B-01.jpg,第11弾,2019/12/14,①大阪池田ゲストインフォメーション,大阪府池田市栄町1-1,,3月～5月に配布します　(春版) ①9：30～17：00 ただし、火曜日(祝日の場合には翌平日)、年末年始はお休みです ②9：00～17：00 火曜日（祝日の場合には翌平日）のみ配布,こちら からご確認ください,https://www.city.ikeda.osaka.jp/jogesuido/soshiki/keiei/gyomu/koho/1603072958047.html,34.821516,135.425820
大阪府,池田市(C001),http://www.gk-p.jp/wp-content/uploads/mhc/27-204-C-01.jpg,第11弾,2019/12/14,①大阪池田ゲストインフォメーション,大阪府池田市栄町1-1,,6月～8月に配布します　(夏版) ①9：30～17：00 ただし、火曜日(祝日の場合には翌平日)、年末年始はお休みです ②9：00～17：00 火曜日（祝日の場合には翌平日）のみ配布,こちら からご確認ください,https://www.city.ikeda.osaka.jp/jogesuido/soshiki/keiei/gyomu/koho/1603072958047.html,34.821516,135.425820
大阪府,池田市(D001),http://www.gk-p.jp/wp-content/uploads/mhc/27-204-D-01.jpg,第11弾,2019/12/14,①大阪池田ゲストインフォメーション,大阪府池田市栄町1-1,,9月～11月に配布します　(秋版) ①9：30～17：00 ただし、火曜日(祝日の場合には翌平日)、年末年始はお休みです ②9：00～17：00 火曜日（祝日の場合には翌平日）のみ配布,こちら からご確認ください,https://www.city.ikeda.osaka.jp/jogesuido/soshiki/keiei/gyomu/koho/1603072958047.html,34.701171,135.493893
大阪府,池田市(E001),http://www.gk-p.jp/wp-content/uploads/mhc/27-204-E-01.jpg,第11弾,2019/12/14,①大阪池田ゲストインフォメーション,大阪府池田市栄町1-1,,12月～2月に配布します　(冬版) ①9：30～17：00 ただし、火曜日(祝日の場合には翌平日)、年末年始はお休みです ②9：00～17：00 火曜日（祝日の場合には翌平日）のみ配布,こちら からご確認ください,https://www.city.ikeda.osaka.jp/jogesuido/soshiki/keiei/gyomu/koho/1603072958047.html,34.821516,135.425820
大阪府,吹田市,http://www.gk-p.jp/wp-content/uploads/mhc/27-205-A-01.jpg,第07弾,2018/04/28,千里ニュータウン情報館,大阪府吹田市津雲台１丁目２番１号　千里ニュータウンプラザ２階,,9:00〜17:30 ただし、毎週月曜日（祝休日の場合はその翌日）、年末年始（12/29～1/3）はお休みです。,こちら からご確認ください,https://www.city.suita.osaka.jp/kurashi/1018541/1018544/1003116.html,34.793157,135.508231
大阪府,高槻市（A001）,http://www.gk-p.jp/wp-content/uploads/mhc/27-207-A-01.jpg,第03弾,2016/12/01,【平日】,大阪府高槻市桃園町２番１号（本館７階）,,【平日】8:45～17:15 【土日祝】10:00～17:00 ただし、年末年始（12/29～1/3）はお休みです,こちら からご確認ください,https://www.city.takatsuki.osaka.jp/soshiki/55/4015.html,34.846142,135.617324
大阪府,高槻市（B001）,http://www.gk-p.jp/wp-content/uploads/mhc/27-207-B-01.jpg,第08弾,2018/08/11,安満遺跡公園ボーネルンドパークセンター,大阪府高槻市八丁畷町12番3号,大阪府高槻市八丁畷町12番3号電話：072-648-4725,9：00～17：00 ただし、年末年始（12/29～1/3）はお休みです,こちら からご確認ください,https://www.city.takatsuki.osaka.jp/soshiki/60/4376.html,34.854295,135.628475
大阪府,高槻市(C001),http://www.gk-p.jp/wp-content/uploads/mhc/27-207-C-01.jpg,第19弾,2023/04/28,高槻城公園芸術文化劇場 南館,大阪府高槻市野見町６番,,9:00～17:15 ただし、毎週月曜日（月曜が休日の場合は次の日）、年末年始（12/29～1/3）はお休みです,こちら からご確認ください,https://www.city.takatsuki.osaka.jp/soshiki/61/119897.html,34.844293,135.620494
大阪府,貝塚市(A001),http://www.gk-p.jp/wp-content/uploads/mhc/27-208-A-01.jpg,第09弾,2018/12/14,貝塚市歴史展示館,大阪府貝塚市半田138－1,,【平日】12：00～18：00 【土日祝日】10：00～16:00 ただし、火曜日、祝日（火曜日が祝日の場合は、その翌日も休館）、年末年始（12月29日～1月3日）はお休みです,こちら からご確認ください,http://www.city.kaizuka.lg.jp/kakuka/jogesuido/gesuisuisin/topics/manholucard.html,34.441870,135.370204
大阪府,貝塚市(B001),http://www.gk-p.jp/wp-content/uploads/mhc/27-208-B-01.jpg,第21弾,2023/12/15,まちの駅かいづか,大阪府貝塚市海塚一丁目１番１号,,10：00～19：00 ただし、12月29日～1月3日はお休みです,こちら からご確認ください,https://www.city.kaizuka.lg.jp/kakuka/jogesuido/gesuisuisin/topics/manholucard.html,34.445460,135.357573
大阪府,守口市,http://www.gk-p.jp/wp-content/uploads/mhc/27-209-A-01.jpg,第06弾,2017/12/09,守口市役所 環境下水道部 下水道課,大阪府守口市京阪本通2-5-5（5階南エリア）,,9：00～17：30 ただし、年末年始（12/29～1/3）はお休みです,こちら からご確認ください,https://www.city.moriguchi.osaka.jp/kakukanoannai/kankyougesuidoubu/gesuidokanrika/designed_maintainance_hole/487.html,34.735811,135.561724
大阪府,枚方市,http://www.gk-p.jp/wp-content/uploads/mhc/27-210-A-01.jpg,第11弾,2019/12/14,枚方市観光案内所Syuku56,枚方市観光案内所Syuku56,,10：00～19：00 ただし、枚方モールの休館日はお休みです,072-848-4196までお問い合わせください,,34.816487,135.649626
大阪府,茨木市(A001),http://www.gk-p.jp/wp-content/uploads/mhc/27-211-A-01.jpg,第12弾,2020/04/25,茨木市文化・子育て複合施設 おにクル,茨木市文化・子育て複合施設 おにクル 1階コンシェルジュ,,9:00〜21:00 ただし、第2・第4月曜日（祝日のときは翌日）、年末年始（12/29〜1/3）はお休みです ※その他、イベント等により臨時閉館等行う場合があります,こちら からご確認ください,https://www.city.ibaraki.osaka.jp/kikou/kensetsu/gesuidosoumu/menu/46736.html,34.802612,135.568213
大阪府,茨木市(B001),http://www.gk-p.jp/wp-content/uploads/mhc/27-211-B-01.jpg,第25弾,2025/06/19,ダムパークいばきた　パークセンター,大阪府茨木市大字生保53-1,,9:00～17:30 ただし、年末年始（12/29～1/3）はお休みです ※その他イベント等により臨時閉館等行う場合があります,こちら からご確認ください,https://www.city.ibaraki.osaka.jp/kikou/kensetsu/gesuidosoumu/menu/46736.html,34.875629,135.555622
大阪府,八尾市,http://www.gk-p.jp/wp-content/uploads/mhc/27-212-A-01.jpg,第06弾,2017/12/09,八尾市下水道部　下水道経営企画課,大阪府八尾市本町1-1-1,,【平日】8：45～12：00、12：45～17：15 【休日】9：00～17：00（入館は16：30まで） ※ただし、年末年始はお休みです,こちら からご確認ください,https://www.city.yao.osaka.jp/kurashi_tetsuzuki/sumai_kurashi_seikatsu/1002677/1002688/1002707/1002717.html,34.627028,135.600604
大阪府,泉佐野市(A001),http://www.gk-p.jp/wp-content/uploads/mhc/27-213-A-01.jpg,第06弾,2017/12/09,観光交流プラザ りんくうまち処,大阪府泉佐野市りんくう往来北1（りんくうタウン駅改札前）,,9:00～20:00 ただし、年末年始は9:30～18:00,こちら からご確認ください。,https://www.city.izumisano.lg.jp/kakuka/jogesuidokyoku/jogesui/menu/1511934914176.html,34.410532,135.299467
大阪府,泉佐野市(B001),http://www.gk-p.jp/wp-content/uploads/mhc/27-213-B-01.jpg,第14弾,2021/04/25,観光おもてなしプラザ　泉佐野まち処,大阪府泉佐野市上町3丁目8-12,,①16:00～19:00 ②10:00～16:00 ただし、年末年始（12/29～1/3）はお休みです,こちら からご確認ください （問合せ先） 泉佐野市上下水道局経営総務課 電話072-450-2222,https://www.city.izumisano.lg.jp/kakuka/jogesuidokyoku/jogesui/menu/1511934914176.html,34.409918,135.317444
大阪府,富田林市,http://www.gk-p.jp/wp-content/uploads/mhc/27-214-A-01.jpg,第04弾,2017/04/03,観光交流施設きらめきファクトリー,大阪府富田林市本町19-8,電話　0721-25-1000（内線262）,10：00〜21：00 ただし、年末年始はお休みです,0721-25-1000（内線262）までお問い合わせください,,34.499673,135.597280
大阪府,寝屋川市,http://www.gk-p.jp/wp-content/uploads/mhc/27-215-A-01.jpg,第08弾,2018/08/11,寝屋川市上下水道局 下水道事業室,大阪府寝屋川市本町15-1,,9：00～17：30 ただし、年末年始はお休みです,072-825-2162（直通）までお問い合わせください ※現在、配布を一時中止しています,,34.765074,135.627308
大阪府,河内長野市,http://www.gk-p.jp/wp-content/uploads/mhc/27-216-A-01.jpg,第06弾,2017/12/09,道の駅 奥河内くろまろの郷,大阪府河内長野市高向1218-1,,9：00～17：00 ※年末年始については、配布場所のHPをご確認ください,こちら からご確認ください,https://www.city.kawachinagano.lg.jp/site/gesui/47644.html,34.436226,135.551275
大阪府,松原市,http://www.gk-p.jp/wp-content/uploads/mhc/27-217-A-01.jpg,第14弾,2021/04/25,松原市観光協会,大阪府松原市阿保4－1－4,,【平日】10:00～17:00 【休日】9:00～17:30 ただし、年末年始（12/29～1/3）はお休みです,こちら からご確認ください,https://www.city.matsubara.lg.jp/soshiki/suidou_kensetsu/1/14804.html,34.577962,135.551799
大阪府,大東市(A001),http://www.gk-p.jp/wp-content/uploads/mhc/27-218-A-01.jpg,第04弾,2017/04/03,大東市上下水道局 総務課,大阪府大東市灰塚4-1-1,,9：00～17：30,こちら からご確認ください ※現在、配布を一時中止しています,https://www.city.daito.lg.jp/soshiki/39/40329.html,34.702891,135.614638
大阪府,大東市(B001),http://www.gk-p.jp/wp-content/uploads/mhc/27-218-B-01.jpg,第29弾,2026/07/31,大東市上下水道局総務課,大阪府大東市灰塚4-1-1,,9:00～17:30,こちら からご確認ください ※現在、配布を一時中止しています,https://www.city.daito.lg.jp/soshiki/39/40329.html,34.702971,135.614629
大阪府,和泉市(A001),http://www.gk-p.jp/wp-content/uploads/mhc/27-219-A-01.jpg,第03弾,2016/12/01,和泉市いずみの国 観光おもてなし処,大阪府和泉市府中町1-19-9（JR和泉府中駅前）,,10：00～18：00 ただし、月曜日（祝日の場合はその翌日）、年末年始はお休みです,こちら からご確認ください,https://www.city.osaka-izumi.lg.jp/kakukano/suidoubu/gesuiseibi/gyoumu/15179.html,34.487300,135.424240
大阪府,和泉市(B001),http://www.gk-p.jp/wp-content/uploads/mhc/27-219-B-01.jpg,第14弾,2021/04/25,道の駅　いずみ山愛の里,大阪府和泉市仏並町398-1,,9：00－17：00 ただし、年末年始はお休みです,こちら からご確認ください,https://www.city.osaka-izumi.lg.jp/kakukano/suidoubu/gesuiseibi/gyoumu/15179.html,34.423153,135.483002
大阪府,箕面市,http://www.gk-p.jp/wp-content/uploads/mhc/27-220-A-01.jpg,第06弾,2017/12/09,箕面交通・観光案内所,大阪府箕面市箕面1丁目1番1号　阪急箕面駅横,,10：00～16：00(土日祝及び11月全日は9:00～17:00) ただし、毎週木曜日(祝日の場合は翌日)、12月28日～1月4日は休館です。,こちら からご確認ください,http://www.city.minoh.lg.jp/gesui/gesui13.html,34.834395,135.469837
大阪府,柏原市(A001),http://www.gk-p.jp/wp-content/uploads/mhc/27-221-A-01.jpg,第07弾,2018/04/28,柏原市市役所別館1階　下水工務課,大阪府柏原市安堂町1-55,,【平日】9:00～16:30 【土曜日】10:00～18:00 【日曜日・祝日】9:30～17:00 ただし、年末年始、臨時休館はお休みです,こちら からご確認ください,http://www.city.kashiwara.osaka.jp/static/manhole-card/,34.577558,135.629655
大阪府,柏原市(B001),http://www.gk-p.jp/wp-content/uploads/mhc/27-221-B-01.jpg,第19弾,2023/04/28,柏原市立歴史資料館,大阪府柏原市高井田1598-1,,9:00～16:30 ただし、月曜日（祝日の場合は開館）、年末年始、臨時休館はお休みです,こちら からご確認ください,http://www.city.kashiwara.osaka.jp/static/manhole-card/,34.573272,135.638882
大阪府,柏原市(C001),http://www.gk-p.jp/wp-content/uploads/mhc/27-221-C-01.jpg,第23弾,2024/07/26,公民館堅下分館（堅下合同会館）,大阪府柏原市大県3丁目9-19,,9:00～17:00 ただし、年末年始（12/29～1/3）および臨時休館日はお休みです,こちら からご確認ください,http://www.city.kashiwara.osaka.jp/static/manhole-card/,34.587092,135.626057
大阪府,羽曳野市,http://www.gk-p.jp/wp-content/uploads/mhc/27-222-A-01.jpg,第13弾,2020/12/17,羽曳野市下水道総務課,大阪府羽曳野市誉田4丁目1-1羽曳野市役所別館4F,,【平日】9：00～17：30 ※土日・祝祭日、年末年始(12月29日～1月3日)の配布は行っていません 【休日】9：30～17：00 ただし、年末年始等はお休みです,こちら からご確認ください,https://www.city.habikino.lg.jp/soshiki/gesuido/gesuido_soumu/gesuido_soumu_oshirase/11515.html,34.558846,135.605723
大阪府,門真市(A001),http://www.gk-p.jp/wp-content/uploads/mhc/27-223-A-01.jpg,第07弾,2018/04/28,門真市環境水道部 お客さまセンター,大阪府門真市泉町7-23,,9：00～17：30 ただし、年末年始（12月29日〜1月3日）はお休みです,こちら からご確認ください,https://www.city.kadoma.osaka.jp/kurashi/jogesuido/osirase/15607.html,34.742242,135.582610
大阪府,門真市(B001),http://www.gk-p.jp/wp-content/uploads/mhc/27-223-B-01.jpg,第21弾,2023/12/15,門真市役所,大阪府門真市中町１-１,,9：00～17：30 ただし、年末年始（12月29日～１月３日）はお休みです,こちら からご確認ください ※現在、配布を一時中止しています,https://www.city.kadoma.osaka.jp/kurashi/jogesuido/osirase/25709.html,34.739475,135.586875
大阪府,摂津市,http://www.gk-p.jp/wp-content/uploads/mhc/27-224-A-01.jpg,第19弾,2023/04/28,摂津市上下水道部庁舎,大阪府摂津市三島一丁目1番10号,,8：45～17：00 ただし、年末年始はお休みです,こちら からご確認ください,https://www.city.settsu.osaka.jp/suidou/okyakusama/21655.html,34.777695,135.561697
大阪府,高石市,http://www.gk-p.jp/wp-content/uploads/mhc/27-225-A-01.jpg,第04弾,2017/04/03,大阪府臨海スポーツセンター管理事務所,大阪府臨海スポーツセンター管理事務所,,9：00～18：00 ただし、年末年始（12/31～1/1）はお休みです,こちら からご確認ください,http://www.city.takaishi.lg.jp/kakuka/doboku/jougesuidou_ka/gesuidou/Manhole_cover_card_of_takaishi_city.html,34.528774,135.428989
大阪府,藤井寺市(A001),http://www.gk-p.jp/wp-content/uploads/mhc/27-226-A-01.jpg,第05弾,2017/08/01,藤井寺市 都市整備部 下水道課,大阪府藤井寺市岡1-1-1,,【平日】9：00～17：30 【休日】9：00～17：00 ただし、年末年始はお休みです,こちら からご確認ください,https://www.city.fujiidera.lg.jp/soshiki/toshiseibi/gesuidosoumu/11043.html,34.574283,135.597476
大阪府,藤井寺市(B001),http://www.gk-p.jp/wp-content/uploads/mhc/27-226-B01.jpg,第12弾,2020/04/25,パープルホール（藤井寺市立市民総合会館）1階地域サービス公社管理事務所,パープルホール（藤井寺市立市民総合会館）1階地域サービス公社管理事務所,,9：00～17：00 ただし、年末年始（12/29～1/4）はお休みです。年末年始のお休みは変更になる可能性がありますので事前にお問い合わせください,こちら からご確認ください,https://www.city.fujiidera.lg.jp/soshiki/toshiseibi/gesuidosoumu/11043.html,34.571211,135.596107
大阪府,藤井寺市(C001),http://www.gk-p.jp/wp-content/uploads/mhc/27-226-C-01.jpg,第28弾,2026/04/24,藤井寺市立にぎわい・まなび交流館1階　ウエルカムラウンジ,藤井寺市立にぎわい・まなび交流館1階　ウエルカムラウンジ,,10:00～17:00 ただし、月曜日（その日が祝日に当たる時は翌平日）、12/29から1/3まではお休みです,こちら からご確認ください,https://www.city.fujiidera.lg.jp/soshiki/toshiseibi/gesuidosoumu/11043.html,34.566060,135.597351
大阪府,東大阪市,http://www.gk-p.jp/wp-content/uploads/mhc/27-227-A-01.jpg,第01弾,2016/04/01,東大阪市 下水道計画総務室,大阪府東大阪市荒本北1-1-1（東大阪市役所13階）,,9：00～17：30 ただし、土日、祝日、年末年始（12/29～1/3）はお休みです,こちら からご確認ください,http://www.city.higashiosaka.lg.jp/0000019197.html,34.638263,135.411306
大阪府,泉南市,http://www.gk-p.jp/wp-content/uploads/mhc/27-228-A-01.jpg,第05弾,2017/08/01,泉南市観光協会観光案内所,大阪府泉南市りんくう南浜4-201,,【月・火以外】10：00～16：00 【月・火のみ】9：00～17：30 ただし、年末年始（12/28～1/4）はお休みです ※月・火曜が祝日の場合は、観光案内所にて配布します,072-482-5005までお問い合わせください,,34.361833,135.279344
大阪府,四條畷市,http://www.gk-p.jp/wp-content/uploads/mhc/27-229-A-01.jpg,第05弾,2017/08/01,四條畷市役所 都市整備部 下水道課,大阪府四條綴市中野本町1-1,,8：45～17：15 ただし、年末年始（12/29～1/3）はお休みです,こちら からご確認ください ※現在、配布を一時中止しています,http://www.city.shijonawate.lg.jp/soshiki/20/3137.html,34.740035,135.640430
大阪府,交野市(A001),http://www.gk-p.jp/wp-content/uploads/mhc/27-230-A-01.jpg,第09弾,2018/12/14,交野市上下水道部（旧水道局）1階,交野市上下水道部（旧水道局）1階,2階 下水道課　電話：072-896-8815,9:00～17:00 ただし、年末年始（12月29日～1月3日）は配布を行っていません,こちら からご確認ください,https://www.city.katano.osaka.jp/docs/2018053100033/,34.788399,135.679912
大阪府,交野市(B001),http://www.gk-p.jp/wp-content/uploads/mhc/27-230-B01.jpg,第16弾,2022/01/15,交野市上下水道部（旧水道局）1階,交野市上下水道部（旧水道局）1階,2階 下水道課　電話：072-896-8815,9:00～17:00 ただし、年末年始（12月29日～1月3日）は配布を行っていません。,こちら からご確認ください ※現在、配布を一時中止しています,https://www.city.katano.osaka.jp/docs/2018053100033/,34.773933,135.683142
大阪府,大阪狭山市(A001),http://www.gk-p.jp/wp-content/uploads/mhc/27-231-A-01.jpg,第02弾,2016/08/01,大阪府立狭山池博物館,大阪府立狭山池博物館,,10：00～17：00 （入館は16：30まで） 毎週月曜日（月曜日が祝日の場合は翌日）と、年末年始（12/28～1/4）はお休みです,こちら からご確認ください,https://www.city.osakasayama.osaka.jp/tetsuzuki/jogesuido/1/1/3315.html,34.507268,135.551720
大阪府,大阪狭山市(B001),http://www.gk-p.jp/wp-content/uploads/mhc/27-231-B-01.jpg,第20弾,2023/07/28,大阪狭山市役所庁舎2階　水政策部下水道・水路グループ,大阪狭山市役所庁舎2階　水政策部下水道・水路グループ,,【平日】9：00～17：30 ただし、土日、祝日、年末年始（12/29～1/3）はお休みです 【土日祝】10：00時～17：00（入館は16：30まで） ただし、年末年始（12/28～1/4）はお休みです,こちら からご確認ください,https://www.city.osakasayama.osaka.jp/tetsuzuki/jogesuido/1/1/3315.html,34.503711,135.555640
大阪府,阪南市,http://www.gk-p.jp/wp-content/uploads/mhc/27-232-A01.jpg,第17弾,2022/08/06,阪南市都市整備部下水道課（阪南市分室２階）,阪南市都市整備部下水道課（阪南市分室２階）,,【平日】8：45～17：15 【土日祝日】8：45～17：15 ただし、年末年始はお休みです,こちら からご確認ください,https://www.city.hannan.lg.jp/kakuka/toshi/gesuido/6682.html,34.356034,135.234352
大阪府,島本町(A001),http://www.gk-p.jp/wp-content/uploads/mhc/27-301-A-01.jpg,第04弾,2017/04/03,島本町上下水道庁舎,大阪府三島郡島本町広瀬3-11-24,,9：00～17：30 休日は、大薮浄水場入口横のインターホンにてお呼び出しください,こちら からご確認ください,https://www.town.shimamoto.lg.jp/site/suidou/2227.html,34.883800,135.672844
大阪府,島本町(B001),http://www.gk-p.jp/wp-content/uploads/mhc/27-301-B-01.jpg,第13弾,2020/12/17,島本町立歴史文化資料館,大阪府三島郡島本町桜井一丁目3番1号,,9:30～17:00 ※毎週月曜日（月曜日が祝日の場合はその翌日）、年末年始（12月29日から1月3 日）、特別展示及び企画展示などの準備期間は休館日,こちら からご確認ください,https://www.town.shimamoto.lg.jp/site/suidou/2227.html,34.880036,135.663670
大阪府,豊能町,http://www.gk-p.jp/wp-content/uploads/mhc/27-321-A-01.jpg,第08弾,2018/08/11,豊能町役場3階 都市計画課,大阪府豊能郡豊能町余野414-1,（問い合わせ先）豊能町建設環境部都市計画課電話：072-739-3425,9：00～17：30 ただし、土日、祝日、年末年始は警備室で配布します,こちら からご確認ください,http://www.town.toyono.osaka.jp/page/page002821.html,34.918958,135.494118
大阪府,能勢町,http://www.gk-p.jp/wp-content/uploads/mhc/27-322-A-01.jpg,第03弾,2016/12/01,能勢浄化センター ささゆりの丘,大阪府豊能郡能勢町下田119-1,,8：45～17：00 ただし、土日、祝日、年末年始はお休みです,こちら からご確認ください,https://www.town.nose.osaka.jp/soshiki/toshiseibika/gesuidou/gesuidou/1242.html,34.942998,135.410550
大阪府,熊取町,http://www.gk-p.jp/wp-content/uploads/mhc/27-361-A-01.jpg,第08弾,2018/08/11,熊取町役場 都市整備部 下水道河川課,大阪府泉南郡熊取町野田1-1-1,【休日】熊取町駅前観光案内所　駅下にぎわい館大阪府泉南郡熊取町大久保中1-17-1電話：072-451-2572,【平日】9：00～17：30 【休日】9：00～17：00 ただし、年末年始（12/29～1/3）はお休みです,こちら からご確認ください 配布状況について、詳しくは、072-452-1011までお問い合わせください,https://www.town.kumatori.lg.jp/kurashi/jogesuido/gesuido/ippan/4023.html,34.401319,135.355774
大阪府,田尻町,http://www.gk-p.jp/wp-content/uploads/mhc/27-362-A-01.jpg,第12弾,2020/04/25,田尻町役場別館,大阪府泉南郡田尻町嘉祥寺375番地１,,9：00～17：00 ただし、祝日及び年末年始はお休みです,072-466-5007までお問い合わせください,,34.393782,135.291176
大阪府,太子町,http://www.gk-p.jp/wp-content/uploads/mhc/27-381-A-01.jpg,第07弾,2018/04/28,道の駅「近つ飛鳥の里・太子」,大阪府南河内郡太子町山田2254-3,,9:00～17:00 ただし、年末年始はお休みです,こちら からご確認ください,https://taishi-kankou.jp/event/detail.cgi?id=377,34.516877,135.658548
大阪府,河南町,http://www.gk-p.jp/wp-content/uploads/mhc/27-382-A-01.jpg,第08弾,2018/08/11,河南町まち創造部都市環境課,大阪府南河内郡河南町大字白木1359-6,,9：00～17：30,在庫については0721-93-2500までお問い合わせください。,,34.491637,135.629880
大阪府,千早赤阪村,http://www.gk-p.jp/wp-content/uploads/mhc/27-383-A-01.jpg,第18弾,2023/01/28,千早赤阪村役場都市整備課,大阪府南河内郡千早赤阪村大字水分180番地,,9:00～17:30,こちら からご確認ください,https://www.vill.chihayaakasaka.osaka.jp/kakuka/sangyokensetsu/toshiseibi/gesuidou/7677.html,34.464710,135.622506
兵庫県,兵庫県（流域下水道）,http://www.gk-p.jp/wp-content/uploads/mhc/28-000-A-01.jpg,第07弾,2018/04/28,原田処理場（スカイランドHARADA管理事務所）,大阪府豊中市原田西町1-1,,9：00～17：00 ただし、毎週木曜日（祝日の場合は開館）、年末年始（12/27～1/5）はお休みです,こちら からご確認ください,https://web.pref.hyogo.lg.jp/ks16/manholecard001.html,34.769739,135.449224
兵庫県,神戸市(A001),http://www.gk-p.jp/wp-content/uploads/mhc/28-100-A-01.jpg,第01弾,2016/04/01,東水環境センター 東灘処理場,兵庫県神戸市東灘区魚崎南町2-1-23,,東水環境センター（東灘処理場）を見学された方に配布しています。施設見学は1日2回行っています。所要時間は約1時間です 【午前】10：00～ 【午後】14：00～ ※ただし、一般団体見学がある日を除きます ※事前にお電話でお問い合わせの上、見学の予約をお願いいたします なお、土日、祝日、年末年始（12/29～1/3）はお休みです,078-451-0456までお問い合わせください,,34.710393,135.279150
兵庫県,神戸市(B001),http://www.gk-p.jp/wp-content/uploads/mhc/28-100-B-01.jpg,第14弾,2021/04/25,神戸空港 1階総合案内所,兵庫県神戸市中央区神戸空港１番,,7:00~23:00,こちら からご確認ください,https://www.city.kobe.lg.jp/a78445/kurashi/sumai/sewage/pr/manhole_card.html,34.662022,135.211735
兵庫県,神戸市(C001),http://www.gk-p.jp/wp-content/uploads/mhc/28-100-C-01.jpg,第26弾,2025/07/25,五色塚古墳館,兵庫県神戸市垂水区五色山4丁目11―7,,9:00～16:30 ただし、毎週月曜日（祝日の場合は翌日休み）および年末年始はお休みです,078-708-5151までお問い合わせください,,34.629649,135.045373
兵庫県,神戸市(D001),http://www.gk-p.jp/wp-content/uploads/mhc/28-100-D-01.jpg,第29弾,2026/07/31,北野観光案内所,神戸市中央区北野町3-10-20,,【3月～10月】9:00～18:00 【11月～2月】9:00～17:00 ただし、年末年始（12/31～1/1）はお休みです,こちら からご確認ください,https://kobe-wb.jp/pamphlet/card,34.782556,135.417353
兵庫県,姫路市,http://www.gk-p.jp/wp-content/uploads/mhc/28-201-A-01.jpg,第02弾,2016/08/01,姫路市観光案内所,兵庫県姫路市駅前町210-2（JR姫路駅中央コンコース北西側）,,8：30～18：30 ただし、12/29、12/30および施設点検日はお休みです,こちら からご確認ください,https://www.city.himeji.lg.jp/kurashi/0000000319.html,34.827039,134.690161
兵庫県,尼崎市(A001),http://www.gk-p.jp/wp-content/uploads/mhc/28-202-A-01.jpg,第02弾,2016/08/01,尼崎市公営企業局上下水道部経営企画課,兵庫県尼崎市東七松町2-4-16（上下水道庁舎3階）,,【平日】8：45～17：30 ただし、土日・祝日・年末年始（12/29から1/3）はお休みです 【土日・祝日】9：00〜17：00 ただし、年末年始（12/29～1/2)はお休みです,こちら からご確認ください,https://amasui.org/sewercustomer/2000451/2000911/2000456/2000457/2000458.html,34.733595,135.411631
兵庫県,尼崎市(B001),http://www.gk-p.jp/wp-content/uploads/mhc/28-202-B-01.jpg,第11弾,2019/12/14,あまがさき観光案内所（阪神尼崎駅前）,兵庫県尼崎市神田中通1-4　中央公園内,,9：00〜17：00 ただし、年末年始（12月29日から1月2日 ）はお休みです,こちら からご確認ください,https://amasui.org/customer/gesuido/2000911/2000456/2000759/2000758.html,34.719407,135.417323
兵庫県,明石市,http://www.gk-p.jp/wp-content/uploads/mhc/28-203-A-01.jpg,第07弾,2018/04/28,明石市立天文科学館,兵庫県明石市人丸町2-6,,9：30～16：30 ただし、毎週月曜日、第2火曜日（祝日の場合はその翌日）はお休みです ※年末年始の開館日については、左記施設HP「開館日・休館日カレンダー」をご確認ください,こちら からご確認ください,https://www.city.akashi.lg.jp/gesuidou/g_seibi_ka/manhoru.html,34.649395,135.001478
兵庫県,西宮市,http://www.gk-p.jp/wp-content/uploads/mhc/28-204-A-01.jpg,第06弾,2017/12/09,クリエートにしのみや（ららぽーと甲子園2F）,兵庫県西宮市甲子園八番町1-100,（問い合わせ先）西宮市上下水道局下水道部 下水計画課電話：0798-32-2264,10：00～18：00 ただし、火曜日、年末年始及びららぽーと甲子園が休みの日はお休みです,こちら からご確認ください,https://www.nishi.or.jp/kurashi/suido/jogesuidokyoku/pr_event/manholecard.html,34.717830,135.363559
兵庫県,洲本市,http://www.gk-p.jp/wp-content/uploads/mhc/28-205-A-01.jpg,第18弾,2023/01/28,洲本市役所都市整備部下水道課（庁舎3F）,洲本市役所都市整備部下水道課（庁舎3F）,,【平日】8：30～17：15 【土日】8：30～17：15,こちら からご確認ください,https://www.city.sumoto.lg.jp/soshiki/23/21242.html,34.342915,134.895236
兵庫県,芦屋市(A001),http://www.gk-p.jp/wp-content/uploads/mhc/28-206-A-01.jpg,第08弾,2018/08/11,芦屋市上下水道部 下水道課,兵庫県芦屋市精道町7-6,,9：00～17：30 年末年始（12/29～1/3）については守衛室にてお配りします。,こちら からご確認ください,http://www.city.ashiya.lg.jp/gesuidou/mhc.html,34.726522,135.304179
兵庫県,芦屋市(B001),http://www.gk-p.jp/wp-content/uploads/mhc/28-206-B-01.jpg,第12弾,2020/04/25,芦屋市立美術博物館,兵庫県芦屋市伊勢町12-25,,10:00～17:00（入館は16:30まで） ただし、月曜日（祝日の場合は開館，翌火曜日休館）、展示替え期間、年末年始 はお休みです,こちら からご確認ください,http://www.city.ashiya.lg.jp/gesuidou/mhc.html,34.721868,135.310515
兵庫県,伊丹市(A001),http://www.gk-p.jp/wp-content/uploads/mhc/28-207-A-01.jpg,第05弾,2017/08/01,スワンホール,兵庫県伊丹市昆陽池2丁目1,,9：00～21：30 ただし、毎月第1月曜日・第3月曜日（祝日の場合、開館。翌日休館。）、12月29日～1月3日はお休みです,こちら からご確認ください,http://www.water.itami.hyogo.jp/okyakusamahe/manholecard/manholecard.html,34.785754,135.396860
兵庫県,伊丹市(B001),http://www.gk-p.jp/wp-content/uploads/mhc/28-207-B-01.jpg,第14弾,2021/04/25,伊丹市上下水道局　水道サービスステーション,兵庫県伊丹市昆陽1丁目1番地2,,【平日】9：00～17：30　ただし、12月29日～1月3日はお休みです 【土日・祝日】10：00～17：00　ただし、12月30日～1月2日はお休みです,こちら からご確認ください,https://www.water.itami.hyogo.jp/tetsuzuki/manholecard/manholecard.html,34.783705,135.399613
兵庫県,伊丹市(C001),http://www.gk-p.jp/wp-content/uploads/mhc/28-207-C01.jpg,第17弾,2022/08/06,伊丹市立観光物産ギャラリー,兵庫県伊丹市東有岡1-6-2（JR伊丹駅構内）,,10:00～17:00 ただし、年末年始（12月30日～1月2日）はお休みです,こちら からご確認ください,https://www.water.itami.hyogo.jp/tetsuzuki/manholecard/manholecard.html,34.780723,135.421964
兵庫県,伊丹市(D001),http://www.gk-p.jp/wp-content/uploads/mhc/28-207-D-01.jpg,第18弾,2023/01/28,旧岡田家住宅・酒蔵,伊丹市宮ノ前2丁目5-20（市立伊丹ミュージアム）,,10:00～18:00（入館は17:30まで） ただし、毎週月曜日（祝日の場合は翌平日）、年末年始（12月29日～翌年1月3日）はお休みです。,こちら からご確認ください,https://www.water.itami.hyogo.jp/tetsuzuki/manholecard/manholecard.html,34.782556,135.417353
兵庫県,加古川市,http://www.gk-p.jp/wp-content/uploads/mhc/28-210-A-01.jpg,第10弾,2019/08/07,加古川観光案内所,加古川市加古川町篠原町503-2（ＪＲ加古川駅構内）,,9：30～18：00 ただし、12月29日～1月3日はお休みです,こちら からご確認ください,https://suidou-kakogawa.jp/learn/pr/media/,34.767402,134.839675
兵庫県,西脇市(A001),http://www.gk-p.jp/wp-content/uploads/mhc/28-213-A-01.jpg,第06弾,2017/12/09,西脇市役所建設水道部施設管理課,兵庫県西脇市下戸田128番地の1,,【平日】9：00～17：00 【休日】10：00～17：00 ただし、年末年始（12/29～1/3）はお休みです,0795-22-3111または0795-23-2772までお問い合わせください,,34.993354,134.969326
兵庫県,西脇市(B001),http://www.gk-p.jp/wp-content/uploads/mhc/28-213-B-01.jpg,第25弾,2025/04/25,西脇市日本のへそ日時計の丘公園オートキャンプ場,兵庫県西脇市黒田庄町門柳871-14,,9：00～17：00 年末年始（12月29日～1月3日）はお休みです,こちら からご確認ください,https://www.city.nishiwaki.lg.jp/kurashi/jyogesuido/topics/1511776919480.html,35.028283,135.016450
兵庫県,宝塚市,http://www.gk-p.jp/wp-content/uploads/mhc/28-214-A-01.jpg,第10弾,2019/08/07,宝塚市立文化芸術センター １階受付,宝塚市立文化芸術センター １階受付,,11:00～17:00 ただし、月曜日（月曜日が祝日の場合は翌平日）、年末年始、その他設備点検などにより臨時休館する場合があります,0797-77-2023までお問い合わせください,,34.807583,135.348465
兵庫県,三木市(A001),http://www.gk-p.jp/wp-content/uploads/mhc/28-215-A-01.jpg,第10弾,2019/08/07,三木市上下水道部庁舎,三木市福井字鷹尾1950-1,,【平日】8:30～17:00 【土日・休日】9：00〜12:00、13:00～17：00 ただし、年末年始(12/29～1/4)はお休みです,0794-82-2010までお問合せください,,34.794170,134.989398
兵庫県,三木市(B001),http://www.gk-p.jp/wp-content/uploads/mhc/28-215-B-01.jpg,第19弾,2023/04/28,道の駅よかわ（山田錦の館）,兵庫県三木市吉川町吉安２２２,,①9：30～17：00 ただし、月曜日（月曜日が祝日の場合は翌火曜日が定休）及び年末年始はお休みです ②8：30～17：00 山田錦の館の休館日の平日に配布します。 ただし、年末年始（12/29～1/3）はお休みです,こちら からご確認ください,https://www.city.miki.lg.jp/soshiki/46/8300.html,34.884788,135.121784
兵庫県,三木市(C001),http://www.gk-p.jp/wp-content/uploads/mhc/28-215-C-01.jpg,第22弾,2024/04/26,あじさいフローラみき,兵庫県三木市福井字三木山,,10:00～15:00 ただし、火曜日（祝日の場合は翌平日が定休日）と年末年始はお休みです。 ※上記以外にも休業日があります。営業日の詳細は、 あじさいフローラみき公式インスタグラム で事前にご確認ください,こちら からご確認ください,https://www.city.miki.lg.jp/soshiki/46/8300.html,34.783508,134.977880
兵庫県,高砂市,http://www.gk-p.jp/wp-content/uploads/mhc/28-216-A-01.jpg,第09弾,2018/12/14,工楽松右衛門旧宅,兵庫県高砂市高砂町今津町532,,10：00～17：00 施設見学をされた方に配布します 【休館日】毎週火曜日（※祝日の場合はその翌日）、年末年始（12/29～1/3）,こちら からご確認ください,http://www.city.takasago.lg.jp/,34.745448,134.802979
兵庫県,川西市(A001),http://www.gk-p.jp/wp-content/uploads/mhc/28-217-A-01.jpg,第11弾,2019/12/14,アステ市民プラザ,兵庫県川西市栄町25番1-601号　アステ川西6階,,9：00～17：00（年末年始を除く）,こちら からご確認ください ※現在、配布を一時中止しています,https://www.city.kawanishi.hyogo.jp/water-toppage/about/1016931/1017158/1016952.html,34.826643,135.413243
兵庫県,川西市(B001),http://www.gk-p.jp/wp-content/uploads/mhc/28-217-B-01.jpg,第13弾,2020/12/17,川西公民館（キセラ川西プラザ 福祉棟3階）,兵庫県川西市火打1丁目12番16号,,【平日】9：00～17：30（年末年始を除く） 【休日】9：00～17：30（年末年始を除く）,こちら からご確認ください ※現在、配布を一時中止しています,https://www.city.kawanishi.hyogo.jp/water-toppage/about/1016931/1017158/1016952.html,34.834094,135.418959
兵庫県,川西市(C001),http://www.gk-p.jp/wp-content/uploads/mhc/28-217-C001.jpg,第15弾,2021/08/17,川西市役所　上下水道局経営企画課　3階13番,川西市役所　上下水道局経営企画課　3階13番,,【平日】9：00～17：00（年末年始を除く） 【休日】9：00～17：00（年末年始を除く）,こちら からご確認ください。 ※現在、配布を一時中止しています,https://www.city.kawanishi.hyogo.jp/water-toppage/about/1016931/1017158/1016952.html,34.830132,135.417222
兵庫県,加西市(A001),http://www.gk-p.jp/wp-content/uploads/mhc/28-220-A-01.jpg,第07弾,2018/04/28,加西市生活環境部 上下水道課,兵庫県加西市北条町横尾1000,,【平日】9：00～17：00 【休日】10：00～21：00 ただし、年末年始（12/28～1/4）はお休みです,0790-42-8760または0790-43-0160までお問い合わせください,,34.927811,134.841819
兵庫県,加西市(B001),http://www.gk-p.jp/wp-content/uploads/mhc/28-220-B-01.jpg,第25弾,2025/04/25,北条町駅,兵庫県加西市北条町北条駅前町28-2,,9：00～17：00,こちら からご確認ください,https://www.city.kasai.hyogo.jp/site/jougesuido/list200-464.html,34.929436,134.832300
兵庫県,丹波篠山市,http://www.gk-p.jp/wp-content/uploads/mhc/28-221-A-02.jpg,第05弾,2017/08/01,丹波篠山市役所 上下水道部 経営企画課,兵庫県丹波篠山市北新町41（本庁舎）,,【平日】8:30～17:15 ただし、年末年始はお休みです 【土日祝日】9:00～16:30 ただし、年末年始（12/25～1/1）はお休みです。 ※臨時休館等の場合がありますので、事前にご確認ください。,こちら からご確認ください,https://www.city.tambasasayama.lg.jp/soshikikarasagasu/jogesuidoubu/keieikikakuka/2653.html,35.075693,135.219172
兵庫県,丹波市,http://www.gk-p.jp/wp-content/uploads/mhc/28-223-A-01.jpg,第11弾,2019/12/14,丹波市観光協会　かいばら観光案内所,兵庫県丹波市柏原町柏原3625,,10：00〜16：00 ただし、火曜日（祝日の場合は、祝日明けの平日が定休日）と12/29～1/3はお休みです,こちら からご確認ください,https://www.city.tamba.lg.jp/kurashi/jogesuido/gesuido/4883.html,35.129889,135.079382
兵庫県,加東市(A001),http://www.gk-p.jp/wp-content/uploads/mhc/28-228-A-01.jpg,第12弾,2020/04/25,加東市観光協会,加東市河高4028,,【加東市観光協会】8:30〜17:15 【加東市商工観光課】8:30〜17:15,こちら からご確認ください,https://www.city.kato.lg.jp/kakukanogoannai/sangyoushinkoubu/shokokankoka/news/,34.924034,134.935488
兵庫県,加東市(B001),http://www.gk-p.jp/wp-content/uploads/mhc/28-228-B-01.jpg,第20弾,2023/07/28,加東市観光協会,兵庫県加東市河高４０２８,,【月・火・木・金・土・日】8：30～17：00 ただし、年末年始はお休みです 【水曜日】８：30～17：15 ただし、祝日および年末年始はお休みです,こちら からご確認ください,https://www.city.kato.lg.jp/kakukanogoannai/sangyoushinkoubu/shokokankoka/news/14157.html,34.942358,134.945801
兵庫県,たつの市(A001),http://www.gk-p.jp/wp-content/uploads/mhc/28-229-A-01.jpg,第09弾,2018/12/14,たつの観光案内所,兵庫県たつの市龍野町中村301-2（JR姫新線本龍野駅内,,9：00～16：45 ただし、年末年始（12/29～1/3）はお休みです,こちら からご確認ください,https://www.city.tatsuno.lg.jp/kurashi-tetsuzuki/suido/4/2/4695.html,34.861909,134.555526
兵庫県,たつの市(B001),http://www.gk-p.jp/wp-content/uploads/mhc/28-229-B-01.jpg,第25弾,2025/04/25,醬油の郷　大正ロマン館,兵庫県たつの市龍野町上霞城126,,①10:00～17:00 ただし、月曜日(月曜日が祝日となった場合は翌日)、年末年始(12/29～1/3)はお休みです ②8:30～17：15　※平日のみ ただし、土日・祝日及び年末年始(12/29～1/3)はお休みです,こちら からご確認ください,https://www.city.tatsuno.lg.jp/kurashi-tetsuzuki/suido/4/2/4695.html,34.867999,134.546313
兵庫県,猪名川町,http://www.gk-p.jp/wp-content/uploads/mhc/28-301-A-01.jpg,第10弾,2019/08/07,道の駅いながわ,猪名川町万善字竹添70-1,,【水曜日以外】9:00～17:00 【水曜日】9:00～17:00 ただし、年末年始はお休みです。,072-766-8716までお問い合わせください,,34.919165,135.351975
兵庫県,稲美町,http://www.gk-p.jp/wp-content/uploads/mhc/28-381-A-01,第26弾,2025/11/01,稲美町役場地域整備部水道課,兵庫県加古郡稲美町国岡1-1,,8：30～17：15（平日のみ）,こちら からご確認ください,https://www.town.hyogo-inami.lg.jp/0000007341.html,34.748707,134.913330
兵庫県,播磨町,http://www.gk-p.jp/wp-content/uploads/mhc/28-382-A-01.jpg,第10弾,2019/08/07,播磨町郷土資料館,兵庫県加古郡播磨町大中１丁目１番２号,,【4月-9月】9:30～18:00 【10月-3月】9:30～17:00 ただし、月曜日（祝日の場合はその翌平日）、年末年始（12月29日〜1月3日）はお休みです。※左記施設HP「開館日カレンダー」をご確認ください,こちら からご確認ください,http://www.town.harima.lg.jp/kurashi/suido/gesuido/index.html,34.726982,134.876307
兵庫県,市川町,http://www.gk-p.jp/wp-content/uploads/mhc/28-442-A-01.jpg,第09弾,2018/12/14,市川町役場　下水道課,市川町役場　1階受付,,9：00～17：00,こちら からご確認ください,https://www.town.ichikawa.lg.jp/info/800,34.989365,134.763289
兵庫県,福崎町,http://www.gk-p.jp/wp-content/uploads/mhc/28-443-A-01.jpg,第10弾,2019/08/07,福崎町役場上下水道課,兵庫県神崎郡福崎町南田原3116番地の1,,8:30～17:15 ただし、土日祝日、年末年始は役場日直が対応します,こちら からご確認ください,http://www.town.fukusaki.hyogo.jp/0000002753.html,34.950100,134.760082
兵庫県,神河町,http://www.gk-p.jp/wp-content/uploads/mhc/28-446-A-01.jpg,第20弾,2023/07/28,村営ふれあいマーケット長谷店,兵庫県神崎郡神河町長谷1058番地,,10:00～17:00 ただし、年末年始（12月29日～1月3日）はお休みです,こちら からご確認ください,https://www.town.kamikawa.hyogo.jp/0000002459.html,35.117322,134.744413
兵庫県,太子町,http://www.gk-p.jp/wp-content/uploads/mhc/28-464-A-01.jpg,第23弾,2024/07/26,太子町役場産業経済課,兵庫県揖保郡太子町鵤280-1,,【平日】8：30～17：15 【休日】9:00～16：00,こちら からご確認ください ※現在、配布を一時中止しています,https://www.town.hyogo-taishi.lg.jp/soshikikarasagasu/keizai/kanko/6569.html,34.833145,134.572334
兵庫県,上郡町,http://www.gk-p.jp/wp-content/uploads/mhc/28-481-A-02.jpg,第09弾,2018/12/14,上郡町観光案内所,兵庫県赤穂郡上郡町駅前222,,①9:30〜16:30 ただし、毎週月曜日（祝日の場合は翌火曜日）及び年末年始はお休みです また、臨時休館についてはHP等をご確認ください ②上郡町観光案内所の休館日に配布します。 ※年末年始は、事前にお電話にてご連絡ください,0791-52-1119までお問い合わせください,,34.866030,134.354658
奈良県,奈良市,http://www.gk-p.jp/wp-content/uploads/mhc/29-201-A-01.jpg,第06弾,2017/12/09,奈良町南観光案内所,奈良市井上町１１番地,,9:00～17:00（年中無休）,こちら からご確認ください,https://h2o.nara.nara.jp/info_924.html,34.682152,135.825807
奈良県,大和郡山市,http://www.gk-p.jp/wp-content/uploads/mhc/29-203-A-01.jpg,第02弾,2016/08/01,大和郡山市上下水道部 下水道推進課,奈良県大和郡山市植槻町6-10（上下水道部庁舎2階）,【休日】一般社団法人 大和郡山市観光協会奈良県大和郡山市高田町92-16（市民交流館1階）（問い合わせ先）大和郡山市上下水道部 下水道推進課電話：0743-58-5600,【平日】9：00～17：00 【休日】9：00～17：00 ただし、年末年始（12/28～1/3）はお休みです,こちら からご確認ください,https://www.city.yamatokoriyama.lg.jp/kurashi_tetsuzuki/seikatu/jogesuido/gesuido/5776.html,34.654373,135.781380
奈良県,天理市,http://www.gk-p.jp/wp-content/uploads/mhc/29-204-A-01.jpg,第04弾,2017/04/03,天理市立黒塚古墳展示館,天理市柳本町1118番地2,,9：00～17：00 ただし、月曜日、祝日（月曜日が祝日の場合は翌日も休館）、年末年始（12月28日～翌年1月4日） ゴールデンウィークは祝日も臨時開館します,こちら からご確認ください,https://www.city.tenri.nara.jp/kakuka/kensetsubu/gesuidouka/14795.html,34.560144,135.843996
奈良県,橿原市(A001),http://www.gk-p.jp/wp-content/uploads/mhc/29-205-A-01.jpg,第08弾,2018/08/11,今井まちなみ交流センター「華甍」,奈良県橿原市今井町2-3-5,,9：00～16：30 ただし、年末年始（12/29～1/3）はお休みです,こちら からご確認ください,https://www.city.kashihara.nara.jp/soshiki/1056/gyomu/1/1/1/243.html,34.505151,135.789265
奈良県,橿原市(B001),http://www.gk-p.jp/wp-content/uploads/mhc/29-205-B-01.jpg,第23弾,2024/07/26,橿原市藤原京資料室,奈良県橿原市縄手町178-1,,9:00～16:30 ただし、毎週月曜日(月曜日が祝日の場合は、その翌平日)、年末年始（12/25～1/5）はお休みです,こちら からご確認ください,https://www.city.kashihara.nara.jp/soshiki/1006/gyomu/citysales/16403.html,34.484245,135.795607
奈良県,橿原市(C001),http://www.gk-p.jp/wp-content/uploads/mhc/29-205-C-01.jpg,第28弾,2026/04/24,橿原市観光交流センター「かしはらナビプラザ」1階,橿原市観光交流センター「かしはらナビプラザ」1階,,9:00～17:00（12/31～1/3を除く）,こちら からご確認ください,https://www.city.kashihara.nara.jp/soshiki/1006/gyomu/citysales/16403.html,34.512766,135.793121
奈良県,生駒市,http://www.gk-p.jp/wp-content/uploads/mhc/29-209-A-01.jpg,第08弾,2018/08/11,観光案内所（IKOBA）,奈良県生駒市北新町10-36,,9:00～18:00 定休日・臨時休業等については こちら をご確認ください。,こちら からご確認ください,https://www.city.ikoma.lg.jp/0000039835.html,34.692012,135.700554
奈良県,三郷町,http://www.gk-p.jp/wp-content/uploads/mhc/29-343-A-01.jpg,第12弾,2020/04/25,日本遺産龍田古道ビジターセンター インフォメーションカウンター,奈良県生駒郡三郷町立野南3-11-35,,9:30～16:30 休館日は月曜日（月曜が祝日の場合は翌日火曜日）です 【休館日は下記の時間で配布】 8:30～17:15 ※年末年始の配布は行いません,こちら からご確認ください,https://www.town.sango.nara.jp/soshiki/20/2478.html,34.585510,135.681213
奈良県,斑鳩町,http://www.gk-p.jp/wp-content/uploads/mhc/29-344-A-01.jpg,第03弾,2016/12/01,法隆寺iセンター,奈良県生駒郡斑鳩町法隆寺1-8-25,,8：30～18：00（年中無休）,0745-74-6800までお問い合わせください,,34.609590,135.735379
奈良県,田原本町,http://www.gk-p.jp/wp-content/uploads/mhc/29-363-A-01.jpg,第07弾,2018/04/28,道の駅レスティ唐古・鍵,奈良県磯城郡田原本町大字唐古70-1,,9：00～18：00（年中無休）,こちら からご確認ください,http://www.town.tawaramoto.nara.jp/kurashi/seikatsu/gesui/7689.html,34.571422,135.797246
奈良県,吉野町,http://www.gk-p.jp/wp-content/uploads/mhc/29-441-A-01.jpg,第12弾,2020/04/25,吉野町観光案内所（近鉄吉野駅前）,奈良県吉野郡吉野町吉野山41-3,,9：00～16：00 ただし、年末年始はお休みです,こちら からご確認ください,https://www.town.yoshino.nara.jp/promotion/kankojoho/1679.html,34.396048,135.857610
和歌山県,和歌山市,http://www.gk-p.jp/wp-content/uploads/mhc/30-201-A-01.jpg,第02弾,2016/08/01,わかやま歴史館,和歌山県和歌山市1-3（和歌山城）,,9：00～17：00 ただし、年末年始（12/29～12/31）はお休みです,こちら からご確認ください,http://www.city.wakayama.wakayama.jp/suido/1033947/1034215/1034046.html ,34.229266,135.170210
和歌山県,橋本市,http://www.gk-p.jp/wp-content/uploads/mhc/30-203-A-01.jpg,第06弾,2017/12/09,はしもと広域観光案内所,和歌山県橋本市古佐田1-5-9,,9：00～17：00 ただし、毎週水曜日（祝日の場合はその翌日）、年末年始（6日間）はお休みです,こちら からご確認ください ※現在、配布を一時中止しています,https://www.city.hashimoto.lg.jp/guide/jougesuidoubu/gesuido/koukyougesuidou/12288.html,34.317608,135.614584
和歌山県,御坊市,http://www.gk-p.jp/wp-content/uploads/mhc/30-205-A-01.jpg,第10弾,2019/08/07,御坊市役所1階 みやこ姫ロビー,御坊市役所1階 みやこ姫ロビー,,【平日】8：30～17：15 【休日】8：30～17：15,こちら からご確認ください,https://www.city.gobo.lg.jp/kurasi/suido/gesuidou/koukyou/8300.html,33.866313,135.159810
和歌山県,岩出市(A001),http://www.gk-p.jp/wp-content/uploads/mhc/30-209-A-01.jpg,第28弾,2026/04/24,岩出市観光案内所,和歌山県岩出市清水386番地の11,,9:00～17:00 ただし、毎週木曜日（祝日の場合はその翌日）・年末年始（12/29～1/3）はお休みです,こちら からご確認ください,https://www.city.iwade.lg.jp/soshiki/17/8862.html,34.255811,135.319012
和歌山県,有田川町,http://www.gk-p.jp/wp-content/uploads/mhc/30-366-A-01.jpg,第02弾,2016/08/01,有田川町観光案内所,和歌山県有田郡有田川町明王寺37-1,,8：00～17：00 ただし、年末年始はお休みです,（問い合わせ先） 有田川町建設環境部上下水道課 電話：0737-52-5356,,34.068592,135.211108
鳥取県,鳥取市,http://www.gk-p.jp/wp-content/uploads/mhc/31-201-A-01.jpg,第06弾,2017/12/09,まちパル鳥取,鳥取県鳥取市末広温泉町160,,9：00～19：00 (1/2・1/3は、10：00～15：00) ただし年末年始（12/31・1/1）はお休みです,こちら からご確認ください,https://www.torican.jp/news/detail_189.html,35.496072,134.228692
鳥取県,米子市,http://www.gk-p.jp/wp-content/uploads/mhc/31-202-A-01.jpg,第04弾,2017/04/03,米子市観光センター,鳥取県米子市皆生温泉3-1-1,,9：00～18：00（年中無休）,こちら からご確認ください 【英語版】は こちら をご確認ください。,http://www.city.yonago.lg.jp/24306.htm,35.456303,133.361803
鳥取県,倉吉市(A001),http://www.gk-p.jp/wp-content/uploads/mhc/31-203-A-01.jpg,第13弾,2020/12/17,赤瓦一号館,鳥取県倉吉市新町１丁目2441,,9：00～17：00 ただし、１月１日はお休みです,こちら からご確認ください,https://www.kurayoshi-kankou.jp/manhole/,35.432550,133.824167
鳥取県,倉吉市(B001),http://www.gk-p.jp/wp-content/uploads/mhc/31-203-B-01.jpg,第14弾,2021/04/25,円形劇場くらよしフィギュアミュージアム,鳥取県 倉吉市鍛冶町1丁目2971番地2,,9:00～17:00（年末年始は短時間営業の場合あり） ※7～9月は9:00～18：00,こちら からご確認ください,https://enkei-museum.com/news/news-detail.php?id=8,35.429264,133.815259
鳥取県,岩美町,http://www.gk-p.jp/wp-content/uploads/mhc/31-302-A-01.jpg,第04弾,2017/04/03,道の駅 きなんせ岩美,鳥取県岩美郡岩美町新井337-4,,9：00～19：00（年中無休）,こちら からご確認ください ※現在、配布を一時中止しています,http://www.iwami.gr.jp/item/8275.htm#itemid8275,35.567305,134.326342
鳥取県,三朝町,http://www.gk-p.jp/wp-content/uploads/mhc/31-364-A-01.jpg,第27弾,2025/12/19,三朝温泉観光商工センター,鳥取県東伯郡三朝町三朝973-1,,8:30～17:30,こちら からご確認ください ※現在、配布を一時中止しています,https://www.town.misasa.tottori.jp/315/319/329/35761.html,35.410293,133.892782
鳥取県,琴浦町,http://www.gk-p.jp/wp-content/uploads/mhc/31-371-A-01.jpg,第07弾,2018/04/28,道の駅 琴の浦 琴浦町観光協会,鳥取県東伯郡琴浦町別所1030-1,,9：00～17：15 ただし、年末年始（12/30～1/3）はお休みです,0858-55-7807までお問い合わせください,,35.502069,133.658015
鳥取県,北栄町,http://www.gk-p.jp/wp-content/uploads/mhc/31-372-A-01.jpg,第02弾,2016/08/01,北栄町役場地域整備課,鳥取県東伯郡北栄町由良宿423-1　大栄庁舎２階,,【平日】8：30～17：15 ただし、土日祝日、年末年始（12/29～1/3）はお休みです,訪問の際は必ず在庫状況をご確認ください ※現在、配布しておりません,,35.490376,133.754622
鳥取県,江府町,http://www.gk-p.jp/wp-content/uploads/mhc/31-403-A-01.jpg,第03弾,2016/12/01,江府町役場産業建設課,鳥取県日野郡江府町大字江尾1717番地1,,8：30～17：15 ただし、土日祝日、年末年始（12/29～1/3）はお休みです,0859-75-3306までお問い合わせください ※現在、配布を中止しています,,35.282976,133.486932
島根県,島根県(流域下水道),http://www.gk-p.jp/wp-content/uploads/mhc/32-000-A-01.jpg,第13弾,2020/12/17,出雲観光案内所,島根県出雲市駅北町11,,9：00～13：00、14：00～17：00,こちら からご確認ください,https://www.pref.shimane.lg.jp/infra/jyoge/gesui/yakuwari/mhcard/ryuuiki_mhcard.html,35.360669,132.756435
島根県,松江市,http://www.gk-p.jp/wp-content/uploads/mhc/32-201-A-01.jpg,第20弾,2023/07/28,松江堀川ふれあい広場　乗船場,島根県松江市黒田町507-1,,【3月1日～9月30日】9:00～17:00、【10月1日～2月末日】9:00～16:00 ※ただし、荒天等により遊覧船が運休の場合は配布を中止します。,こちら からご確認ください,https://www.water.matsue.shimane.jp/jogesuido/designmanhole/manhole-card.html,35.479254,133.046146
島根県,浜田市(A001),http://www.gk-p.jp/wp-content/uploads/mhc/32-202-A-01.jpg,第08弾,2018/08/11,一般社団法人浜田市観光協会,島根県浜田市浅井町777-35（JR浜田駅2階）,,9:00～17:45 (12/30～31)　9:00～17:00 (1/1)　12:00～17:00,こちら からご確認ください,https://www.city.hamada.shimane.jp/www/contents/1552525586705/index.html,34.899305,132.078911
島根県,浜田市(B001),http://www.gk-p.jp/wp-content/uploads/mhc/32-202-B-01.jpg,第19弾,2023/04/28,旭温泉　あさひ荘,島根県浜田市旭町木田954-3,,9：00～20：00 ただし、火曜日はお休みです,こちら からご確認ください,https://www.city.hamada.shimane.jp/www/contents/1552525586705/index.html,34.885637,132.264453
島根県,出雲市,http://www.gk-p.jp/wp-content/uploads/mhc/32-203-A-01.jpg,第11弾,2019/12/14,日御碕ビジターセンター,島根県出雲市大社町日御碕1089-37,,9:00～17:00 年中無休,こちら からご確認ください,https://www.city.izumo.shimane.jp/www/contents/1573627852174/index.html,35.432635,132.629760
島根県,益田市,http://www.gk-p.jp/wp-content/uploads/mhc/32-204-A-01.jpg,第10弾,2019/08/07,一般社団法人益田市観光協会,島根県益田市駅前町17-2,,9:00～17:30 ただし、年末年始（12/29～1/3）はお休みです,こちら からご確認ください,https://masudashi.com/,34.677633,131.839588
島根県,大田市,http://www.gk-p.jp/wp-content/uploads/mhc/32-205-A-01.jpg,第10弾,2019/08/07,大田市観光協会,島根県大田市仁摩町大国42-1（道の駅「ごいせ仁摩」内　観光案内所）,,9：00～17：00 ただし年末年始（12/30-1/3）はお休みです,こちら からご確認ください,https://www.city.oda.lg.jp/ohda_city/city_organization/21/53/sonota/2208,35.145900,132.412656
島根県,安来市,http://www.gk-p.jp/wp-content/uploads/mhc/32-206-A-01.jpg,第04弾,2017/04/03,安来市観光協会,島根県安来市安来町2093-3（観光交流プラザ内）,,8：30～18：00 ただし、年末年始（12/31～1/1）はお休みです,0854-23-7667までお問い合わせください,,35.428229,133.259351
島根県,江津市,http://www.gk-p.jp/wp-content/uploads/mhc/32-207-A-01.jpg,第12弾,2020/04/25,江津市観光協会,島根県江津市江津町1518-1,,9：00～17：00 ただし、毎週火曜日と年末年始(12/29～1/3)はお休みです,こちら からご確認ください,https://gotsu-kanko.jp/52/news/topics/2892,35.013558,132.223447
島根県,雲南市,http://www.gk-p.jp/wp-content/uploads/mhc/32-209-A-01.jpg,第12弾,2020/04/25,うんなん観光案内所,雲南市三刀屋町三刀屋73番地3（コトリエット内）,,【平日】8:30～18:00 【土曜日、日曜日および祝日】10:00～15:00,こちら からご確認ください,https://www.city.unnan.shimane.jp//unnan/kurashi/2026-0331-1327-70.html,35.300371,132.889204
島根県,津和野町,http://www.gk-p.jp/wp-content/uploads/mhc/32-501-A-01.jpg,第10弾,2019/08/07,津和野町観光協会,島根県鹿足郡津和野町後田イ71-2,,9:00～17:00,こちら からご確認ください,http://tsuwano-kanko.net/,34.472426,131.774149
島根県,吉賀町,http://www.gk-p.jp/wp-content/uploads/mhc/32-505-A-01.jpg,第11弾,2019/12/14,道の駅むいかいち温泉ゆらら,島根県鹿足郡吉賀町有飯225-2,,8：30～18：00 ただし、水曜日はお休みです,0856-79-2212までお問い合わせください,,34.352917,131.943956
島根県,西ノ島町,http://www.gk-p.jp/wp-content/uploads/mhc/32-526-A-01.jpg,第25弾,2025/04/25,西ノ島町役場　環境整備課,島根県隠岐郡西ノ島町大字美田600番地4,,【平日】8：30～17：00 【土日祝日】9：00～16：00,08514-6-1748までお問い合わせください,,36.091796,133.013426
岡山県,岡山市,http://www.gk-p.jp/wp-content/uploads/mhc/33-100-A-01.jpg,第01弾,2016/04/01,岡山市ももたろう観光センター,岡山県岡山市北区駅元町1-1　岡山駅構内,,9：00～20：00（年中無休）,086-222-2912までお問い合わせください,,34.666001,133.917571
岡山県,倉敷市（A001）,http://www.gk-p.jp/wp-content/uploads/mhc/33-202-A-01.jpg,第01弾,2016/04/01,倉敷駅前観光案内所,岡山県倉敷市阿知1-7-2　西ビル2階,,9：00～18：00 ただし、12月29日～1月1日はお休みです,086-424-1220までお問い合わせください,,34.597257,133.770103
岡山県,倉敷市（B001）,http://www.gk-p.jp/wp-content/uploads/mhc/33-202-B-01.jpg,第02弾,2016/08/01,児島商工会議所,岡山県倉敷市児島駅前1-107,,児島駅観光案内所 9:00～17:30（昼休み12:00～13:00） ただし、12月29日～1月3日はお休みです ※児島駅観光案内所の営業時間外は、児島商工会議所で配布します 児島商工会議所 【平日】8：30～17：00 ただし、土日、祝日、年末年始（12月29日〜1月3日)、イベント時はお休みです ※児島商工会議所の営業時間外（年末年始を除く土日・祝日9時～18時）は同所在地1階の児島産業振興センターにて配布,086-472-1289または086-472-4450までお問い合わせください,,34.462838,133.807831
岡山県,倉敷市（C001）,http://www.gk-p.jp/wp-content/uploads/mhc/33-202-C-01.jpg,第06弾,2017/12/09,旧柚木家住宅（西爽亭）,岡山県倉敷市玉島3丁目8-25,,9:00～17:00 休館日：毎週月曜日（月曜日が祝日にあたるときは開館し，その日後の最も近い祝日でない日を休館する）・12月28日～1月4日・その他 新倉敷駅観光案内所（旧柚木家住宅（西爽亭）の休館日） 9:00～17:30（昼休み12:00～13:00） ただし、12月29日～1月3日はお休みです。,086-522-0151または086-526-8446までお問い合わせください,,34.541465,133.671503
岡山県,倉敷市(D001),http://www.gk-p.jp/wp-content/uploads/mhc/33-202-D-01.jpg,第12弾,2020/04/25,水島臨海鉄道株式会社本店,岡山県倉敷市水島東千鳥町　10-1,,【月～金】10：30～13：00、14：00～ 19：00 ただし、土・日曜日・祝日と12月29日〜１月３日はお休みです 【土・日曜日、祝日】7：00～17：00 12月29日～1月3日と土・日曜日、祝日も配布します,086-446-0931にお問い合わせください,,34.529223,133.741276
岡山県,倉敷市(E001),http://www.gk-p.jp/wp-content/uploads/mhc/33-202-E01.jpg,第16弾,2022/01/15,ホテル　グラン・ココエ倉敷　３階フロント,岡山県倉敷市阿知3丁目９番1号,,6：00～14：00（年中無休）,086-436-7300にお問い合わせください,,34.600909,133.765668
岡山県,津山市,http://www.gk-p.jp/wp-content/uploads/mhc/33-203-A-01.jpg,第11弾,2019/12/14,津山観光センター（津山市観光協会）,津山市山下97-1,,【4～9月】9:00～18:00 【1/2、1/3】10:00～16:00 【10～翌年3月】9:00～17:00 ただし、12/29～1/1はお休みです,0868-22-3310までお問い合わせください ※現在、配布を一時中止しています,,35.060793,134.004923
岡山県,笠岡市,http://www.gk-p.jp/wp-content/uploads/mhc/33-205-A-01.jpg,第06弾,2017/12/09,笠岡市カブトガニ博物館,岡山県笠岡市横島1946-2,,9：00～16：30 ただし、毎週月曜日（祝日の場合はその翌日）、年末年始はお休みです 詳細は左記施設HPの「休館日」をご確認ください,こちら からご確認ください,http://www.city.kasaoka.okayama.jp/soshiki/34/11538.html,34.477397,133.521469
岡山県,井原市,http://www.gk-p.jp/wp-content/uploads/mhc/33-207-A-01.jpg,第23弾,2024/07/26,美星天文台,岡山県井原市美星町大倉1723番地70,,【火・水曜日】9：30～16：00 【金・土・日・月曜日】13：45～16：00、18：00～22：00 ※入館は21：30まで ただし、毎週木曜日、祝日の翌日、 年末年始（12月29日～1月3日）はお休みです,こちら からご確認ください,https://www.city.ibara.okayama.jp/soshiki/23/,34.671976,133.545385
岡山県,高梁市,http://www.gk-p.jp/wp-content/uploads/mhc/33-209-A-01.jpg,第19弾,2023/04/28,武家屋敷　旧折井家,岡山県高梁市石火矢町23-2,,【4月～9月】10:00～17:00 【10月～3月】10:00～16:00 ただし、年末年始（12月29日～1月3日）はお休みです,こちら からご確認ください,http://takahasikanko.or.jp/,34.799913,133.618352
岡山県,新見市,http://www.gk-p.jp/wp-content/uploads/mhc/33-210-A-01.jpg,第14弾,2021/04/25,一般社団法人　新見市観光協会,岡山県新見市西方472-10,,9：00～17：00 ただし、定休日（水曜日（祝日の場合には翌平日））及び年末年始はお休みです 【定休日】9：00～17：00（年末年始を含む）,こちら からご確認ください,https://www.city.niimi.okayama.jp/kurashi/kurashi_detail/index/15587.html,34.987665,133.456787
岡山県,瀬戸内市（A001）,http://www.gk-p.jp/wp-content/uploads/mhc/33-212-A-01.jpg,第05弾,2017/08/01,瀬戸内市立美術館,岡山県瀬戸内市牛窓町牛窓4911,（問い合わせ先）瀬戸内市上下水道部 下水道課電話：0869-22-5151,【開館日】9：00～17：00（入館は16：30まで） 【休館日】牛窓支所窓口8：30～17：15 ただし、年末年始はお休みです ※休館日は毎週月曜日（祝日が月曜日の場合はその翌日）、祝日の翌日、展示替時です。そのほか臨時休館日もございますので、事前にHPをご確認ください,こちら からご確認ください ※現在、配布を一時中止してします,https://www.city.setouchi.lg.jp/soshiki/35/1591.html,34.620631,134.146814
岡山県,瀬戸内市（B001）,http://www.gk-p.jp/wp-content/uploads/mhc/33-212-B-01.jpg,第08弾,2018/08/11,備前おさふね刀剣の里,岡山県瀬戸内市長船町長船966,,【開館日】9:00～16:30 【休館日】長船支所窓口8：30～17：15 ただし、年末年始はお休みです ※休館日は毎週月曜日（祝日が月曜日の場合はその翌日）、祝日の翌日、展示替時です。そのほか臨時休館日もございますので、事前にHPをご確認ください,こちら からご確認ください ※現在、配布を一時中止してします,https://www.city.setouchi.lg.jp/soshiki/35/1990.html,34.721641,134.106932
岡山県,真庭市,http://www.gk-p.jp/wp-content/uploads/mhc/33-214-A-01.jpg,第15弾,2021/08/17,GREENable　HIRUZEN（グリーナブル　ヒルゼン）,岡山県真庭市蒜山上福田1205番地220,,9：00～17：00 ただし、水曜日（祝日の場合には翌平日）はお休みです,こちら からご確認ください,http://www.city.maniwa.lg.jp/soshiki/147/55500.html,35.291289,133.636850
岡山県,美作市(A001),http://www.gk-p.jp/wp-content/uploads/mhc/33-215-A01.jpg,第17弾,2022/08/06,湯郷温泉旅館協同組合,岡山県美作市湯郷323-2,,9：00～18:00 年中無休,こちら からご確認ください,https://www.city.mimasaka.lg.jp/soshiki/toshiseibi/jogesuido/gesui/7116.html,34.993934,134.137408
岡山県,美作市(B001),http://www.gk-p.jp/wp-content/uploads/mhc/33-215-B-01.jpg,第24弾,2024/12/20,みまさかアリーナ,岡山県美作市中山1200,,8：30～17：00 ただし、毎週火曜日、祝日の翌日、年末年始はお休みです,こちら からご確認ください,https://www.city.mimasaka.lg.jp/soshiki/toshiseibi/jogesuido/gesui/7116.html,35.001857,134.133033
岡山県,浅口市(A001),http://www.gk-p.jp/wp-content/uploads/mhc/33-216-A-01.jpg,第29弾,2026/07/31,浅口市役所上下水道部下水道課（金光総合支所2階）,浅口市役所上下水道部下水道課（金光総合支所2階）,,9:00～16:00 ただし、年末年始（12/29～1/3）はお休みです,こちら からご確認ください,https://www.city.asakuchi.lg.jp/page/21160.html,34.543112,133.624929
岡山県,早島町,http://www.gk-p.jp/wp-content/uploads/mhc/33-423-A-01.jpg,第10弾,2019/08/07,早島町町民総合会館「ゆるびの舎」,岡山県都窪郡早島町前潟370-1番地,,8:30～17:00 ただし、毎週月曜日（月曜日が祝日の場合は次の平日）、年末年始（12/28～1/4）はお休みです,こちら からご確認ください,https://www.town.hayashima.lg.jp/soshiki/jogesuido/gyomu/jogesuido/gesuido/manhoru_card/960.html,34.601550,133.828128
岡山県,里庄町,http://www.gk-p.jp/wp-content/uploads/mhc/33-445-A-01.jpg,第18弾,2023/01/28,里庄つばきの丘運動公園 管理棟,岡山県浅口郡里庄町大字里見2392番地,,8:30～17:30 ただし、年末年始（12月29日～1月3日）はお休みです,こちら からご確認ください,http://www.town.satosho.okayama.jp/soshiki/6/9634.html,34.518490,133.563482
岡山県,矢掛町(A001),http://www.gk-p.jp/wp-content/uploads/mhc/33-461-A-01.jpg,第05弾,2017/08/01,やかげ町家交流館,岡山県小田郡矢掛町矢掛2639,,10：00～18：00 ただし、年末年始（12/30～1/2）はお休みです,0866-82-0173までお問い合わせください,,34.623856,133.589309
岡山県,矢掛町(B001),http://www.gk-p.jp/wp-content/uploads/mhc/33-461-B-01.jpg,第14弾,2021/04/25,矢掛ビジターセンター問屋（といや）,岡山県小田郡矢掛町矢掛1989,,9:00～17：00 ただし、年末年始（12月30日～1月2日）はお休みです,0866-82-0173までお問い合わせください,,34.624311,133.591814
岡山県,新庄村,http://www.gk-p.jp/wp-content/uploads/mhc/33-586-A-01.jpg,第08弾,2018/08/11,咲蔵家.（さくらや）,岡山県真庭郡新庄村1143-4,,9：00～17：00,0867-56-2628までお問い合わせください,,35.175673,133.569542
岡山県,鏡野町,http://www.gk-p.jp/wp-content/uploads/mhc/33-606-A-01.jpg,第10弾,2019/08/07,鏡野町物産館　夢広場,岡山県苫田郡鏡野町円宗寺233,,9:00～19:00 ただし、木曜日はお休みです,こちら からご確認ください,http://www.town.kagamino.lg.jp/?p=147593,35.094571,133.942598
岡山県,勝央町(A001),http://www.gk-p.jp/wp-content/uploads/mhc/33-622-A-01.jpg,第24弾,2024/12/20,勝央町役場総務部窓口,岡山県勝田郡勝央町勝間田201,,【平日】8：30～17：15 ただし、閉庁日、土日祝日はお休みです 【土日祝日】10：00～18：00 ただし、図書館の休館日はお休みです,こちら からご確認ください,https://www.town.shoo.lg.jp/soshiki/1/3590.html,35.041790,134.116171
岡山県,勝央町(B001),http://www.gk-p.jp/wp-content/uploads/mhc/33-622-B-01.jpg,第25弾,2025/04/25,おかやまファーマーズ・マーケット ノースヴィレッジ,岡山県勝田郡勝央町岡1100,,9：00～17：00 ただし、休園日（毎週水曜日）はお休みです（HPから要確認）,こちら からご確認ください,https://www.town.shoo.lg.jp/soshiki/1/3934.html,35.037393,134.133668
岡山県,奈義町,http://www.gk-p.jp/wp-content/uploads/mhc/33-623-A01.jpg,第16弾,2022/01/15,多世代交流広場ナギテラス,岡山県勝田郡奈義町豊沢314番地,,9:00～17:00 ただし、月曜日（祝日の場合は翌日）はお休みです,こちら からご確認ください,https://www.town.nagi.okayama.jp/gyousei/manhorukado.html,35.121911,134.176708
岡山県,久米南町,http://www.gk-p.jp/wp-content/uploads/mhc/33-663-A-01.jpg,第09弾,2018/12/14,道の駅くめなん,岡山県久米郡久米南町下ニケ1367-1,,10:00～16:00（土日祝日は10:00～17:00） ただし、毎週火曜日、年末年始（12/30～1/2）はお休みです。,こちら からご確認ください,https://www.town.kumenan.lg.jp/living/water-supply/gesuidou/gesui_manhorucard.html,34.912219,133.947143
岡山県,吉備中央町,http://www.gk-p.jp/wp-content/uploads/mhc/33-681-A-01.jpg,第13弾,2020/12/17,吉備中央町吉川支所（きびプラザ内）,岡山県加賀郡吉備中央町吉川4860-6,,【平日】8：30～17：15 【休日】8：30～17：15 ただし、第三日曜日、祝日、年末年始はお休みです,こちら からご確認ください,https://www.town.kibichuo.lg.jp/soshiki/6/7532.html,34.835100,133.760647
広島県,広島県（流域下水道）,http://www.gk-p.jp/wp-content/uploads/mhc/34-000-A-01.jpg,第02弾,2016/08/01,広島県芦田川流域下水道浄化センター,広島県芦田川流域下水道浄化センター,,【平日】9：00～17：00 【休日】13：00～16：00（要　電話予約） ※休日（土日、祝日、年末年始（12/29～1/3））に配布をご希望される方は、平日（9：00～17：00）に電話予約（084-954-2733）をお願いします,084-954-2733までお問い合わせください,,34.320586,132.815803
広島県,広島市(A001),http://www.gk-p.jp/wp-content/uploads/mhc/34-100-A-01.jpg,第01弾,2016/04/01,大州雨水貯留池,広島県広島市南区南蟹屋2-3,,大州雨水貯留池を見学された方に配布します 見学希望の方は、 こちら からお申し込みください,こちら からご確認ください,https://www.city.hiroshima.lg.jp/site/gesuido/2746.html,34.392096,132.486352
広島県,広島市(B001),http://www.gk-p.jp/wp-content/uploads/mhc/34-100-B-01.jpg,第18弾,2023/01/28,広島駅総合案内所,広島県広島市南区松原町2-37,,6：00～24：00（年中無休）,こちら からご確認ください,https://www.city.hiroshima.lg.jp/site/gesuido/304786.html,34.397357,132.475200
広島県,広島市(C001),http://www.gk-p.jp/wp-content/uploads/mhc/34-100-C-01.jpg,第19弾,2023/04/28,広島市平和記念公園レストハウス,広島県広島市中区中島町1番1号,,年中無休 8：30～17：00（12月1日～翌2月末日まで） 8：30～18：00（3月1日～11月30日） 8：30～19：00（8月、ただし8月5日は20：00まで） 7：30～20：00（8月6日）,こちら からご確認ください,https://www.city.hiroshima.lg.jp/site/gesuido/304786.html,34.393861,132.453236
広島県,広島市(D001),http://www.gk-p.jp/wp-content/uploads/mhc/34-100-D-01.jpg,第20弾,2023/07/28,広島港総合案内所,広島県広島市南区宇品海岸一丁目13-26 広島港宇品旅客ターミナル１階,,9：00～16：00（年中無休）,こちら からご確認ください,https://www.city.hiroshima.lg.jp/site/gesuido/304786.html,34.352491,132.455046
広島県,広島市(E001),http://www.gk-p.jp/wp-content/uploads/mhc/34-100-E-01.jpg,第22弾,2024/04/26,広島駅南口地下広場案内所,広島県広島市南区松原町9番地先（広島駅南口地下広場）,,9：00～19：00 ただし、1月1日はお休みです,こちら からご確認ください,https://www.city.hiroshima.lg.jp/site/gesuido/304786.html,34.396428,132.474708
広島県,広島市(F001),http://www.gk-p.jp/wp-content/uploads/mhc/34-100-F-01.jpg,第23弾,2024/07/26,広島市中央老人福祉センター,広島市中区西白島町24－36,,"9:00～17:00 ただし、毎週火曜日、敬老の日を除く祝祭日、8月6日,12月29日～1月3日はお休みです",こちら からご確認ください,https://www.city.hiroshima.lg.jp/site/gesuido/304786.html,34.405508,132.458141
広島県,広島市(G001),http://www.gk-p.jp/wp-content/uploads/mhc/34-100-G-01.jpg,第24弾,2024/12/20,広島市三篠公民館,広島市西区打越町10番23号,,9：00～17：00 ただし、毎週火曜日、祝祭日（火曜日に当たるときは、その直後の休日でない日）、8月6日、12月29日～1月3日はお休みです,こちら からご確認ください,https://www.city.hiroshima.lg.jp/site/gesuido/304786.html,34.411834,132.449686
広島県,呉市（A001）,http://www.gk-p.jp/wp-content/uploads/mhc/34-202-A-01.jpg,第05弾,2017/08/01,呉市入船山記念館,広島県呉市幸町4-6,,9：00～17：00 ただし、火曜日（祝日の場合は翌日休館）、年末年始（12/29～1/3）はお休みです,こちら からご確認ください,https://www.city.kure.lg.jp/site/jougesui/manhourucard.html,34.239971,132.564389
広島県,呉市（B001）,http://www.gk-p.jp/wp-content/uploads/mhc/34-202-B-01.jpg,第05弾,2017/08/01,街かど市民ギャラリー90（くれ）,街かど市民ギャラリー90（くれ）,,10：00～11：30、13：00～17：30 ただし、火曜日、年末年始はお休みです,こちら からご確認ください,https://www.city.kure.lg.jp/site/jougesui/manhourucard.html,34.246016,132.565421
広島県,竹原市（A001）,http://www.gk-p.jp/wp-content/uploads/mhc/34-203-A-01.jpg,第05弾,2017/08/01,たけはら　海の駅　1階売店,竹原市港町4丁目2番24号,,8：30～19：00 ただし、毎月第3火曜日、12月31日～1月3日はお休みです,こちら からご確認ください。,https://www.city.takehara.lg.jp/soshikikarasagasu/gesuidoka/gyomuannai/1/7/2609.html,34.332685,132.916814
広島県,竹原市（B001）,http://www.gk-p.jp/wp-content/uploads/mhc/34-203-B-01.jpg,第10弾,2019/08/07,道の駅たけはら　２階　観光情報コーナー,広島県竹原市本町１丁目１番１号,,9:00～17:00 ただし、第3水曜日、年始年末はお休みです。,こちら からご確認ください。,https://www.city.takehara.lg.jp/soshikikarasagasu/gesuidoka/gyomuannai/1/7/2609.html,34.343865,132.912181
広島県,三原市（A001）,http://www.gk-p.jp/wp-content/uploads/mhc/34-204-A-01.jpg,第04弾,2017/04/03,うきしろロビー,広島県三原市城町1-1-1（ＪＲ三原駅構内 観光案内所）,電話：0848-67-5877（問い合わせ先）三原市下水道整備課電話：0848-67-6124,9：00～18：00 ただし、年末年始（12/29～1/3）はお休みです,0848-67-6124までお問い合わせください,,34.400573,133.083336
広島県,三原市（B001）,http://www.gk-p.jp/wp-content/uploads/mhc/34-204-B-01.jpg,第06弾,2017/12/09,道の駅 みはら神明の里,広島県三原市糸崎4-21-1（道の駅1階 物産品販売コーナーレジ）,,9：00～18：00 ただし、第3火曜日はお休みです,0848-67-6124までお問い合わせください,,34.396828,133.103886
広島県,福山市,http://www.gk-p.jp/wp-content/uploads/mhc/34-207-A01.jpg,第17弾,2022/08/06,福山観光案内所,広島県福山市三之丸町30-１ JR福山駅構内,,9：00～18：30,こちら からご確認ください,https://www.city.fukuyama.hiroshima.jp/soshiki/suido-soumu/314881.html,34.489155,133.361625
広島県,府中市,http://www.gk-p.jp/wp-content/uploads/mhc/34-208-A-01.jpg,第21弾,2023/12/15,府中市観光協会,広島県府中市府中町559-2,,9：00～17：30 ただし、年末年始（１２月２９日～１月３日）はお休みです,こちら からご確認ください,https://fuchu-kanko.jp/,34.575341,133.233396
広島県,東広島市（A001）,http://www.gk-p.jp/wp-content/uploads/mhc/34-212-A-01.jpg,第03弾,2016/12/01,東広島市観光案内所,広島県東広島市西条本町12-3（JR西日本西条駅2階）,,9：00～18：00 ただし、年末年始はお休みです,こちら からご確認ください,https://www.city.higashihiroshima.lg.jp/soshiki/gesuido/1/2/40232.html,34.392096,132.486352
広島県,東広島市（B001）,http://www.gk-p.jp/wp-content/uploads/mhc/34-212-B-01.jpg,第09弾,2018/12/14,豊栄支所地域振興課,広島県東広島市豊栄町鍛冶屋963-2,,【平日】8：30～17：15 祝祭日・年末年始（12/29～1/3）はお休みです ※月～金の祝祭日は配布しておりません 【土日】7：30～17：00 ただし、年末年始はお休みです （お問い合わせください）,こちら からご確認ください,https://www.city.higashihiroshima.lg.jp/soshiki/gesuido/1/2/40232.html,34.397357,132.475200
広島県,東広島市(C001),http://www.gk-p.jp/wp-content/uploads/mhc/34-212-C-01.jpg,第29弾,2026/07/31,西条酒蔵通り観光案内所,広島県東広島市西条本町17-1,,①10:00～16:00 ただし、第1・3水曜日、年末年始、10月上旬に開催される酒まつり期間中はお休みです ②8：30～17：15 ただし、土日祝祭日、年末年始はお休みです,こちら からご確認ください,https://jpn01.safelinks.protection.outlook.com/?url=https%3A%2F%2Fwww.city.higashihiroshima.lg.jp%2Fsoshiki%2Fgesuido%2F1%2F2%2F40232.html&data=05%7C02%7Chgh200957%40city.higashihiroshima.lg.jp%7C6679458235f74fdab46b08ded9d35646%7C7a6f116510b74e51b43fbdb60acb8c70%7C1%7C0%7C639187698872197115%7CUnknown%7CTWFpbGZsb3d8eyJFbXB0eU1hcGkiOnRydWUsIlYiOiIwLjAuMDAwMCIsIlAiOiJXaW4zMiIsIkFOIjoiTWFpbCIsIldUIjoyfQ%3D%3D%7C0%7C%7C%7C&sdata=rXVYFmC2eS3Hvzz3Cx2qvcVVvVeM%2FFVJ%2FsiWjodSPOk%3D&reserved=0 ,34.393861,132.453236
広島県,廿日市市,http://www.gk-p.jp/wp-content/uploads/mhc/34-213-A-01.jpg,第07弾,2018/04/28,廿日市市中央市民センター,広島県廿日市市天神11-29,,9：00～17：00 ただし、祝日、年末年始（12/29～1/3）はお休みです,こちら からご確認ください,https://www.city.hatsukaichi.hiroshima.jp/soshiki/120/33207.html,34.355027,132.337910
広島県,安芸高田市(A001),http://www.gk-p.jp/wp-content/uploads/mhc/34-214-A-01.jpg,第12弾,2020/04/25,道の駅三矢の里あきたかた,広島県安芸高田市吉田町山手1059-1,,10：00～17：00 ただし、年末年始（12/31～1/4）はお休みです,0826-47-2533にお問い合わせください,,34.647874,132.673900
広島県,安芸高田市(B001),http://www.gk-p.jp/wp-content/uploads/mhc/34-214-B-01.jpg,第13弾,2020/12/17,道の駅北の関宿安芸高田,広島県安芸高田市美土里町横田331-1,,9:00～18:00 ただし、年末年始（12/31～1/3）はお休みです,0826-57-1657までお問い合わせください,,34.721488,132.680960
広島県,安芸高田市(C001),http://www.gk-p.jp/wp-content/uploads/mhc/34-214-C-01.jpg,第14弾,2021/04/25,神楽門前湯治村 「千両萬両」,広島県安芸高田市美土里町本郷14627,,10：00～17：00 ただし、毎月第3水曜日・翌木曜日はお休みです,0826-54-0888までお問い合わせください,,34.722044,132.628868
広島県,熊野町,http://www.gk-p.jp/wp-content/uploads/mhc/34-307-A-01.jpg,第24弾,2024/12/20,熊野町観光案内所 筆の駅,広島県安芸郡熊野町出来庭十丁目６番２４号,,10:00～16:00 ただし、毎週水曜日（祝日の場合は開館）、第3日曜日、年末年始、盆はお休みです,こちら からご確認ください ※現在、配布を一時中止しています,https://www.town.kumano.lg.jp/8/6/5/1/3633.html,34.332906,132.565869
広島県,坂町,http://www.gk-p.jp/wp-content/uploads/mhc/34-309-A-01.jpg,第07弾,2018/04/28,坂町町民センター,広島県安芸郡坂町平成ヶ浜1-1-1,,【平日】8：30～21：30 【休日】8：30～17：00 ただし、毎週月曜日、祝日、年末年始（12/27～1/4）はお休みです,082-820-1515までお問い合わせください,,34.340993,132.513257
広島県,安芸太田町(A001),http://www.gk-p.jp/wp-content/uploads/mhc/34-368-A-01.jpg,第28弾,2026/04/24,道の駅来夢とごうち,広島県山県郡安芸太田町大字上殿632-2,,【平日】10:00～18:00 ※12月～6月までは平日10:00～17:00 【土日祝】10:00～18:00 ただし、火曜日、1/1はお休みです,0826-28-1800までお問い合わせください ※現在、配布を一時中止しています,,34.647874,132.673900
山口県,下関市(A001),http://www.gk-p.jp/wp-content/uploads/mhc/35-201-A-01.jpg,第08弾,2018/08/11,長府観光会館,下関市長府侍町二丁目1-15,,9：00～17：00,こちら からご確認ください,https://www.city.shimonoseki.lg.jp/site/water/5647.html,33.996447,130.990500
山口県,下関市(B001),http://www.gk-p.jp/wp-content/uploads/mhc/35-201-B-01.jpg,第13弾,2020/12/17,長府庭園,山口県下関市長府黒門東町8番11号,,9:00～17:00 ただし、12/28～1/4はお休みです,こちら からご確認ください,https://www.city.shimonoseki.lg.jp/site/water/5654.html,33.990599,130.989116
山口県,宇部市(A001),http://www.gk-p.jp/wp-content/uploads/mhc/35-202-A-01.jpg,第10弾,2019/08/07,ときわ湖水ホール,山口県宇部市大字沖宇部254,,9:00～17:00 ただし、年末年始（12/29～1/2）はお休みです,こちら からご確認ください,https://www.city.ube.yamaguchi.jp/kurashi/gasgesui/1015032/1015277/1015109.html,33.948108,131.287939
山口県,宇部市(B001),http://www.gk-p.jp/wp-content/uploads/mhc/35-202-B01.jpg,第16弾,2022/01/15,宇部市新川ふれあいセンター,山口県宇部市朝日町8-20,,9:00~17:00 ただし、年末年始(12/29~ 1/3)はお休みです,こちら からご確認ください。,https://www.city.ube.yamaguchi.jp/kurashi/gasgesui/1015032/1015277/1015113.html,33.958737,131.244712
山口県,山口市（A001）,http://www.gk-p.jp/wp-content/uploads/mhc/35-203-A-01.jpg,第03弾,2016/12/01,山口観光案内所,山口県山口市惣太夫町2-1（山口駅1階）,,9：30～16：30 ただし、12/31、1/1はお休みです,こちら からご確認ください,https://water-city-yamaguchi.com/for-kids/page_1089/,34.172647,131.480618
山口県,山口市（B001）,http://www.gk-p.jp/wp-content/uploads/mhc/35-203-B-01.jpg,第04弾,2017/04/03,新山口駅観光交流センター,山口県山口市小郡令和1-2-6,,9：00～18：00（年中無休）,こちら からご確認ください,https://water-city-yamaguchi.com/for-kids/page_1089/,34.092722,131.396655
山口県,山口市（C001）,http://www.gk-p.jp/wp-content/uploads/mhc/35-203-C-01.jpg,第06弾,2017/12/09,湯田温泉観光案内所,山口県山口市湯田温泉2-1-23,,9：00～18：00（年中無休）,こちら からご確認ください,https://water-city-yamaguchi.com/for-kids/page_1089/,34.164197,131.456749
山口県,山口市(D001),http://www.gk-p.jp/wp-content/uploads/mhc/35-203-D-01.jpg,第22弾,2024/04/26,阿知須いぐらの館,山口県山口市阿知須3425,,10：00～16：00 ただし、水・木曜日（祝日の場合は翌日）、年末年始はお休みです 【休館日】9：00～17：00 （上下水道局の開庁日のみ）,こちら からご確認ください,https://water-city-yamaguchi.com/for-kids/page_1089/,34.007895,131.361758
山口県,山口市(E001),http://www.gk-p.jp/wp-content/uploads/mhc/35-203-E-01.jpg,第28弾,2026/04/24,道の駅あいお,山口県山口市秋穂東1520番地4,,9:00～18:00 ただし、第2・第4水曜日（祝日は除く）、12/31～1/3はお休みです 【休業日】9：00～17：00（上下水道局の開庁日のみ）,こちら からご確認ください,https://water-city-yamaguchi.com/for-kids/page_1089/,34.028822,131.457323
山口県,萩市,http://www.gk-p.jp/wp-content/uploads/mhc/35-204-A-01.jpg,第11弾,2019/12/14,萩・明倫学舎,山口県萩市大字江向６０２番地,,9:00～17:00 ただし、２月の第１火・水曜日はお休みです,こちら からご確認ください,http://www.city.hagi.lg.jp/soshiki/105/h29713.html,34.409219,131.399786
山口県,防府市,http://www.gk-p.jp/wp-content/uploads/mhc/35-206-A-01.jpg,第06弾,2017/12/09,防府市地域交流センター（アスピラート） １階事務室,山口県防府市戎町１－１－２８,,9：00～17：00 休館日：毎週火曜日及び年末年始（12/29～1/3） ただし、火曜日が祝日にあたるときはその翌日,こちら からご確認ください,https://www.city.hofu.yamaguchi.jp/site/jougesui/manhole-cardhaihu.html,34.053892,131.570149
山口県,下松市(A001),http://www.gk-p.jp/wp-content/uploads/mhc/35-207-A-01.jpg,第03弾,2016/12/01,下松市上下水道局 窓口,山口県下松市大手町3-3-2（上下水道局２階）,,【平日】8：30〜17：15 ただし、土日、祝日及び年末年始（１２月２９日～１月３日）はお休みです 【土日、祝日】9：00〜16：30 ただし、月、木曜日（祝日の場合は振替）及び年末年始（１２月２９日～１月３日）はお休みです,こちら からご確認ください,http://www.city.kudamatsu.lg.jp/sui-gesui/kurashi/jougesuidou/gesuidou/manhole-card.html,34.015288,131.870878
山口県,下松市(B001),http://www.gk-p.jp/wp-content/uploads/mhc/35-207-B-01.jpg,第11弾,2019/12/14,下松市観光案内所,山口県下松市西豊井1247(下松駅南口),,【月・木以外】9：00〜16：30 ただし、月、木曜日（祝日の場合は振替）及び年末年始（１２月２９日～１月３日）はお休みです 【月・木・閉館日】8：30〜17：15 ただし、土日、祝日及び年末年始（１２月２９日～１月３日）はお休みです,こちら からご確認ください,http://www.city.kudamatsu.lg.jp/sui-gesui/kurashi/jougesuidou/gesuidou/manhole-card.html,34.008453,131.867165
山口県,下松市(C001),http://www.gk-p.jp/wp-content/uploads/mhc/35-207-C-01.jpg,第28弾,2026/04/24,下松スポーツ公園体育館管理事務所,山口県下松市大字河内字恋路10140,,9:00～17:00 ただし、12/29～1/3はお休みです,こちら からご確認ください,https://www.city.kudamatsu.lg.jp/sui-gesui/kurashi/jougesuidou/gesuidou/manhole-card.html,34.025360,131.887119
山口県,岩国市(A001),http://www.gk-p.jp/wp-content/uploads/mhc/35-208-A-01.jpg,第10弾,2019/08/07,岩国市観光交流所本家 松がね,山口県岩国市岩国1丁目7-3,,9:00～17：00（4月～8月は18：00まで）,こちら からご確認ください,http://www.city.iwakuni.lg.jp/soshiki/26/,34.166187,132.179146
山口県,岩国市(B001),http://www.gk-p.jp/wp-content/uploads/mhc/35-208-B-01.jpg,第23弾,2024/07/26,岩国市英語交流センター「PLAT　ABC」,山口県岩国市元町⼀丁⽬1番1号 レジデンス岩国駅東1階,,9:00～19:00 ただし、火曜日はお休みです,こちら からご確認ください,https://www.city.iwakuni.lg.jp/soshiki/26/,34.171433,132.226522
山口県,岩国市(C001),http://www.gk-p.jp/wp-content/uploads/mhc/35-208-C-01.jpg,第28弾,2026/04/24,潮風公園みなとオアシスゆう,山口県岩国市由宇町8500-6,,9:30～17:00 ただし、水曜日、年末年始はお休みです,こちら からご確認ください,https://www.city.iwakuni.lg.jp/soshiki/26/,34.032680,132.216986
山口県,長門市(A001),http://www.gk-p.jp/wp-content/uploads/mhc/35-211-A-01.jpg,第29弾,2026/07/31,長門市観光案内所　YUKUTE,山口県長門市仙崎4297-6,,9:00～18:00 ただし、年末・年始（12/31・1/1）、12月～2月は毎月第2木曜日はお休みです,こちら からご確認ください,https://www.city.nagato.yamaguchi.jp/soshiki/19/68072.html,34.388501,131.202774
山口県,柳井市,http://www.gk-p.jp/wp-content/uploads/mhc/35-212-A-01.jpg,第23弾,2024/07/26,柳井市観光協会,山口県柳井市柳井3714-1,,【平日】9：00～17：00 【土日】9：00～16：00,こちら からご確認ください,https://www.city-yanai.jp/soshiki/72/gesuika-do.html,33.969956,132.106288
山口県,美祢市,http://www.gk-p.jp/wp-content/uploads/mhc/35-213-A-01.jpg,第25弾,2025/04/25,秋芳洞案内所,山口県美祢市秋芳町秋吉3449番地1,,9：30～17：00 年中無休,こちら からご確認ください,https://karusuto.com,34.226967,131.304519
山口県,周南市,http://www.gk-p.jp/wp-content/uploads/mhc/35-215-A-01.jpg,第26弾,2025/07/25,周南市観光案内所まちのポート,山口県周南市みなみ銀座1-26 TOKUYAMA DECK　D1　1階,,9：00～17：00 ただし、年末年始はお休みです,こちら からご確認ください,https://kanko-shunan.com/,34.050751,131.803878
山口県,山陽小野田市(A001),http://www.gk-p.jp/wp-content/uploads/mhc/35-216-A-01.jpg,第12弾,2020/04/25,歴史民俗資料館,山口県山陽小野田市栄町9-21,,9:00～17:00 ただし、月曜日（祝日の場合は翌平日も休館）・祝日（土曜日の場合は開館、月曜日を除く翌平日が休館）、年末年始（12/27～1/5）はお休みです ※ただし、祝日で市役所もお休みの場合は配布しません ※歴史民俗資料館の開館日は こちら をご確認ください,こちら からご確認ください,https://www.city.sanyo-onoda.lg.jp/soshiki/27/manholecard.html,33.991103,131.176149
山口県,山陽小野田市(B001),http://www.gk-p.jp/wp-content/uploads/mhc/35-216-B-01.jpg,第25弾,2025/04/25,おのサンサッカーパーク（山陽小野田市立サッカー交流公園）,山口県山陽小野田市大字小野田7525-17,,8:00～18:00 ただし、年末年始（12/29～1/3）の配布はお休みです,こちら からご確認ください,https://www.city.sanyo-onoda.lg.jp/soshiki/27/renofa-manholecard.html,33.985730,131.166403
山口県,和木町(A001),http://www.gk-p.jp/wp-content/uploads/mhc/35-321-A-01.jpg,第07弾,2018/04/28,和木町蜂ヶ峯総合公園 管理棟,山口県玖珂郡和木町大字瀬田紺屋作260-1,,9：00～17：00 ただし、年末年始（12/29～1/1）はお休みです,こちら からご確認ください,https://www.town.waki.lg.jp/soshiki/3/186.html,34.193896,132.220713
山口県,和木町(B001),http://www.gk-p.jp/wp-content/uploads/mhc/35-321-B-01.jpg,第20弾,2023/07/28,和木町蜂ヶ峯総合公園　Ｂｅｅ＋交流棟,山口県玖珂郡和木町瀬田173番地４,,9：00～17：00 ただし、年末年始（12/29～1/1）はお休みです,こちら からご確認ください ※現在、配布を一時中止しています,https://www.town.waki.lg.jp/soshiki/3/8139.html,34.195383,132.220812
徳島県,徳島県（流域下水道）,http://www.gk-p.jp/wp-content/uploads/mhc/36-000-A-01.jpg,第09弾,2018/12/14,旧吉野川浄化センター（愛称：アクアきらら月見ヶ丘）,板野郡松茂町豊岡字山の手41,,【平日】9:00～16:00 【土日・祝日】10:00～16:00 ただし、年末年始はお休みです,こちら からご確認ください,https://www.pref.tokushima.lg.jp/ippannokata/kurashi/shizen/5023921/,34.128466,134.611983
徳島県,徳島市,http://www.gk-p.jp/wp-content/uploads/mhc/36-201-A-01.jpg,第26弾,2025/07/25,①阿波おどり会館,徳島県徳島市新町橋2丁目20番地 阿波おどり会館1階,,①9：00～17：00 ただし、12/28～1/1および2月、6月、9月、12月の第2水曜日（祝日の場合は翌日）はお休みです ②8：30～17：00 ただし、12/28～1/3および土曜・日曜・祝日はお休みです,こちら からご確認ください,https://www.city.tokushima.tokushima.jp/jogesuidokyoku/customer/pr/gesui-manhole.html,34.070164,134.544990
徳島県,鳴門市(A001),http://www.gk-p.jp/wp-content/uploads/mhc/36-202-A-01.jpg,第04弾,2017/04/03,鳴門市観光情報センター,徳島県鳴門市撫養町大桑島濘岩浜75-1,,8：00～20：00,こちら からご確認ください,http://www.city.naruto.tokushima.jp/kurashi/sumai/suido/gesuido/manholecard.html,34.188667,134.610835
徳島県,鳴門市(B001),http://www.gk-p.jp/wp-content/uploads/mhc/36-202-B-01.jpg,第23弾,2024/07/26,鳴門市うずしお観光協会,徳島県鳴門市撫養町南浜字東浜165番10（うずしお会館１F）,,9：00～17：00 ただし、年末年始（12/29〜1/3）はお休みです,こちら からご確認ください,https://www.city.naruto.tokushima.jp/kurashi/sumai/suido/gesuido/manholecard.html,34.173699,134.609322
徳島県,吉野川市,http://www.gk-p.jp/wp-content/uploads/mhc/36-205-A-01.jpg,第24弾,2024/12/20,吉野川市役所　商工観光課,徳島県吉野川市鴨島町鴨島115-1,,【平日】8：30～17：15 【土日祝日】8：30～17：15 ただし、年末年始はお休みです,こちら からご確認ください,https://www.city.yoshinogawa.lg.jp/docs/2024112500010/,34.066280,134.358617
徳島県,海陽町,http://www.gk-p.jp/wp-content/uploads/mhc/36-388-A-01.jpg,第23弾,2024/07/26,海陽町観光協会,徳島県海部郡海陽町久保字板取 219-6,,9：30～17：30,こちら からご確認ください,https://www.town.kaiyo.lg.jp/docs/2024071800015/,33.569059,134.307114
徳島県,松茂町(A001),http://www.gk-p.jp/wp-content/uploads/mhc/36-401-A-01.jpg,第07弾,2018/04/28,松茂町役場 上下水道課,徳島県板野郡松茂町広島字東裏30,,8：30～17：15,088-699-8717までお問い合わせください ※現在、配布を一時中止しています,,34.133746,134.580534
徳島県,松茂町(B001),http://www.gk-p.jp/wp-content/uploads/mhc/36-401-B-01.jpg,第13弾,2020/12/17,松茂町総合会館,徳島県板野郡松茂町広島字東裏３０番地,,【平日】8：30～17：15 【土日祝日】8：30～17：15,こちら からご確認ください,https://www.town.matsushige.tokushima.jp/docs/2020111800021/,34.133899,134.580125
徳島県,北島町(A001),http://www.gk-p.jp/wp-content/uploads/mhc/36-402-A-01.jpg,第28弾,2026/04/24,北島町役場上下水道課,徳島県板野郡北島町中村字上地23番地1,,①平日　8:30～17:15 土・日曜日、祝祭日、年末年始（12月29日から1月3日まで）を除く ②土・日曜日　10:00～18:00 祝祭日が土・日曜日の場合は配布します。 年末年始（12月29日から1月3日まで）を除く,こちら からご確認ください,https://www.town.kitajima.lg.jp/docs/manholecard.html,34.125576,134.546979
香川県,香川県（流域下水道・A001）,http://www.gk-p.jp/wp-content/uploads/mhc/37-000-A-01.jpg,第02弾,2016/08/01,中讃流域下水道大束川浄化センター,香川県綾歌郡宇多津町吉田4001-4,【休日】丸亀城内観光案内所香川県丸亀市一番丁（丸亀城内）電話：0877-25-3881,【平日】8：30～17：00 【休日】9：00～16：30,0877-46-2016までお問い合わせください,,34.329862,133.824587
香川県,香川県（流域下水道・A002）,http://www.gk-p.jp/wp-content/uploads/mhc/37-000-A-02.jpg,第02弾,2016/08/01,中讃流域下水道金倉川浄化センター,香川県仲多度郡多度津町堀江5-10-1,,【平日】8:30～17:00 【休日】8:30～17:15,0877-32-6005までお問い合わせください,,34.284101,133.761551
香川県,高松市(A001),http://www.gk-p.jp/wp-content/uploads/mhc/37-201-A-01.jpg,第03弾,2016/12/01,瓦町FLAG 市民サービスセンター,香川県高松市常磐町1-3-1（FLAG8階）,,10：00～18：30 ただし、年末年始（12/29～1/3）はお休みです,こちら からご確認ください,http://www.city.takamatsu.kagawa.jp/kurashi/kurashi/jogesuido/oshirase/manhole_haifu.html,34.338956,134.052623
香川県,高松市(B001),http://www.gk-p.jp/wp-content/uploads/mhc/37-201-B01.jpg,第17弾,2022/08/06,高松盆栽の郷,香川県高松市国分寺町国分353-1,,9：30～17：00 ただし、年末年始はお休みです,こちら からご確認ください,https://www.city.takamatsu.kagawa.jp/kurashi/kurashi/jogesuido/oshirase/manhole_haifu.html,34.302343,133.952585
香川県,丸亀市（A001）,http://www.gk-p.jp/wp-content/uploads/mhc/37-202-A-01.jpg,第04弾,2017/04/03,丸亀市役所 下水道課,香川県丸亀市大手町2－4－21（市役所本庁3階）,,【平日】8：30～17：15 【休日】9：00～16：30,こちら からご確認ください,https://www.city.marugame.lg.jp/page/1402.html,34.289127,133.797404
香川県,丸亀市（B001）,http://www.gk-p.jp/wp-content/uploads/mhc/37-202-B-01.jpg,第09弾,2018/12/14,丸亀市飯山市民総合センター 業務担当窓口,香川県丸亀市飯山町川原1114番地1,,8：30～17：15,こちら からご確認ください,https://www.city.marugame.lg.jp/page/1402.html,34.264484,133.860857
香川県,丸亀市(C001),http://www.gk-p.jp/wp-content/uploads/mhc/37-202-C-01.jpg,第12弾,2020/04/25,丸亀市綾歌市民総合センター業務担当窓口,香川県丸亀市綾歌町栗熊西1638番地,,【平日】8：30～17：15 【休日】8：30～17：15,こちら からご確認ください,https://www.city.marugame.lg.jp/page/1402.html,34.232320,133.877935
香川県,丸亀市(D001),http://www.gk-p.jp/wp-content/uploads/mhc/37-202-D-01.jpg,第24弾,2024/12/20,丸亀市浄化センター,香川県丸亀市昭和町21番地1,,【平日】8:30～17:00 【休日】9:00～16:30 ※土曜日・日曜日・祝日、12月29日～1月3日に配布します,こちら からご確認ください,https://www.city.marugame.lg.jp/page/1402.html,34.299219,133.764381
香川県,坂出市(A001),http://www.gk-p.jp/wp-content/uploads/mhc/37-203-A-01.jpg,第22弾,2024/04/26,坂出市観光案内所,香川県坂出市元町1-1-1 JR坂出駅構内,,8：45～17:30 ただし、年末年始はお休みです,こちら からご確認ください,https://www.city.sakaide.lg.jp/soshiki/tosiseibi/manholecard.html,34.313178,133.856720
香川県,坂出市(B001),http://www.gk-p.jp/wp-content/uploads/mhc/37-203-B-01.jpg,第28弾,2026/04/24,坂出市塩業資料館,香川県坂出市大屋冨町1777-12,,9:00～17:00（入館時間は16:30まで） ただし、毎週月曜日（祝日の場合は翌日）、祝日の翌日、年末年始 (12/28～1/4)はお休みです 【閉館日】8:45～17:30,こちら からご確認ください,https://www.city.sakaide.lg.jp/soshiki/tosiseibi/manholecard.html,34.349355,133.895838
香川県,観音寺市,http://www.gk-p.jp/wp-content/uploads/mhc/37-205-A-01.jpg,第03弾,2016/12/01,観音寺市下水浄化センター,香川県観音寺市瀬戸町四丁目２番11号,,8：30～17：15,こちら からご確認ください,https://www.city.kanonji.kagawa.jp/soshiki/26/18252.html,34.113867,133.634882
香川県,さぬき市,http://www.gk-p.jp/wp-content/uploads/mhc/37-206-A-01.jpg,第07弾,2018/04/28,さぬき市役所建設経済部　下水道課,香川県さぬき市志度5385番地8　本庁舎2階,,【平日】8：30～17：00 【休日】9：00～17：00,087-894-1611までお問い合わせください,,34.325360,134.172004
香川県,東かがわ市,http://www.gk-p.jp/wp-content/uploads/mhc/37-207-A-01.jpg,第08弾,2018/08/11,東かがわ市役所 都市整備課,香川県東かがわ市湊1847-1,,8：30～17：15,こちら からご確認ください,https://www.higashikagawa.jp/soshikikarasagasu/toshiseibika/gyomuannai/gesuido/manhole/3698.html,34.243759,134.358823
香川県,三木町,http://www.gk-p.jp/wp-content/uploads/mhc/37-341-A-01.jpg,第04弾,2017/04/03,三木町役場下水道課,香川県木田郡三木町大字氷上310,,8：30～17：15 ※土、日、祝日及び年末年始は宿直室で配布します,087-891-3315までお問い合わせください,,34.268334,134.134285
香川県,綾川町(A001),http://www.gk-p.jp/wp-content/uploads/mhc/37-387-A-01.jpg,第09弾,2018/12/14,綾川町役場建設課,香川県綾歌郡綾川町滝宮299番地,,8：30～17：15,こちら からご確認ください,http://www.town.ayagawa.lg.jp/docs/2018112000021/,34.249666,133.923057
香川県,綾川町(B001),http://www.gk-p.jp/wp-content/uploads/mhc/37-387-B-01.jpg,第10弾,2019/08/07,綾川町立生涯学習センター,香川県綾歌郡綾川町滝宮318番地,,9:00～18:00,087-876-6100までお問い合わせください,,34.249820,133.924116
香川県,多度津町,http://www.gk-p.jp/wp-content/uploads/mhc/37-404-A-01.jpg,第09弾,2018/12/14,多度津町役場建設課,香川県仲多度郡多度津町栄町3丁目3番95号,,8：30～17：15,こちら からご確認ください,https://www.town.tadotsu.kagawa.jp/soshikikarasagasu/kensetsuka/gesuido/583.html,34.272474,133.753569
香川県,まんのう町,http://www.gk-p.jp/wp-content/uploads/mhc/37-406-A-01.jpg,第11弾,2019/12/14,道の駅「空の夢もみの木パーク」,まんのう町追上424番地1,,8:00〜17:30 ※12/31〜1/5及び、臨時休業日はお休みです,こちら からご確認ください,https://www.town.manno.lg.jp/page/7515.html,34.155070,133.822025
愛媛県,松山市(A001),http://www.gk-p.jp/wp-content/uploads/mhc/38-201-A-01.jpg,第03弾,2016/12/01,坂の上の雲ミュージアム,愛媛県松山市一番町3-20,,9：00～18：00 ただし、毎週月曜日（祝日の場合は開館）はお休みです,こちら からご確認ください,https://www.city.matsuyama.ehime.jp/kurashi/kurashi/josuido/pr/manho-ru/mhcard.html,33.841696,132.769284
愛媛県,松山市(B001),http://www.gk-p.jp/wp-content/uploads/mhc/38-201-B-01.jpg,第13弾,2020/12/17,道後温泉別館飛鳥乃湯泉,愛媛県松山市道後湯之町19番22号,,6:00～23:00 ただし、年1日の休館日があります（不定）,こちら からご確認ください,https://www.city.matsuyama.ehime.jp/kurashi/kurashi/josuido/pr/manho-ru/mhcard.html,33.852407,132.784801
愛媛県,今治市(A001),http://www.gk-p.jp/wp-content/uploads/mhc/38-202-A-01.jpg,第10弾,2019/08/07,道の駅よしうみいきいき館,今治市吉海町名4520-2,,9：00～17：00 ※ただし、元日及び3月16日までの毎週水曜日はお休みです,こちら からご確認ください,https://www.city.imabari.ehime.jp/gesuig/,34.127508,133.022008
愛媛県,今治市(B001),http://www.gk-p.jp/wp-content/uploads/mhc/38-202-B-01.jpg,第24弾,2024/12/20,今治駅前観光インフォメーションセンター,愛媛県今治市北宝来町2丁目甲773番地8(今治駅前サイクリングターミナル交流スペース内),,3月～11月：8時～19時 12月～2月：8時～18時,こちら からご確認ください,http://www.city.imabari.ehime.jp/gesuig/,34.064828,132.993622
愛媛県,今治市(C001),http://www.gk-p.jp/wp-content/uploads/mhc/38-202-C-01.jpg,第26弾,2025/07/25,イオンモール今治新都市1F　インフォメーションカウンター,イオンモール今治新都市1F　インフォメーションカウンター,,10：00～21：00（年中無休）,こちら からご確認ください,http://www.city.imabari.ehime.jp/gesuig/,34.044367,132.962297
愛媛県,宇和島市,http://www.gk-p.jp/wp-content/uploads/mhc/38-203-A-01.jpg,第04弾,2017/04/03,宇和島市観光情報センター「シロシタ」,愛媛県宇和島市丸之内5-1-4,,9：00～18：00 ただし、年末年始（12/31～1/1）はお休みです,こちら からご確認ください,https://www.city.uwajima.ehime.jp/site/gesuido/manhole-card.html,33.221227,132.565162
愛媛県,八幡浜市(A001),http://www.gk-p.jp/wp-content/uploads/mhc/38-204-A-01.jpg,第03弾,2016/12/01,道の駅 みなとオアシス八幡浜みなっと みなと交流館,愛媛県八幡浜市沖新田1581-23,,9：00～18：00 ただし、年末年始（12/29～1/3）は、八幡浜市役所宿直室で配布します,こちら からご確認ください,http://www.city.yawatahama.ehime.jp/docs/2016120100016/,33.458202,132.418242
愛媛県,八幡浜市(B001),http://www.gk-p.jp/wp-content/uploads/mhc/38-204-B-01.jpg,第13弾,2020/12/17,八幡浜市役所農林課,愛媛県八幡浜市北浜一丁目１番１号,,8：30～17：15 休日、年末年始(12/29～1/3)は八幡浜市役所宿直室で配布します,こちら からご確認ください,https://www.city.yawatahama.ehime.jp/doc/2022032500066/,33.462898,132.423333
愛媛県,新居浜市(A001),http://www.gk-p.jp/wp-content/uploads/mhc/38-205-A-01.jpg,第03弾,2016/12/01,あかがねミュージアム,愛媛県新居浜市坂井町2-8-1,,9：30～17：00 ※ただし、月曜日・年末年始（12/30～1/1）はお休みです。 ※振替休館日、臨時休館日もありますので、事前に左記施設HPをご確認ください,0897-31-0305までお問い合わせください ※現在、配布を一時中止しています,,33.949396,133.295173
愛媛県,新居浜市(B001),http://www.gk-p.jp/wp-content/uploads/mhc/38-205-B-01.jpg,第26弾,2025/07/25,マイントピア別子　チケット売り場,愛媛県新居浜市立川町707-3,,9：30～17：00,こちら からご確認ください,https://www.city.niihama.lg.jp/soshiki/gesuidou/manhole-card.html,33.900742,133.309714
愛媛県,西条市,http://www.gk-p.jp/wp-content/uploads/mhc/38-206-A-01.jpg,第13弾,2020/12/17,西条市観光交流センター,愛媛県西条市大町798番地1,,9：30-17：30,こちら からご確認ください,https://www.city.saijo.ehime.jp/soshiki/gesuikomu/mhcard.html,33.913161,133.188166
愛媛県,大洲市,http://www.gk-p.jp/wp-content/uploads/mhc/38-207-A-01.jpg,第06弾,2017/12/09,大洲まちの駅 あさもや,愛媛県大洲市大洲649-1,,9：00～17：00 ※あさもや内観光案内所にて配布いたします ただし、年末（12/29～12/31）はお休みです,こちら からご確認ください,https://www.city.ozu.ehime.jp/soshiki/suidou/25261.html,33.506608,132.546748
愛媛県,伊予市,http://www.gk-p.jp/wp-content/uploads/mhc/38-210-A01.jpg,第17弾,2022/08/06,ウェルピア伊予,愛媛県伊予市下三谷1761番地1,,9：00～17：00 ただし、施設休館日は配布できません,こちら からご確認ください,https://www.city.iyo.lg.jp/gesuidou/mannho-ruka-do.html,33.770020,132.717004
愛媛県,四国中央市(A001),http://www.gk-p.jp/wp-content/uploads/mhc/38-213-A-01.jpg,第14弾,2021/04/25,紙のまち資料館,愛媛県四国中央市川之江町4069-1,,9:00～16:00 ただし、月曜日、祝日の翌日及び年末年始(12月29日～1月3日)はお休みです,こちら からご確認ください,https://www.city.shikokuchuo.ehime.jp/soshiki/29/17784.html,34.007939,133.573494
愛媛県,四国中央市(B001),http://www.gk-p.jp/wp-content/uploads/mhc/38-213-B-01.jpg,第23弾,2024/07/26,みんなの広場『四国中央ドットコム』,愛媛県四国中央市川之江町1814-5,,10:00～17:00 ただし、日曜、祝日、お盆、年末年始はお休みです,こちら からご確認ください,https://www.city.shikokuchuo.ehime.jp/soshiki/29/,34.012892,133.574489
愛媛県,西予市(A001),http://www.gk-p.jp/wp-content/uploads/mhc/38-214-A01.jpg,第16弾,2022/01/15,宇和文化の里休憩所,愛媛県西予市宇和町卯之町三丁目223番地,,9:00～16:30 ただし、月曜日（月曜祝日の場合はその翌日)・年末年始はお休みです,こちら からご確認ください,https://www.city.seiyo.ehime.jp/kakuka/kensetsu/jougesuidou/gesuidou/10057.html,33.363075,132.514689
愛媛県,西予市(B001),http://www.gk-p.jp/wp-content/uploads/mhc/38-214-B-01.jpg,第28弾,2026/04/24,乙亥会館,愛媛県西予市野村町野村12号10番地,,9:00～17:00 ただし、12/29～1/3はお休みです,0894-62-6495にご連絡ください,,33.378574,132.644890
愛媛県,東温市(A001),http://www.gk-p.jp/wp-content/uploads/mhc/38-215-A-01.jpg,第08弾,2018/08/11,東温市さくらの湯 観光物産センター,愛媛県東温市北方甲2098,,9：00～17：00 ただし、火曜日、毎月第4水曜日、年末年始（12/29～1/3）はお休みです,こちら からご確認ください,https://www.city.toon.ehime.jp/soshiki/15/2003.html,33.803096,132.914545
愛媛県,東温市(B001),http://www.gk-p.jp/wp-content/uploads/mhc/38-215-B-01.jpg,第11弾,2019/12/14,東温アートヴィレッジセンター,愛媛県東温市見奈良1125番地 レスパスシティ内クールスモール2階,,10:00～18:00 ただし、毎週火曜日及び年末年始（12/31～1/3日）はお休みです,こちら からご確認ください,https://www.city.toon.ehime.jp/soshiki/15/2003.html,33.791085,132.880956
愛媛県,砥部町,http://www.gk-p.jp/wp-content/uploads/mhc/38-402-A01.jpg,第16弾,2022/01/15,砥部焼伝統産業会館,愛媛県伊予郡砥部町大南335番地,,【通常】9：00～17：00 ただし、月曜日(祝日の場合は翌日)、12月29日～1月1日はお休みです 【休館日】8：30～17：15 砥部焼伝統産業会館の休館日に配布します ただし、砥部町役場は、年末年始(12/29～1/3)はお休みです,こちら からご確認ください,https://www.town.tobe.ehime.jp/soshikikarasagasu/jougesuidouka/gesuido/503.html,33.739050,132.791950
愛媛県,伊方町,http://www.gk-p.jp/wp-content/uploads/mhc/38-442-A-01.jpg,第23弾,2024/07/26,道の駅「佐田岬半島ミュージアム」,愛媛県西宇和郡伊方町塩成乙293番地,,9：30～17：30 ただし、月曜日（月曜日が祝日の場合はその翌平日）、 祝日の翌平日、年末年始（12/29～1/3）はお休みです。 資料整理等のために臨時休館となる場合があります。,こちら からご確認ください,https://www.town.ikata.ehime.jp/soshiki/7/22866.html,33.447543,132.257780
高知県,高知県（流域下水道）,http://www.gk-p.jp/wp-content/uploads/mhc/39-000-A-01.jpg,第05弾,2017/08/01,高須浄化センター,高知県高知市高須304,,【平日】8:30-17:15 (12：00～13：00の間はお休みです) 【休日】9:00-16:30 ※年末年始はお休みです。 ※休日は、令和2年10月10日～令和9年3月28日の試行配布です。ご注意ください。,こちら からご確認ください,https://www.pref.kochi.lg.jp/soshiki/171801/card.html,33.563849,133.573384
高知県,高知市,http://www.gk-p.jp/wp-content/uploads/mhc/39-201-A-01.jpg,第01弾,2016/04/01,海老ノ丸ポンプ場,高知市海老ノ丸13-6,,【平日】8：30～17：15 ※土日、祝日、年末年始はお休みです 【休日】9:00～16:30 ※年末年始はお休みです ※休日は、令和7年4月1日～令和8年3月31日の試行配布です。ご注意ください,088-882-4538までお問い合わせください,,33.563052,133.566740
高知県,南国市,http://www.gk-p.jp/wp-content/uploads/mhc/39-204-A-01.jpg,第26弾,2025/07/25,海洋堂SpaceFactoryなんこく,高知県南国市大埇甲1623-3,,10：00～18：00 ただし、火曜日（祝日の場合は翌日）および12/28～1/1はお休みです,こちら からご確認ください,https://www.city.nankoku.lg.jp/gomenarigatou/info/life_dtl.php?hdnKey=9476,33.573885,133.648575
高知県,須崎市（A001）,http://www.gk-p.jp/wp-content/uploads/mhc/39-206-A-01-1.jpg,第01弾,2016/04/01,一般社団法人 須崎市観光協会,高知県須崎市原町1-9-11,,【平日】8：30～17：15 【土日祝】9：00～12：00、13：00～17：15　（12時から13時の1時間はお休み）,こちら からご確認ください,https://www.city.susaki.lg.jp/life/detail.php?hdnKey=3990,33.392321,133.292642
高知県,須崎市（B001）,http://www.gk-p.jp/wp-content/uploads/mhc/39-206-B-01.jpg,第08弾,2018/08/11,すさきまちかどギャラリー 旧三浦邸,高知県須崎市青木町1-16,,9：00～17：00 ただし、月曜日（祝日の場合は翌日）、年末年始（12/29～1/3）、臨時休館日はお休みです,こちら からご確認ください,https://www.city.susaki.lg.jp/life/detail.php?hdnKey=3990,33.389941,133.289522
高知県,香南市（A001）,http://www.gk-p.jp/wp-content/uploads/mhc/39-211-A-01.jpg,第01弾,2016/04/01,香南市役所 1階「総合案内」,香南市役所 1階「総合案内」,,【平日】8:30～17:15 【休日】9:00〜17:00 ※ただし、年末年始（12/29～1/3）はお休みです,こちら からご確認ください,https://www.city.kochi-konan.lg.jp/soshikikarasagasu/jogesuidoka/jogesuido/1/2628.html,33.564165,133.700538
高知県,香南市（B001）,http://www.gk-p.jp/wp-content/uploads/mhc/39-211-B-01.jpg,第01弾,2016/04/01,香南市役所 香我美庁舎,高知県香南市香我美町下分646,,【平日】8：30～17：15 【休日】9:30〜17:30 ※ただし、年末年始（12/29～1/3）はお休みです,こちら からご確認ください,https://www.city.kochi-konan.lg.jp/soshikikarasagasu/jogesuidoka/jogesuido/1/2628.html,33.570556,133.741529
高知県,香南市（C001）,http://www.gk-p.jp/wp-content/uploads/mhc/39-211-C-01.jpg,第01弾,2016/04/01,香南市役所 夜須庁舎,高知県香南市夜須町坪井219,,【平日】8：30～17：15 【休日】9:30〜17:00 ※ただし、年末年始（12/29～1/3）はお休みです,こちら からご確認ください,https://www.city.kochi-konan.lg.jp/soshikikarasagasu/jogesuidoka/jogesuido/1/2628.html,33.537650,133.755234
高知県,香南市(D001),http://www.gk-p.jp/wp-content/uploads/mhc/39-211-D-01.jpg,第15弾,2021/08/17,香南市観光協会,高知県香南市野市町西野2056,,9:00～17:00 ただし、年末年始はお休みです,こちら からご確認ください,https://www.city.kochi-konan.lg.jp/soshikikarasagasu/jogesuidoka/jogesuido/1/2628.html,33.561824,133.698014
高知県,香美市(A001),http://www.gk-p.jp/wp-content/uploads/mhc/39-212-A-01.jpg,第25弾,2025/04/25,龍河洞観光センター,高知県香美市土佐山田町逆川1424,,12月～2月　8:30～16:30（年中無休） 3月～11月　8:30～17:00（年中無休）,こちら からご確認ください,https://www.city.kami.lg.jp/soshiki/40/designmanholecard.html,33.603736,133.743859
高知県,香美市(B001),http://www.gk-p.jp/wp-content/uploads/mhc/39-212-B-01.jpg,第26弾,2025/07/25,香美市いんふぉめーしょん（観光案内所）,香美市土佐山田町東本町1-5-1,,9：00～17：00（年中無休）,こちら からご確認ください,https://www.city.kami.lg.jp/soshiki/40/designmanholecard.html,33.607104,133.685010
高知県,香美市(C001),http://www.gk-p.jp/wp-content/uploads/mhc/39-212-C-01.jpg,第27弾,2025/12/19,奥物部ふるさと物産館,高知県香美市物部町大栃872-2,,9：00～17：00 ただし、毎週水曜日、年末年始(12/29～1/3)はお休みです,こちら からご確認ください,https://www.city.kami.lg.jp/soshiki/40/designmanholecard.html,33.695719,133.874698
高知県,香美市(D001),http://www.gk-p.jp/wp-content/uploads/mhc/39-212-D-01.jpg,第28弾,2026/04/24,道の駅美良布（韮生の里　美良布直販店）,高知県香美市香北町美良布1211,,【3月～11月】7:00～17:30 【12月～2月】7:30～17:00 ただし、年末年始（1/1～1/3）はお休みです,こちら からご確認ください,https://www.city.kami.lg.jp/soshiki/40/designmanholecard.html,33.648114,133.782335
高知県,香美市(E001),http://www.gk-p.jp/wp-content/uploads/mhc/39-212-E-01.jpg,第29弾,2026/07/31,かみんか（愛と勇気の物語交流館）,高知県香美市香北町美良布1141-1,,【月、金、土、日、祝日】10:00～12:00、13:00～16:00 休館日：火・水・木（祝日の場合は開館）。 開館日のうち12:00～13:00は閉鎖のため配布不可。 12月27日～1月5日は休館です。,こちら からご確認ください,https://www.city.kami.lg.jp/soshiki/40/designmanholecard.html,33.650276,133.781440
高知県,土佐町,http://www.gk-p.jp/wp-content/uploads/mhc/39-363-A-01.jpg,第08弾,2018/08/11,道の駅さめうら,高知県土佐郡土佐町田井448-2,,9：00～18：00 ただし、年末年始（12/31～1/2、1/3午前）はお休みです,0887-82-0400までお問い合わせください,,33.742644,133.544235
福岡県,福岡県（流域下水道）(A001),http://www.gk-p.jp/wp-content/uploads/mhc/40-000-A-01.jpg,第08弾,2018/08/11,福岡県庁１階　総合案内窓口,福岡県庁１階　総合案内窓口,,【平日】8：30～17：45 【休日】10：00～15：00 ただし、年末年始はお休みです,092-643-3727までお問い合わせください,,33.606767,130.418228
福岡県,福岡県(流域下水道)(B001),http://www.gk-p.jp/wp-content/uploads/mhc/40-000-B-01.jpg,第28弾,2026/04/24,福岡県庁1階　総合案内窓口,福岡県庁1階　総合案内窓口,,【平日】8:30～17:45 【休日】10:00～15:00 ただし、年末年始はお休みです,こちら からご確認ください,https://www.pref.fukuoka.lg.jp/contents/manholecard.html,33.606699,130.418352
福岡県,北九州市（A001）,http://www.gk-p.jp/wp-content/uploads/mhc/40-100-A-01.jpg,第01弾,2016/04/01,北九州市科学館（スペースLABO）,北九州市科学館（スペースLABO）,,10:00〜18:00（入館は17:30まで） ただし、年末年始、その他に臨時休館日はお休みです,こちら からご確認ください,http://www.city.kitakyushu.lg.jp/suidou/s01101006.html,33.872173,130.808841
福岡県,北九州市（B001）,http://www.gk-p.jp/wp-content/uploads/mhc/40-100-B-01.jpg,第05弾,2017/08/01,日明浄化センター,北九州市小倉北区西港町96-3,,【平日】9：00～12：00、13：00～16：00まで、日明浄化センターを見学された方に配布します。見学は事前にお申込みください 【土・日・祝】9:00～21:00,こちら からご確認ください,http://www.city.kitakyushu.lg.jp/suidou/s01101006.html,33.891104,130.888718
福岡県,北九州市（C001）,http://www.gk-p.jp/wp-content/uploads/mhc/40-100-C-01.jpg,第08弾,2018/08/11,北九州市漫画ミュージアム,北九州市漫画ミュージアム,,11：00～19：00 ただし、火曜日と年末年始はお休みです,こちら からご確認ください,http://www.city.kitakyushu.lg.jp/suidou/s01101006.html,33.887419,130.884881
福岡県,北九州市（D001）,http://www.gk-p.jp/wp-content/uploads/mhc/40-100-D-01.jpg,第09弾,2018/12/14,セブン‐イレブン若松区役所前店,福岡県北九州市若松区浜町１丁目1ー4,(問い合わせ先)北九州市上下水道局下水道部下水道計画課電話：093-582-2480,終日,こちら からご確認ください,http://www.city.kitakyushu.lg.jp/suidou/s01101006.html,33.905346,130.811287
福岡県,福岡市（A001）,http://www.gk-p.jp/wp-content/uploads/mhc/40-130-A-01.jpg,第01弾,2016/04/01,福岡市下水道博物館,福岡県福岡市博多区祇園町8-3（ぽんプラザ2階）,,10：00～19：00 ただし、毎月第3水曜日と年末年始はお休みです,こちら からご確認ください,https://www.city.fukuoka.lg.jp/doro-gesuido/somu/hp/manhole_card.html,33.591641,130.410518
福岡県,福岡市（B001）,http://www.gk-p.jp/wp-content/uploads/mhc/40-130-B-01.jpg,第02弾,2016/08/01,福岡市情報プラザ,福岡県福岡市中央区天神1-8-1(福岡市役所1階),,,配布終了 【問い合わせ先】 福岡市道路下水道局総務課 電話：092-711-4503,,33.590130,130.401711
福岡県,福岡市(C001),http://www.gk-p.jp/wp-content/uploads/mhc/40-130-C02.jpg,第16弾,2022/01/15,福岡市情報プラザ,福岡県福岡市中央区天神1-8-1（福岡市役所1階）,,9：00～20：00 ただし、年末年始（12/31～1/3）、その他に臨時休館日はお休みです,こちら からご確認ください,https://www.city.fukuoka.lg.jp/doro-gesuido/somu/hp/manhole_card.html,33.590277,130.401654
福岡県,大牟田市,http://www.gk-p.jp/wp-content/uploads/mhc/40-202-A-01.jpg,第07弾,2018/04/28,大牟田市企業局 下水道建設課,福岡県大牟田市有明町2-3,,9：00～17：00,こちら からご確認ください,https://www.city.omuta.lg.jp/list01003.html,33.030234,130.446000
福岡県,久留米市,http://www.gk-p.jp/wp-content/uploads/mhc/40-203-A-01.jpg,第06弾,2017/12/09,久留米シティプラザ,福岡県久留米市六ツ門町8-1,,10：00～19：00 ただし、年末年始（12/29～1/3）はお休みです,0942-30-8500までお問い合わせください,,33.313963,130.513126
福岡県,直方市(A001),http://www.gk-p.jp/wp-content/uploads/mhc/40-204-A-01.jpg,第29弾,2026/07/31,直方市役所下水道課,福岡県直方市殿町7-1,,【平日】9:00～16:30 年末年始はお休みです 【土日、祝日】10:30～16:30 水曜日が祝日の場合と年末年始はお休みです,こちら をご確認ください,https://www.city.nogata.fukuoka.jp/kurashi/_1201/_1332/_17114.html,33.744064,130.729608
福岡県,柳川市,http://www.gk-p.jp/wp-content/uploads/mhc/40-207-A-01.jpg,第25弾,2025/04/25,福岡県柳川市役所上下水道課,福岡県柳川市役所上下水道課,,平日】8:30～17:00 ただし、年末年始はお休みです 【土日祝日】9:30～16:00 ただし、12月31日と1月1日はお休みです,こちら からご確認ください,https://www.city.yanagawa.fukuoka.jp/kurashi/jogesuido/gesui/,33.163082,130.405820
福岡県,筑後市,http://www.gk-p.jp/wp-content/uploads/mhc/40-211-A-01.jpg,第11弾,2019/12/14,筑後市役所上下水道課,福岡県筑後市大字山ノ井８９８番地,,【平日】8：30～17：15 ただし、年末年始はお休みです 【土曜日】9：00～22：00 【祝休日】9：00～17：15 ただし、月曜日が祝祭日の場合と年末年始はお休みです,こちら からご確認ください,https://www.city.chikugo.lg.jp/kurashi/_2274/_6228/_26356.html,33.212327,130.502082
福岡県,中間市(A001),http://www.gk-p.jp/wp-content/uploads/mhc/40-215-A-01.jpg,第29弾,2026/07/31,中間市地域交流センター,福岡県中間市大字垣生660番地1,,①【平日（休館日を除く）・土日・祝日】9:00～18:00 ただし、火曜日（火曜が祝日の場合は翌平日）、年末年始（12/29～1/3）はお休みです ②【平日】8:30～17:15 ただし、土日・祝日、年末年始（12/29～1/3）はお休みです,こちら からご確認ください,https://www.city.nakama.lg.jp/site/kankou/19807.html,33.817658,130.699657
福岡県,小郡市,http://www.gk-p.jp/wp-content/uploads/mhc/40-216-A-01.jpg,第07弾,2018/04/28,小郡市役所 下水道課,福岡県小郡市小郡255-1,,9：00～17：00 ただし、12月28日が土曜日の場合、年末年始（12/29～1/4）はお休みです,0942-72-2111（内線342）までお問い合わせください,,33.396401,130.555537
福岡県,大野城市,http://www.gk-p.jp/wp-content/uploads/mhc/40-219-A-01.jpg,第08弾,2018/08/11,大野城心のふるさと館,福岡県大野城市曙町3-8-3,（問い合わせ先）大野城市上下水道局企業総務課電話：092-580-1933,9：00～19：00 ただし、月曜日（月曜日が祝日の場合は翌平日）、年末年始（12/28～1/4）は休館日です ※休館日の配布時間は8:30〜17:00です,こちら からご確認ください,http://www.city.onojo.fukuoka.jp/s079/010/010/040/20210830115036.html,33.534733,130.480327
福岡県,宗像市（A001）,http://www.gk-p.jp/wp-content/uploads/mhc/40-220-A-01.jpg,第03弾,2016/12/01,観光ステーションむなたびラボ(道の駅むなかた南館),福岡県宗像市江口1177-1,,9:00～17:00 ※ただし、毎月第4月曜日（祝日の場合は翌日）お盆、年末年始はお休みです ※休館日は、宗像終末処理場（福岡県宗像市田熊1373）で配布します（ただし、平日8：30～17：00に限る。年末年始（12/29～1/3）はお休み）,0940-36-4136までお問い合わせください,,33.848622,130.503474
福岡県,宗像市（B001）,http://www.gk-p.jp/wp-content/uploads/mhc/40-220-B-01.jpg,第09弾,2018/12/14,街道の駅赤馬館（宗像市東部観光拠点施設）,福岡県宗像市赤間4-1-8,,10：00～17：00 ただし、月曜日（月曜日が祝日の場合は火曜日）は休館日です。 夏季、冬季休館日があります ※休館日は、宗像終末処理場（福岡県宗像市田熊1373）で配布します（ただし、平日8：30～17：00に限る。年末年始（12/29～1/3）はお休み）,こちら からご確認ください,http://www.city.munakata.lg.jp/w032/010/030/050/0220/20180806110243.html,33.804968,130.589395
福岡県,太宰府市(A001),http://www.gk-p.jp/wp-content/uploads/mhc/40-221-A01.jpg,第17弾,2022/08/06,大宰府展示館,福岡県太宰府市観世音寺4-6-1,,9：00～16：30 ただし、月曜日（祝日の場合は翌日）、年末年始（12/28～1/4）はお休みです,こちら からご確認ください,https://www.city.dazaifu.lg.jp/soshiki/22/22649.html,33.513746,130.516151
福岡県,太宰府市(B001),http://www.gk-p.jp/wp-content/uploads/mhc/40-221-B-01.jpg,第18弾,2023/01/28,とびうめアリーナ（太宰府市総合体育館）,福岡県太宰府市大字向佐野21-2,,9:00〜22:00 ただし、毎月最終水曜日(祝日の場合は翌日)、年末年始(12/28～1/4)はお休みです。,こちら からご確認ください,https://www.city.dazaifu.lg.jp/soshiki/22/22649.html,33.512966,130.501582
福岡県,太宰府市(C001),http://www.gk-p.jp/wp-content/uploads/mhc/40-221-C-01.jpg,第19弾,2023/04/28,太宰府館,福岡県太宰府市宰府3-2-3,,10:00〜18:00 ただし、毎週水曜日(祝日の場合は翌日)はお休みです,こちら からご確認ください,https://www.city.dazaifu.lg.jp/soshiki/22/22649.html,33.519838,130.532623
福岡県,古賀市,http://www.gk-p.jp/wp-content/uploads/mhc/40-223-A-01.jpg,第13弾,2020/12/17,福岡県古賀市役所上下水道庁舎,福岡県古賀市役所上下水道庁舎,,【平日】9:00～16:00 ただし、土日祝日と年末年始はお休みです 【休日】8:30～17:00 ただし、年末年始はお休みです,こちら からご確認ください,https://www.city.koga.fukuoka.jp/cityhall/work/jougesuido/s_jigyou/s_jigyou_2/007.php,33.728702,130.470856
福岡県,那珂川市(A001),http://www.gk-p.jp/wp-content/uploads/mhc/40-231-A-01.jpg,第09弾,2018/12/14,那珂川市役所　下水道課,福岡県那珂川市大字安徳702番地1,博多南駅前ビル1F　ナカイチインフォメーション福岡県那珂川市中原2丁目120 博多南駅前ビル電話：092-710-2003,【那珂川市役所　下水道課(平日)】8：30～17：00 【博多南駅前ビル1F　ナカイチインフォメーション】10：00～18：00,こちら からご確認ください ※現在、配布を一時中止しています,https://www.city.nakagawa.lg.jp/soshiki/17/manhole-card.html,33.499392,130.424685
福岡県,那珂川市(B001),http://www.gk-p.jp/wp-content/uploads/mhc/40-231-B-01.jpg,第27弾,2025/12/19,①那珂川市役所　下水道課,福岡県那珂川市大字安徳702番地1,,①8：30～17：00（平日） ②10：00～18:00（土日祝日）,こちら からご確認ください,https://www.city.nakagawa.lg.jp/soshiki/17/manhole-card.html,33.499316,130.424770
福岡県,宇美町,http://www.gk-p.jp/wp-content/uploads/mhc/40-341-A-01.jpg,第12弾,2020/04/25,宇美町役場上下水道課,福岡県糟屋郡宇美町宇美5丁目1番1号,,【平日】8:30～17:00 【休日】8:30～20:00 休日：土日祝日、12月29日～1月3日,こちら からご確認ください,http://www.town.umi.lg.jp/soshiki/10/14168.html,33.567795,130.511117
福岡県,志免町,http://www.gk-p.jp/wp-content/uploads/mhc/40-343-A-01.jpg,第05弾,2017/08/01,志免町役場 上下水道課窓口,福岡県糟屋郡志免町志免中央1-1-1,,【平日】8：30～17：00 【休日】9：00～21：00 ただし、年末年始（12/29～1/4）はお休みです,092-936-8141までお問い合わせください,,33.591404,130.479730
福岡県,芦屋町,http://www.gk-p.jp/wp-content/uploads/mhc/40-381-A-01.jpg,第09弾,2018/12/14,芦屋町観光協会,福岡県遠賀郡芦屋町大字芦屋1455-284,,9:00～17:00 ただし、月曜日（月曜日が祝日の場合は翌日)はお休みです,093-221-1001までお問い合わせください,,33.893492,130.656141
福岡県,岡垣町,http://www.gk-p.jp/wp-content/uploads/mhc/40-383-A-01.jpg,第06弾,2017/12/09,岡垣町役場おかがきPR課窓口,福岡県遠賀郡岡垣町野間1-1-1,,9:00～17:00 ただし、年末年始はお休みです,093-282-1211までお問い合わせください,,33.853398,130.611633
佐賀県,佐賀市(A001),http://www.gk-p.jp/wp-content/uploads/mhc/41-201-A-01.jpg,第02弾,2016/08/01,佐賀市下水浄化センター 事務室,佐賀県佐賀市西与賀町大字高太郎2667（管理棟2階）,,【平日】8：30～17：15 ただし、年末年始（12/29～1/3）はお休みです 【土日祝日】9：00～17：00 ただし、年末年始（12/29～1/3）はお休みです,こちら からご確認ください,https://www.water.saga.saga.jp/main/5768.html,33.207295,130.259485
佐賀県,佐賀市(B001),http://www.gk-p.jp/wp-content/uploads/mhc/41-201-B-01.jpg,第14弾,2021/04/25,佐賀工房バルーンミュージアム店,佐賀県佐賀市松原2丁目2－27,,10：00〜17：00 ただし、年末年始はお休みです,こちら からご確認ください,https://www.water.saga.saga.jp/main/5768.html,33.252243,130.300519
佐賀県,鳥栖市(A001),http://www.gk-p.jp/wp-content/uploads/mhc/41-203-A-01.jpg,第28弾,2026/04/24,新鳥栖駅観光案内所,佐賀県鳥栖市原古賀町220-2,,9:00～18:00,こちら からご確認ください,https://www.city.tosu.lg.jp/soshiki/18/107130.html,33.370357,130.491168
佐賀県,武雄市,http://www.gk-p.jp/wp-content/uploads/mhc/41-206-A01.jpg,第17弾,2022/08/06,武雄市役所下水道課,佐賀県武雄市武雄町大字昭和12番地10,,【平日】8：30～17：15 【土日祝日】8：30～17：15,こちら からご確認ください,https://www.city.takeo.lg.jp/home.html,33.194751,130.021575
佐賀県,鹿島市,http://www.gk-p.jp/wp-content/uploads/mhc/41-207-A-01.jpg,第07弾,2018/04/28,鹿島新世紀センター 環境下水道課,佐賀県鹿島市大字納富分2643-1（1階）,,9：00～17：00,0954-63-3416までお問い合わせください,,33.104160,130.098083
佐賀県,神埼市,http://www.gk-p.jp/wp-content/uploads/mhc/41-210-A-01.jpg,第04弾,2017/04/03,神埼情報館,佐賀県神埼市神埼町鶴3456-4,,9：00～17：00 ただし、年末（12/29～12/31）はお休みです,こちら からご確認ください,http://www.city.kanzaki.saga.jp/main/7553.html,33.310732,130.373057
佐賀県,みやき町,http://www.gk-p.jp/wp-content/uploads/mhc/41-346-A-01.jpg,第12弾,2020/04/25,みやき町庁舎 1F 北茂安総合窓口課,佐賀県三養基郡みやき町大字東尾737-5,,8：30～17：15,こちら からご確認ください,https://www.town.miyaki.lg.jp/kurashi/kankyo/_1221/_3900.html,33.324943,130.454637
佐賀県,有田町,http://www.gk-p.jp/wp-content/uploads/mhc/41-401-A-01.jpg,第22弾,2024/04/26,一般社団法人 有田観光協会,佐賀県西松浦郡有田町幸平1-1-1,,9：00～17：00 ただし、12月29日～1月3日、天変地異その他事由による休館日はお休みです,こちら からご確認ください,https://www.arita.jp/news/pickup/6054.html,33.190186,129.898122
佐賀県,江北町,http://www.gk-p.jp/wp-content/uploads/mhc/41-424-A-01.jpg,第05弾,2017/08/01,江北町役場 基盤整備課,佐賀県杵島郡江北町大字山口1651-1,,9：00～17：00（年中無休）,0952-86-5624までお問い合わせください,,33.220591,130.157529
佐賀県,白石町,http://www.gk-p.jp/wp-content/uploads/mhc/41-425-A-01.jpg,第09弾,2018/12/14,佐賀県白石町役場生活環境課（庁舎2階）,佐賀県白石町役場生活環境課（庁舎2階）,,8：30～17：15,0952-84-7118または0952-84-2111までお問い合わせください,,33.181082,130.143493
長崎県,長崎県（流域下水道）,http://www.gk-p.jp/wp-content/uploads/mhc/42-000-A-01.jpg,第08弾,2018/08/11,大村湾南部浄化センター,長崎県諫早市貝津町1410,,【平日】9：00～17：00 【休日】 ①9：00～17：00 ただし、年末年始はお休みです ②9：00～17：00 ただし、水曜日（おおむら花まつり期間を除く）と年末年始はお休みです,こちら からご確認ください,https://www.pref.nagasaki.jp/doc/page-359173.html,32.844265,130.012850
長崎県,長崎市(A001),http://www.gk-p.jp/wp-content/uploads/mhc/42-201-A-01.jpg,第03弾,2016/12/01,長崎市南山手地区町並み保存センター,長崎県長崎市南山手町4-33,,9：00～17：00 ただし、毎週月曜日（祝日を除く）と年末年始（12/29～1/3）はお休みです,095-829-1209までお問い合わせください,,32.735072,129.869122
長崎県,長崎市(B001),http://www.gk-p.jp/wp-content/uploads/mhc/42-201-B01.jpg,第16弾,2022/01/15,長崎市旧香港上海銀行長崎支店記念館,長崎県長崎市松が枝町4-27,,9：00～17:00 ただし、毎月第3月曜日（祝日の場合は翌日）はお休みです,こちら からご確認ください,https://www.city.nagasaki.lg.jp/page/54935.html,32.736397,129.869178
長崎県,佐世保市,http://www.gk-p.jp/wp-content/uploads/mhc/42-202-A-01.jpg,第08弾,2018/08/11,佐世保観光情報センター,長崎県佐世保市三浦町21-1（JR佐世保駅構内）,,9:00～18:00（年中無休）,0956-22-6630までお問い合わせください,,33.163716,129.725525
長崎県,諫早市,http://www.gk-p.jp/wp-content/uploads/mhc/42-204-A-01.jpg,第04弾,2017/04/03,諫早市物産ホール,諫早市物産ホール（（一社）諫早観光物産コンベンション協会）,,9：00～18：00 ただし、毎週水曜日（祝日の場合は翌日）、12/29～1/3はお休みです 【水曜日及び臨時休館日】 8:30～17:15 ただし、土・日曜日、祝日、12/29～1/3はお休みです,0957-22-2635までお問い合わせください,,32.845132,130.052598
長崎県,大村市,http://www.gk-p.jp/wp-content/uploads/mhc/42-205-A-01.jpg,第04弾,2017/04/03,大村公園観光案内所,長崎県大村市玖島1-45-3,,9：00～17：00 ただし、おおむら花まつり期間を除く毎週水曜日と年末年始はお休みです,0957-52-3605までお問い合わせください,,32.899182,129.959041
長崎県,壱岐市,http://www.gk-p.jp/wp-content/uploads/mhc/42-210-A-01.jpg,第06弾,2017/12/09,壱岐市役所郷ノ浦庁舎 窓口,長崎県壱岐市郷ノ浦町本村触570番地壱岐振興局別館2階,,8:30～17:15,0920-42-1113までお問い合わせください,,33.749062,129.692307
長崎県,南島原市,http://www.gk-p.jp/wp-content/uploads/mhc/42-214-A01.jpg,第16弾,2022/01/15,有馬キリシタン遺産記念館,長崎県南島原市南有馬町乙１３９５番地,,9：00～17：00 ただし、年末年始（12月29日～翌年1月3日）はお休みです,こちら からご確認ください,https://www.city.minamishimabara.lg.jp/page9601.html,32.735072,129.869122
長崎県,長与町,http://www.gk-p.jp/wp-content/uploads/mhc/42-307-A-01.jpg,第20弾,2023/07/28,長与町水道局,長崎県西彼杵郡長与町嬉里郷659番地1,,【平日】 9：00～17：00 【土日】10：00～17：00 ただし、祝日、年末年始、蔵書整理期間はお休みです。 長与町図書館ホームページの開館日カレンダーを参考ください。,こちら からご確認ください,https://webtown.nagayo.jp/suido/kiji0034473/index.html,32.824753,129.875048
長崎県,東彼杵町,http://www.gk-p.jp/wp-content/uploads/mhc/42-321-A-01.jpg,第27弾,2025/12/19,東彼杵町役場水道課,長崎県東彼杵郡東彼杵町蔵本郷1850-6,,【平日】9:00～16:30 【土日祝日】9：00～17:00 ただし、年末年始（12月28日～1月3日）はお休みです,こちら からご確認ください,https://www.town.higashisonogi.lg.jp/kurashi_tetsuzuki/sumai_suido/gesuidou/3492.html,33.037010,129.917152
熊本県,熊本市（A001）,http://www.gk-p.jp/wp-content/uploads/mhc/43-100-A-01.jpg,第05弾,2017/08/01,熊本市上下水道局,熊本県熊本市中央区水前寺6-2-45,,【平日】8:30～17:15,こちら からご確認ください ※令和8年熊本地震の影響により、配布を一時休止します,https://www.kumamoto-waterworks.jp/waterworks_article/19974/,32.788559,130.739337
熊本県,熊本市（B001）,http://www.gk-p.jp/wp-content/uploads/mhc/43-100-B-01.jpg,第10弾,2019/08/07,熊本市水の科学館,熊本県熊本市北区八景水谷1丁目11-1,,9:00～17:00 ただし、月曜日（祝日の場合は翌日）はお休みです,こちら からご確認ください ※令和8年熊本地震の影響により、配布を一時休止します,https://www.kumamoto-waterworks.jp/,32.846266,130.721976
熊本県,熊本市(C001),http://www.gk-p.jp/wp-content/uploads/mhc/43-100-C-01.jpg,第24弾,2024/12/20,パークドーム熊本　受付兼事務所,熊本県熊本市東区平山町2972番地,,9:00～21:00 ただし、毎週火曜日（祝日の場合を除く）はお休みです,こちら からご確認ください ※令和8年熊本地震の影響により、配布を一時休止します,https://www.kumamoto-waterworks.jp/,32.839230,130.802295
熊本県,熊本市(D001),http://www.gk-p.jp/wp-content/uploads/mhc/43-100-D-01.jpg,第24弾,2024/12/20,熊本県立総合体育館　事務所,熊本県立総合体育館　事務所,,8:45～20:00 ただし、毎週火曜日（祝日の場合を除く）はお休みです,こちら からご確認ください ※令和8年熊本地震の影響により、配布を一時休止します,https://www.kumamoto-waterworks.jp/,32.814301,130.701789
熊本県,熊本市(E001),http://www.gk-p.jp/wp-content/uploads/mhc/43-100-E-01.jpg,第24弾,2024/12/20,ナースパワーアリーナ（熊本市総合体育館・青年会館）受付,熊本県熊本市中央区出水2-7-1,,9：00～21：00 ただし、毎週月曜日（祝日の場合は翌平日）と年末年始（12/29～1/3）はお休みです,こちら からご確認ください ※令和8年熊本地震の影響により、配布を一時休止します,https://www.kumamoto-waterworks.jp/,32.785132,130.736508
熊本県,熊本市(F001),http://www.gk-p.jp/wp-content/uploads/mhc/43-100-F-01.jpg,第24弾,2024/12/20,熊本県民総合運動公園　受付兼事務所,【平日・土日】熊本県民総合運動公園　受付兼事務所,,①9:00～21:00 ただし、毎週火曜日(祝日の場合を除く)はお休みです ②9:00～17:00 ただし、年末年始（12/29〜1/3）はお休みです,こちら からご確認ください ※令和8年熊本地震の影響により、配布を一時休止します,https://www.kumamoto-waterworks.jp/,32.842744,130.794711
熊本県,熊本市(G001),http://www.gk-p.jp/wp-content/uploads/mhc/43-100-G-01.jpg,第25弾,2025/04/25,パークドーム熊本　受付兼事務所,熊本県熊本市東区平山町2972番地,,9:00～21:00 ただし、毎週火曜日（祝日の場合を除く）はお休みです,こちら からご確認ください ※令和8年熊本地震の影響により、配布を一時休止します,https://www.kumamoto-waterworks.jp/waterworks_article/19974/,32.839245,130.802528
熊本県,熊本市(H001),http://www.gk-p.jp/wp-content/uploads/mhc/43-100-H-01.jpg,第25弾,2025/04/25,熊本県立総合体育館　事務所,熊本県立総合体育館　事務所,,8:45～20:00 ただし、毎週火曜日（祝日の場合を除く）はお休みです,こちら からご確認ください ※令和8年熊本地震の影響により、配布を一時休止します,https://www.kumamoto-waterworks.jp/waterworks_article/19974/,32.814340,130.701516
熊本県,熊本市(I001),http://www.gk-p.jp/wp-content/uploads/mhc/43-100-I-01.jpg,第25弾,2025/04/25,ナースパワーアリーナ（熊本市総合体育館・青年会館）受付,熊本県熊本市中央区出水2-7-1,,9：00～21：00 ただし、毎週月曜日（祝日の場合は翌平日）と年末年始（12/29～1/3）はお休みです,こちら からご確認ください ※令和8年熊本地震の影響により、配布を一時休止します,https://www.kumamoto-waterworks.jp/waterworks_article/19974/,32.785107,130.736508
熊本県,熊本市(J001),http://www.gk-p.jp/wp-content/uploads/mhc/43-100-J-01.jpg,第25弾,2025/04/25,熊本県民総合運動公園　受付兼事務所,【平日・土日】熊本県民総合運動公園　受付兼事務所,,①9:00～21:00 ただし、毎週火曜日(祝日の場合を除く)はお休みです ②9:00～17:00 ただし、年末年始（12/29〜1/3）はお休みです,こちら からご確認ください ※令和8年熊本地震の影響により、配布を一時休止します,https://www.kumamoto-waterworks.jp/waterworks_article/19974/,32.842548,130.784220
熊本県,熊本市(K001),http://www.gk-p.jp/wp-content/uploads/mhc/43-100-K-01.jpg,第27弾,2025/12/19,花畑広場サービス棟,熊本県熊本市中央区花畑町7-7,,10:00～18:00 ただし、年末年始(12/31～1/4)はお休みです,こちら からご確認ください ※令和8年熊本地震の影響により、配布を一時休止します,https://www.kumamoto-waterworks.jp/waterworks_article/19974/,32.799541,130.704874
熊本県,熊本市(L001),http://www.gk-p.jp/wp-content/uploads/mhc/43-100-L-01.jpg,第28弾,2026/04/24,水前寺競技場　事務所,熊本県熊本市中央区水前寺5丁目23－3,,8:30～18:00,こちら からご確認ください ※令和8年熊本地震の影響により、配布を一時休止します,https://www.kumamoto-waterworks.jp/,32.794460,130.740615
熊本県,八代市(A001),http://www.gk-p.jp/wp-content/uploads/mhc/43-202-A-01.jpg,第07弾,2018/04/28,八代市水処理センター,八代市新港町3-1（管理棟2階）,,9：00～17：00 ただし、年末年始（12/29～1/3）はお休みです ※施設を見学される場合は、事前に予約が必要です,0965-33-4458までお問い合わせください,,32.529390,130.554447
熊本県,八代市(B001),http://www.gk-p.jp/wp-content/uploads/mhc/43-202-B-01.jpg,第14弾,2021/04/25,八代市下水道建設課,熊本県八代市松江城町1-25（八代市役所5階）,,【平日】9:00～17:00 【土日祝】9:00～17:00 ただし、年末年始（12月29日～1月3日）はお休みです ※施設を見学をされる場合は事前に予約が必要です,こちら からご確認ください,http://www.city.yatsushiro.lg.jp/kiji00314492/index.html,32.508794,130.602844
熊本県,荒尾市,http://www.gk-p.jp/wp-content/uploads/mhc/43-204-A-01.jpg,第11弾,2019/12/14,荒尾市企業局,熊本県荒尾市増永1903番地,,【平日】9:00～17:00 【土日祝】9:30～17:00 ただし、年末年始はお休みです,こちら からご確認ください,https://www.city.arao.lg.jp/oshirase/machi-wadai/page14159.html,32.976085,130.452130
熊本県,水俣市,http://www.gk-p.jp/wp-content/uploads/mhc/43-205-A-01.jpg,第13弾,2020/12/17,道の駅 木のおもちゃ館 きらら,熊本県水俣市月浦54-162,,10：00～16：00 ただし、毎週水曜日、年末年始はお休みです,こちら からご確認ください,http://www.minamata-waterworks.jp,32.199111,130.381833
熊本県,玉名市,http://www.gk-p.jp/wp-content/uploads/mhc/43-206-A-01.jpg,第05弾,2017/08/01,観光ほっとプラザ たまララ,熊本県玉名市両迫間308,,9：00～19：00（年中無休）,0968-75-1144までお問い合わせください,,32.942317,130.573899
熊本県,宇城市,http://www.gk-p.jp/wp-content/uploads/mhc/43-213-A-01.jpg,第15弾,2021/08/17,宇城市役所上下水道窓口,熊本県宇城市松橋町大野85番地,,【平日】8：30～17：15 【休日】9：00～17：00 ただし、年始（1月1～4日)はお休みです,こちら からご確認ください,https://www.city.uki.kumamoto.jp/kankobunka/sonota_kanko/2028057,32.646411,130.683885
熊本県,和水町,http://www.gk-p.jp/wp-content/uploads/mhc/43-369-A-01.jpg,第08弾,2018/08/11,道の駅きくすい 菊水ロマン館,熊本県玉名郡和水町江田455番地,,9：00～17：00 ただし、年末年始はお休みです,こちら からご確認ください,https://www.town.nagomi.lg.jp/soshiki/kensetsu/kurashi/3_2162/,32.973298,130.602239
熊本県,益城町,http://www.gk-p.jp/wp-content/uploads/mhc/43-443-A-01.jpg,第25弾,2025/04/25,益城町役場,熊本県上益城郡益城町大字宮園702,,8：30～17：00,こちら からご確認ください,https://www.town.mashiki.lg.jp/kiji0037336/index.html,32.791446,130.816550
熊本県,益城町(B001),http://www.gk-p.jp/wp-content/uploads/mhc/43-443-B-01.jpg,第29弾,2026/07/31,益城町交流情報センターミナテラス,熊本県上益城郡益城町大字木山236,,※令和8年熊本地震の影響により、令和8年7月31日から予定していた配布開始を延期します 8:30～12:00、13:00～17:00,こちら からご確認ください ※令和8年熊本地震の影響により、令和8年7月31日から予定していた配布開始を延期します,https://www.town.mashiki.lg.jp/default.html,32.786339,130.822941
熊本県,苓北町,http://www.gk-p.jp/wp-content/uploads/mhc/43-531-A-01.jpg,第07弾,2018/04/28,富岡港船客待合所,熊本県天草郡苓北町富岡2711-47,（問い合わせ先）苓北町役場 水道環境課電話：0969-35-1111,9：00～17：00（年中無休） ただし、荒天等による施設閉鎖等の際はお休みです,0969-35-1111までお問い合わせください,,32.522972,130.034911
大分県,大分市(A001),http://www.gk-p.jp/wp-content/uploads/mhc/44-201-A-01.jpg,第08弾,2018/08/11,大分市観光案内所,大分県大分市要町1-1（JR大分駅構内）,,8：30～19：00 ただし、年末年始（12/31～1/2）は8：30～17：00,こちら からご確認ください,https://www.city.oita.oita.jp/o223/kurashi/suidogesuido/manhoruhaihu.html,33.232991,131.605048
大分県,大分市(B001),http://www.gk-p.jp/wp-content/uploads/mhc/44-201-B-01.jpg,第20弾,2023/07/28,①大分市竹町通商店街振興組合,大分市中央町3丁目6番7号,,①【月～土】9：00～18：00 【※12/30】9：00～12：00 【※1/2～1/3、8/13～8/15】10：00～17：00 ただし※が日曜日にあたる場合は②で配布します。 ②【日・祝】8：30～19：00 【12/31～1/1】8：30～17：00,こちら からご確認ください,https://www.city.oita.oita.jp/o223/kurashi/suidogesuido/manhoruhaihu.html,33.238117,131.604417
大分県,大分市(C001),http://www.gk-p.jp/wp-content/uploads/mhc/44-201-C-01.jpg,第21弾,2023/12/15,大分県立美術館ミュージアムショップ「PortoPorta（ポルトポルタ）」,大分県立美術館ミュージアムショップ「PortoPorta（ポルトポルタ）」,,【月～木・日】10：00～19：00 【金・土】10：00～20：00 ※館内点検等による臨時休館がありますので、 大分県立美術館ホームページ をご確認ください。,こちら からご確認ください,https://www.city.oita.oita.jp/o223/kurashi/suidogesuido/manhoruhaihu.html,33.239323,131.601361
大分県,大分市(D001),http://www.gk-p.jp/wp-content/uploads/mhc/44-201-D-01.jpg,第26弾,2025/07/25,大分市美術館,大分県大分市大字上野865番地,,10:00～17:30 ただし、下記はお休みです ・毎週月曜日（祝日の場合はその翌日） ※第1月曜日は開館し、翌日の火曜日が休館（ただし、特別展会期中の火曜日は開館） ・年末年始（12月28日～1月4日） ・臨時休館日※ 大分市美術館ホームページ をご確認ください,こちら からご確認ください,https://www.city.oita.oita.jp/o223/kurashi/suidogesuido/manhoruhaihu.html,33.223468,131.602166
大分県,別府市,http://www.gk-p.jp/wp-content/uploads/mhc/44-202-A-01.jpg,第25弾,2025/04/25,WANDER COMPASS BEPPU(ワンダーコンパス別府),大分県別府市駅前町12番13号えきマチ1丁目 別府BIS南館内,,8:45～18:00（年末年始は時間が変わる場合があります）,こちら からご確認ください,https://www.city.beppu.oita.jp/suido/05jigyo/anniversary3/index.html,33.279164,131.499951
大分県,中津市,http://www.gk-p.jp/wp-content/uploads/mhc/44-203-A01.jpg,第17弾,2022/08/06,福澤諭吉旧居・福澤記念館,大分県中津市留守居町586,,9：00～16：30 ただし、12/31はお休みです,こちら からご確認ください,https://www.city-nakatsu.jp/doc/2024010900080/,33.607299,131.191126
大分県,佐伯市,http://www.gk-p.jp/wp-content/uploads/mhc/44-205-A-01.jpg,第05弾,2017/08/01,佐伯市城下町観光交流館,大分県佐伯市城下東町8-19,,9：00～18：00 ただし、年末年始（12/31～1/3）はお休みです,こちら からご確認ください,https://www.city.saiki.oita.jp/kiji0033285/index.html,32.960766,131.893908
大分県,豊後高田市(A001),http://www.gk-p.jp/wp-content/uploads/mhc/44-209-A-01.jpg,第28弾,2026/04/24,「豊後高田昭和の町」観光案内所,大分県豊後高田市新町989－1,,【平日】10:00～17:00 【土日祝】9:00～17:00 ただし、閉館日はお休みです,こちら からご確認ください,https://www.city.bungotakada.oita.jp/site/showanomachi/42349.html,33.557757,131.438754
大分県,杵築市,http://www.gk-p.jp/wp-content/uploads/mhc/44-210-A-01.jpg,第12弾,2020/04/25,杵築ふるさと産業館,大分県杵築市大字杵築北浜665-172,,9：30～17：30 ただし、12月31日～1月2日はお休みです,こちら からご確認ください,https://www.city.kitsuki.lg.jp/soshiki/1/suidou/gesui/ka-do/6439.html,33.418628,131.622268
大分県,日出町,http://www.gk-p.jp/wp-content/uploads/mhc/44-341-A-01.jpg,第10弾,2019/08/07,二の丸館（にのまるやかた）・日出町観光案内所,二の丸館（にのまるやかた）・日出町観光案内所,,8：30～17：00 ※ただし、年末年始（12/29～1/3）は日出町役場時間外受付窓口で配布,こちら からご確認ください,https://www.town.hiji.lg.jp/kurashi_tetsuzuki/ue_gesuido/gesuidou/491.html,33.368488,131.531454
宮崎県,宮崎市(A001),http://www.gk-p.jp/wp-content/uploads/mhc/45-201-A-01.jpg,第03弾,2016/12/01,宮崎市上下水道局３階 下水道整備課,宮崎県宮崎市鶴島3-252,【平日夜間・土日・祝日】宮崎市上下水道局２階 料金センター宮崎県宮崎市鶴島3-252電話：0985-60-6500,【平日昼間】8：45～16：30 【平日夜間】16：30～20：00 【土日・祝日】8：30～17：00 ※ただし、12/29～12/31は17：00まで。1/1～1/3はお休みです。 配布窓口が【平日昼間】と【平日夜間・土日・祝日】で異なりますのでご注意ください。,こちら からご確認ください,https://www.city.miyazaki.miyazaki.jp/suidou/summary/sewer/393623.html,31.915191,131.406700
宮崎県,宮崎市(B001),http://www.gk-p.jp/wp-content/uploads/mhc/45-201-B-01.jpg,第24弾,2024/12/20,宮崎市下水道施設課（宮崎処理場内）,宮崎県宮崎市高洲町10番地,,【平日昼間】8：45～16：30 【平日夜間】16：30～20：00 【土日・祝日】8：30～17：00 ※ただし、12/29～12/31は17：00まで。1/1～1/3はお休みです。 配布場所が【平日昼間】と【平日夜間・土日・祝日】で異なりますのでご注意ください。,こちら からご確認ください,https://www.city.miyazaki.miyazaki.jp/suidou/summary/sewer/393623.html,31.899680,131.450812
宮崎県,小林市,http://www.gk-p.jp/wp-content/uploads/mhc/45-205-A-01.jpg,第25弾,2025/04/25,宮崎県小林市役所上下水道課,宮崎県小林市役所上下水道課,,【平日】8：30～17：15 【土日祝日】9：00～17：00 ただし、年末年始はお休みです,こちら からご確認ください,https://www.city.kobayashi.lg.jp/soshikikarasagasu/jogesuidokyokujogesuidoka/gesuido/9689.html,31.996843,130.972779
宮崎県,日向市,http://www.gk-p.jp/wp-content/uploads/mhc/45-206-A-01.jpg,第18弾,2023/01/28,日向市役所上下水道局下水道課(別館 健康管理センター1階),日向市役所上下水道局下水道課(別館 健康管理センター1階),,【平日】8：45～16：30 【土日祝日】8：30～17：30 ただし、12月31日・1月1日はお休みです。,こちら からご確認ください,https://www.hyugacity.jp/display.php?cont=230124152347,32.421842,131.623771
鹿児島県,鹿児島市(A001),http://www.gk-p.jp/wp-content/uploads/mhc/46-201-A-01.jpg,第08弾,2018/08/11,鹿児島市水道局本庁舎,鹿児島県鹿児島市鴨池新町1-10,,【平日】8:45～20:00 【休日】8:30～17:15,こちら からご確認ください,https://www.city.kagoshima.lg.jp/suido/gesuido/geken/manholecard.html,31.560946,130.555400
鹿児島県,鹿児島市(B001),http://www.gk-p.jp/wp-content/uploads/mhc/46-201-B-01.jpg,第12弾,2020/04/25,観光交流センター,鹿児島市上之園町１－１,,9:00～18:00(年中無休),こちら からご確認ください,https://www.city.kagoshima.lg.jp/suido/gesuido/geken/manholecard.html,31.590032,130.554173
鹿児島県,鹿児島市(C001),http://www.gk-p.jp/wp-content/uploads/mhc/46-201-C01.jpg,第17弾,2022/08/06,鹿児島市観光案内所（天文館）,鹿児島県鹿児島市千日町1番1号センテラス天文館1階,,9:00～19:00（年中無休）,こちら からご確認ください,https://www.city.kagoshima.lg.jp/suido/gesuido/geken/manholecard.html,31.583955,130.547342
鹿児島県,鹿屋市,http://www.gk-p.jp/wp-content/uploads/mhc/46-203-A-01.jpg,第20弾,2023/07/28,鹿屋市観光物産総合センター,鹿児島県鹿屋市西原3丁目11-1,,9：00～16：00 ただし、年末年始（12/29～1/3）はお休みです,こちら からご確認ください,https://www.city.kanoya.lg.jp/gekensetsu/manho-ruka-do.html,31.382171,130.836729
鹿児島県,枕崎市,http://www.gk-p.jp/wp-content/uploads/mhc/46-204-A-01.jpg,第12弾,2020/04/25,枕崎駅前観光案内所,鹿児島県枕崎市東本町200,,8：30～17：15,こちら からご確認ください,https://www.city.makurazaki.lg.jp/soshiki/suidou/13884.html,31.272621,130.298609
鹿児島県,出水市,http://www.gk-p.jp/wp-content/uploads/mhc/46-208-A-01.jpg,第23弾,2024/07/26,出水市ツル博物館クレインパークいずみ,鹿児島県出水市文化町1000,,9:00～16:30 ただし、4月〜10月：毎週月曜日（祝日の時は翌日） 11月〜3月：無休,こちら からご確認ください,https://www.izumi-navi.jp/news/post-2802/,32.098132,130.343496
鹿児島県,指宿市,http://www.gk-p.jp/wp-content/uploads/mhc/46-210-A-01.jpg,第08弾,2018/08/11,指宿市考古博物館 時遊館COCCOはしむれ,鹿児島県指宿市十二町2290,,9：00～17：00 ただし、月曜日（祝日の場合はその翌日）、第4水曜日、年末年始（12/29～1/3）はお休みです,こちら からご確認ください,https://www.city.ibusuki.lg.jp/main/kyosei/seikatsu/page013512.html,31.232064,130.644209
鹿児島県,薩摩川内市(A001),http://www.gk-p.jp/wp-content/uploads/mhc/46-215-A-01.jpg,第11弾,2019/12/14,川内駅観光案内所,鹿児島県薩摩川内市鳥追町1番1号,,9:00～17:00 年中無休,こちら からご確認ください,https://www.city.satsumasendai.lg.jp/soshiki/1002/1/3/4/1749.html,31.813562,130.312452
鹿児島県,薩摩川内市(B001),http://www.gk-p.jp/wp-content/uploads/mhc/46-215-B-01.jpg,第29弾,2026/07/31,下甑島観光案内所,鹿児島県薩摩川内市下甑町長浜913番4,,8:00～17:30,こちら からご確認ください,https://www.city.satsumasendai.lg.jp/soshiki/1002/1/3/4/1749.html,31.702202,129.738537
鹿児島県,日置市,http://www.gk-p.jp/wp-content/uploads/mhc/46-216-A-01.jpg,第06弾,2017/12/09,日置市観光協会,鹿児島県日置市伊集院町徳重285-12,,9：00～17：00 ただし、年末年始（12/31～1/3）はお休みです,099-248-7380までお問い合わせください,,31.629676,130.396676
鹿児島県,霧島市(A001),http://www.gk-p.jp/wp-content/uploads/mhc/46-218-A-01.jpg,第08弾,2018/08/11,国分シビックセンター1階総合窓口,鹿児島県霧島市国分中央3-45-1,,8：15～17：00 ただし、年末年始（12/29～1/3）はお休みです,こちら からご確認ください。,https://www.city-kirishima.jp/gesuidou/20180726.html,31.740778,130.763603
鹿児島県,霧島市(B001),http://www.gk-p.jp/wp-content/uploads/mhc/46-218-B-01.jpg,第14弾,2021/04/25,霧島温泉観光案内所,霧島市牧園町高千穂3878-114,,9：00～17：00 ただし、年末年始(12/29～1/3)はお休みです,こちら からご確認ください,https://www.city-kirishima.jp/gesuidou/20180726.html,31.892781,130.826636
鹿児島県,霧島市(C001),http://www.gk-p.jp/wp-content/uploads/mhc/46-218-C-01.jpg,第22弾,2024/04/26,隼人市民サービスセンター 2階下水道工務課,鹿児島県霧島市隼人町内山田一丁目11番11号,,【平日】8:15～17:00 【休日】9:00～17:00 ただし、12月29日から翌年の1月3日まではお休みです,こちら からご確認ください,https://www.city-kirishima.jp/gesuidou/20180726.html,31.743746,130.737059
鹿児島県,南さつま市,http://www.gk-p.jp/wp-content/uploads/mhc/46-220-A-01.jpg,第18弾,2023/01/28,観光物産交流施設「きやったもんせ南さつま」,鹿児島県南さつま市加世田本町43番地9,,10：00～17：00 ただし、月曜日と年末年始はお休みです。,0993-76-1627までお問い合わせください,,31.418474,130.319573
鹿児島県,奄美市(A001),http://www.gk-p.jp/wp-content/uploads/mhc/46-222-A-01.jpg,第07弾,2018/04/28,奄美市AiAiひろば 観光交流センター,鹿児島県奄美市名瀬末広町14-10,,9:00～20:00 ただし、年始（1/1）はお休みです,0997-52-1778までお問い合わせください,,28.377451,129.495929
鹿児島県,奄美市(B001),http://www.gk-p.jp/wp-content/uploads/mhc/46-222-B-01.jpg,第21弾,2023/12/15,奄美市立奄美博物館,鹿児島県奄美市名瀬長浜町517番地,,9：00～16：30 ただし、第3月曜日、年末年始（12月28日～1月1日）はお休みです,こちら からご確認ください,https://www.city.amami.lg.jp/gesui/mhcard/01.html,28.398284,129.494507
鹿児島県,徳之島町,http://www.gk-p.jp/wp-content/uploads/mhc/46-530-A01.jpg,第16弾,2022/01/15,徳之島町役場建設課,鹿児島県大島郡徳之島町亀津7203番地,,8：30～17：15 ただし、年末年始はお休みです,こちら からご確認ください,https://www.tokunoshima-town.org/kensetsuka/mannhorukado.html,27.726599,129.018680
鹿児島県,知名町,http://www.gk-p.jp/wp-content/uploads/mhc/46-534-A-01.jpg,第06弾,2017/12/09,おきのえらぶ島観光協会,鹿児島県大島郡知名町屋者1029-3,,10：00～17：00 ただし、年末年始はお休みです,こちら からご確認ください,https://www.town.china.lg.jp/soshiki/1014/3/761.html,27.354773,128.598510
沖縄県,沖縄県（流域下水道・A001）,http://www.gk-p.jp/wp-content/uploads/mhc/47-000-A-01.jpg,第02弾,2016/08/01,沖縄観光情報センター,沖縄県那覇市泉﨑1-20ｰ6カフーナ旭橋A街区2階,,9:00～17:00（年中無休）,こちら からご確認ください,https://www.pref.okinawa.lg.jp/site/doboku/gesui/kokyo/manho-ruka-do/20230323_nami.html,26.211562,127.676733
沖縄県,沖縄県(流域下水道・B001),http://www.gk-p.jp/wp-content/uploads/mhc/47-000-B01.jpg,第16弾,2022/01/15,首里城首里杜館総合案内所,沖縄県那覇市首里金城町１－２,,8:00～19:30（4～6月､10月､11月） 8:00～20:30（7～9月） 8:00～18:30（12～3月） （7月の第1水曜日とその翌日は休み）,こちら からご確認ください,https://www.pref.okinawa.jp/site/doboku/gesui/kokyo/manho-ruka-do/20211220_syurijo.html,26.218244,127.715333
沖縄県,那覇市(A001),http://www.gk-p.jp/wp-content/uploads/mhc/47-201-A-01.jpg,第08弾,2018/08/11,まちぐゎー総合案内所(那覇市第一牧志公設市場1F),まちぐゎー総合案内所(那覇市第一牧志公設市場1F),,9：00～20：00 ただし1月1日はお休みです,こちら からご確認ください,https://www.city.naha.okinawa.jp/water/index.html,26.214673,127.688307
沖縄県,那覇市(B001),http://www.gk-p.jp/wp-content/uploads/mhc/47-201-B-01.jpg,第13弾,2020/12/17,一般財団法人那覇市観光協会 「那覇市観光案内所」,一般財団法人那覇市観光協会 「那覇市観光案内所」,,9:00～18:30 ただし年末年始(12/31〜1/2)はお休みです,こちら からご確認ください,https://www.city.naha.okinawa.jp/water/suidoukyoku/1006831/1006848/1006854/1007009.html,26.216119,127.689273
沖縄県,宜野湾市(A001),http://www.gk-p.jp/wp-content/uploads/mhc/47-205-A-01.jpg,第18弾,2023/01/28,宜野湾市立博物館,沖縄県宜野湾市真志喜1-25-1,,【火曜日以外】9:00～17:00 火曜日、年末年始・祝日、その他に臨時休館日はお休みです 【火曜日】9:00～17:00 年末年始・祝日はお休みです,こちら からご確認ください,https://www.city.ginowan.lg.jp/soshiki/suido/13408.html,26.269820,127.740585
沖縄県,宜野湾市(B001),http://www.gk-p.jp/wp-content/uploads/mhc/47-205-B-01.jpg,第21弾,2023/12/15,宜野湾市立体育館,沖縄県宜野湾市真志喜4丁目2-1,,【火曜日以外】9：00～17：00 ただし、年末年始はお休みです 【火曜日】9：00～17：00 ただし、祝日及び年末年始はお休みです,こちら からご確認ください,https://www.city.ginowan.lg.jp/soshiki/suido/13408.html,26.280219,127.735876
沖縄県,名護市（A001),http://www.gk-p.jp/wp-content/uploads/mhc/47-209-A-01.jpg,第06弾,2017/12/09,名護市営市場,沖縄県名護市城1-4-11,,9：00～17：00（年中無休）,こちら からご確認ください,https://www.city.nago.okinawa.jp/soshiki/kankyousuidou-nav/2021060400010/,26.589330,127.983933
沖縄県,名護市（B001),http://www.gk-p.jp/wp-content/uploads/mhc/47-209-B-01.jpg,第12弾,2020/04/25,公益財団法人 名護市観光協会,沖縄県名護市大中1-19-24 名護市産業支援センター1階,,【平日】9:00～17:00 【土日・祝日】10:00～17:00 ただし、1/1～1/3はお休みです,こちら からご確認ください,https://www.city.nago.okinawa.jp/soshiki/kankyousuidou-nav/2021060400010/,26.590614,127.985441
沖縄県,名護市(C001),http://www.gk-p.jp/wp-content/uploads/mhc/47-209-C-01.jpg,第13弾,2020/12/17,名護市環境水道部経営課　料金窓口,沖縄県名護市港一丁目１番１号,,【平日】9：00～17：00 【土日祝日】10：00～17：00 ただし、1/1～1/3はお休みです,こちら からご確認ください,http://www.city.nago.okinawa.jp/soshiki/kankyousuidou/keiei/,26.591520,127.977383
沖縄県,沖縄市,http://www.gk-p.jp/wp-content/uploads/mhc/47-211-A-01.jpg,第12弾,2020/04/25,コザ・ミュージックタウン内　エイサー会館,沖縄県沖縄市上地１丁目１番１号,,エイサー会館の営業時間内に配布します。 開館時間：10:00 終了時間：時期により異なりますので、エイサー会館HP、またはお電話にてご確認ください。 ただし、水曜日（休日の場合は翌平日）と年末年始(12/31-1/1）はお休みです,こちら からご確認ください,https://www.city.okinawa.okinawa.jp/about/2749127673,26.335035,127.799394
沖縄県,うるま市,http://www.gk-p.jp/wp-content/uploads/mhc/47-213-A-01.jpg,第27弾,2025/12/19,うるま市観光案内所（あまわりパーク観光ターミナル）,沖縄県うるま市勝連南風原3807-2,,9:00～17:30 ただし、臨時休館日はお休みです,こちら からご確認ください,https://www.city.uruma.lg.jp/6001004000/contents/p000076.html,26.369286,127.840385
沖縄県,宮古島市(A001),http://www.gk-p.jp/wp-content/uploads/mhc/47-214-A-01.jpg,第29弾,2026/07/31,宮古島市 下水道課,沖縄県宮古島市平良字西仲宗根565-6,,【平日】9:00～17:00 【土日】10:00～17:30 ただし、祝日、閉館日、年末年始はお休みです,こちら からご確認ください,https://www.city.miyakojima.lg.jp/soshiki/shityo/kankyoueisei/gesuidou/oshirase/2026-0527-1411-318.html,24.813689,125.295113
沖縄県,本部町,http://www.gk-p.jp/wp-content/uploads/mhc/47-308-A-01.jpg,第26弾,2025/07/25,もとぶかりゆし市場,沖和県国頭郡本部町字大浜881-1,,"9:00～18:00 ただし、12月31日は15:00まで、1月1,2,3日は休みです",こちら からご確認ください,https://www.town.motobu.okinawa.jp/doc/2025071500028/,26.657795,127.885225
沖縄県,宜野座村,http://www.gk-p.jp/wp-content/uploads/mhc/47-313-A-01.jpg,第18弾,2023/01/28,道の駅「ぎのざ」宜野座村観光拠点施設1F観光案内所,宜野座村観光拠点施設1F観光案内所,,9：15～17：30 ただし、施設メンテナンスや台風時は臨時休館します,こちら からご確認ください,https://mitinoeki-ginoza.com/,26.493371,127.941375
沖縄県,北谷町(A001),http://www.gk-p.jp/wp-content/uploads/mhc/47-326-A-01.jpg,第07弾,2018/04/28,北谷町観光情報センター,沖縄県中頭郡北谷町字美浜16-3,（問い合わせ先）北谷町上下水道部 上下水道課電話：098-982-7713,9:00～18:00 ただし、年末年始（12/29～1/3）はお休みです,こちら からご確認ください,http://www.chatan.jp/seikatsuguide/jogesuido/gesuido/manholecard.html,26.315836,127.757707
沖縄県,北谷町(B001),http://www.gk-p.jp/wp-content/uploads/mhc/47-326-B01.jpg,第16弾,2022/01/15,北谷町上下水道庁舎内下水道係カウンター,沖縄県中頭郡北谷町桑江1-1-2,,【平日】8:30～17:15 （12:00～13:00を除く） 【土日】9:00～17:00 ※博物館の臨時休館日についてはHPをご確認ください ※年末年始（12/29～1/3）はお休みです 【祝日】9:00～18:00 ただし、年末年始（12/29～1/3）はお休みです,こちら からご確認ください,http://www.chatan.jp/seikatsuguide/jogesuido/gesuido/gesui50thanniv/manholecard2021.html,26.320571,127.762671
沖縄県,中城村,http://www.gk-p.jp/wp-content/uploads/mhc/47-328-A-01.jpg,第05弾,2017/08/01,中城城跡共同管理協議会,沖縄県中頭郡北中城村字大城503,,【10～4月】8：30～17：00 【5～9月】8：30～18：00,こちら からご確認ください,https://www.vill.nakagusuku.okinawa.jp/detail.jsp?id=83873&type=TopicsTopPage&funcid=2,26.285650,127.803293
